{
"skeleton": { "hash": "++vpzNfITu1zUfqfEgMmmQ01WpU", "spine": "2.1.27", "width": 83.24, "height": 129.82 },
"bones": [
	{ "name": "root" },
	{ "name": "portaly_0_", "parent": "root", "x": 30.22, "y": 133.35 },
	{ "name": "portaly_longtou_", "parent": "root", "x": -0.51, "y": 161.81 },
	{ "name": "portalz_0_", "parent": "root", "x": -29.39, "y": 104.78 }
],
"slots": [
	{ "name": "portaly_0_", "bone": "portaly_0_", "attachment": "portaly_5_", "blend": "additive" },
	{ "name": "portalz_0_", "bone": "portalz_0_", "attachment": "portalz_5_", "blend": "additive" },
	{ "name": "portaly_longtou_", "bone": "portaly_longtou_", "attachment": "portaly_longtou_" }
],
"skins": {
	"default": {
		"portaly_0_": {
			"portaly_0_": { "x": -14.58, "y": -2.3, "width": 60, "height": 60 },
			"portaly_1_": { "x": -14.08, "y": -1.8, "width": 61, "height": 61 },
			"portaly_2_": { "x": -14.08, "y": -2.3, "width": 63, "height": 56 },
			"portaly_3_": { "x": -12.58, "y": -1.3, "width": 60, "height": 56 },
			"portaly_4_": { "x": -13.08, "y": 1.19, "width": 57, "height": 61 },
			"portaly_5_": { "x": -15.15, "y": 11.27, "width": 57, "height": 53 }
		},
		"portaly_longtou_": {
			"portaly_longtou_": { "x": -6.34, "y": 13.22, "width": 59, "height": 106 }
		},
		"portalz_0_": {
			"portalz_0_": { "x": 16.03, "y": 39.26, "width": 76, "height": 130 },
			"portalz_1_": { "x": 17.53, "y": 37.26, "width": 73, "height": 132 },
			"portalz_2_": { "x": 19.03, "y": 37.26, "width": 70, "height": 134 },
			"portalz_3_": { "x": 20.03, "y": 37.26, "width": 68, "height": 132 },
			"portalz_4_": { "x": 23.03, "y": 43.26, "width": 62, "height": 122 },
			"portalz_5_": { "x": 20.22, "y": 53.93, "width": 61, "height": 121 }
		}
	}
},
"animations": {
	"animation": {
		"slots": {
			"portaly_0_": {
				"attachment": [
					{ "time": 0, "name": "portaly_0_" },
					{ "time": 0.1666, "name": "portaly_1_" },
					{ "time": 0.3666, "name": "portaly_2_" },
					{ "time": 0.5333, "name": "portaly_3_" },
					{ "time": 0.7333, "name": "portaly_4_" },
					{ "time": 0.9, "name": "portaly_5_" }
				]
			},
			"portalz_0_": {
				"attachment": [
					{ "time": 0, "name": "portalz_0_" },
					{ "time": 0.1666, "name": "portalz_1_" },
					{ "time": 0.3666, "name": "portalz_2_" },
					{ "time": 0.5333, "name": "portalz_3_" },
					{ "time": 0.7333, "name": "portalz_4_" },
					{ "time": 0.9, "name": "portalz_5_" }
				]
			}
		},
		"bones": {
			"portalz_0_": {
				"translate": [
					{ "time": 0, "x": -3.26, "y": 12.26 }
				]
			},
			"portaly_0_": {
				"translate": [
					{ "time": 0, "x": 0, "y": 14.07 }
				]
			},
			"portaly_longtou_": {
				"rotate": [
					{ "time": 0, "angle": 0, "curve": "stepped" },
					{ "time": 0.9, "angle": 0 }
				],
				"translate": [
					{ "time": 0, "x": 0, "y": 0 },
					{ "time": 0.4666, "x": 0, "y": -0.92 },
					{ "time": 0.9, "x": 0, "y": 0 }
				],
				"scale": [
					{ "time": 0, "x": 1, "y": 1, "curve": "stepped" },
					{ "time": 0.9, "x": 1, "y": 1 }
				]
			}
		},
		"drawOrder": [
			{
				"time": 0,
				"offsets": [
					{ "slot": "portalz_0_", "offset": 1 }
				]
			}
		]
	}
}
}