{
"skeleton": { "hash": "hrFfVW0qSaLwtr3J7vLZPPGwcNM", "spine": "2.1.27", "width": 0, "height": 0 },
"bones": [
	{ "name": "root", "y": -20.67 }
],
"slots": [
	{ "name": "sj_sl_toukui_dj_0_", "bone": "root", "attachment": "sj_sl_toukui_dj_5_" },
	{ "name": "sj_sl_toukui_gj_0_", "bone": "root", "attachment": "sj_sl_toukui_gj_5_" },
	{ "name": "sj_sl_youbi_dj_0_", "bone": "root", "attachment": "sj_sl_youbi_dj_5_" },
	{ "name": "sj_sl_youbi_gj_0_", "bone": "root", "attachment": "sj_sl_youbi_gj_5_" },
	{ "name": "sj_sl_zuobi_dj_0_", "bone": "root", "attachment": "sj_sl_zuobi_dj_5_" },
	{ "name": "sj_sl_zuobi_gj_0_", "bone": "root", "attachment": "sj_sl_zuobi_gj_5_" },
	{ "name": "siwang_0_", "bone": "root", "attachment": "siwang_6_" },
	{ "name": "sj_s_qianseshenti_gj_0_", "bone": "root" },
	{ "name": "sj_s_qianseshenti_dj_0_", "bone": "root" }
],
"skins": {
	"default": {
		"siwang_0_": {
			"siwang_0_": { "x": 27.99, "y": 78.53, "width": 101, "height": 124 },
			"siwang_1_": { "x": 27.99, "y": 72.53, "width": 119, "height": 138 },
			"siwang_2_": { "x": 28.99, "y": 68.53, "width": 129, "height": 140 },
			"siwang_3_": { "x": 10.49, "y": 64.53, "width": 162, "height": 140 },
			"siwang_4_": { "x": 10.49, "y": 65.53, "width": 164, "height": 142 },
			"siwang_5_": { "x": 7.49, "y": 61.53, "width": 158, "height": 152 },
			"siwang_6_": { "x": 18.99, "y": 24.53, "width": 97, "height": 60 }
		},
		"sj_s_qianseshenti_dj_0_": {
			"sj_s_qianseshenti_dj_0_": { "x": 16.49, "y": 72.03, "width": 148, "height": 107 },
			"sj_s_qianseshenti_dj_1_": { "x": 17.49, "y": 69.03, "width": 132, "height": 93 },
			"sj_s_qianseshenti_dj_2_": { "x": 17.99, "y": 75.03, "width": 103, "height": 113 },
			"sj_s_qianseshenti_dj_3_": { "x": 23.49, "y": 77.53, "width": 86, "height": 132 },
			"sj_s_qianseshenti_dj_4_": { "x": 12.49, "y": 77.03, "width": 110, "height": 129 }
		},
		"sj_s_qianseshenti_gj_0_": {
			"sj_s_qianseshenti_gj_1_": { "x": 15.49, "y": 76.53, "width": 136, "height": 114 },
			"sj_s_qianseshenti_gj_2_": { "x": 14.49, "y": 71.53, "width": 126, "height": 112 },
			"sj_s_qianseshenti_gj_3_": { "x": -13, "y": 59.53, "width": 119, "height": 92 },
			"sj_s_qianseshenti_gj_4_": { "x": -0.5, "y": 60.53, "width": 118, "height": 120 }
		},
		"sj_sl_toukui_dj_0_": {
			"sj_sl_toukui_dj_0_": { "x": -1, "y": 69.53, "width": 35, "height": 54 },
			"sj_sl_toukui_dj_1_": { "x": 0.99, "y": 70.03, "width": 35, "height": 55 },
			"sj_sl_toukui_dj_2_": { "y": 66.53, "width": 35, "height": 56 },
			"sj_sl_toukui_dj_3_": { "x": -1, "y": 63.03, "width": 35, "height": 55 },
			"sj_sl_toukui_dj_4_": { "x": -1.5, "y": 65.03, "width": 34, "height": 55 },
			"sj_sl_toukui_dj_5_": { "x": -1, "y": 69.53, "width": 35, "height": 54 }
		},
		"sj_sl_toukui_gj_0_": {
			"sj_sl_toukui_gj_0_": { "x": -1, "y": 69.53, "width": 35, "height": 54 },
			"sj_sl_toukui_gj_1_": { "x": -4, "y": 66.03, "width": 33, "height": 47 },
			"sj_sl_toukui_gj_2_": { "x": 1.99, "y": 47.03, "width": 43, "height": 41 },
			"sj_sl_toukui_gj_3_": { "x": -23, "y": 45.53, "width": 35, "height": 28 },
			"sj_sl_toukui_gj_4_": { "x": -10.5, "y": 48.03, "width": 30, "height": 55 },
			"sj_sl_toukui_gj_5_": { "x": -1, "y": 69.53, "width": 35, "height": 54 }
		},
		"sj_sl_youbi_dj_0_": {
			"sj_sl_youbi_dj_0_": { "x": -5.5, "y": 38.53, "width": 14, "height": 14 },
			"sj_sl_youbi_dj_1_": { "x": -6, "y": 39.53, "width": 15, "height": 16 },
			"sj_sl_youbi_dj_2_": { "x": -7.5, "y": 37.03, "width": 14, "height": 15 },
			"sj_sl_youbi_dj_3_": { "x": -9, "y": 34.53, "width": 15, "height": 14 },
			"sj_sl_youbi_dj_4_": { "x": -6.5, "y": 34.53, "width": 16, "height": 14 },
			"sj_sl_youbi_dj_5_": { "x": -5.5, "y": 38.53, "width": 14, "height": 14 }
		},
		"sj_sl_youbi_gj_0_": {
			"sj_sl_youbi_gj_0_": { "x": -5, "y": 38.53, "width": 15, "height": 14 },
			"sj_sl_youbi_gj_1_": { "x": -15.5, "y": 45.53, "width": 14, "height": 18 },
			"sj_sl_youbi_gj_2_": { "x": 17.49, "y": 29.03, "width": 12, "height": 17 },
			"sj_sl_youbi_gj_3_": { "x": -34, "y": 53.03, "width": 19, "height": 19 },
			"sj_sl_youbi_gj_4_": { "x": -22, "y": 23.03, "width": 17, "height": 21 },
			"sj_sl_youbi_gj_5_": { "x": -5, "y": 38.53, "width": 15, "height": 14 }
		},
		"sj_sl_zuobi_dj_0_": {
			"sj_sl_zuobi_dj_0_": { "x": 6.49, "y": 36.03, "width": 22, "height": 21 },
			"sj_sl_zuobi_dj_1_": { "x": 4.49, "y": 37.53, "width": 24, "height": 20 },
			"sj_sl_zuobi_dj_2_": { "x": 5.49, "y": 33.53, "width": 24, "height": 20 },
			"sj_sl_zuobi_dj_3_": { "x": 7.99, "y": 30.03, "width": 23, "height": 21 },
			"sj_sl_zuobi_dj_4_": { "x": 7.49, "y": 31.53, "width": 22, "height": 22 },
			"sj_sl_zuobi_dj_5_": { "x": 6.49, "y": 36.03, "width": 22, "height": 21 }
		},
		"sj_sl_zuobi_gj_0_": {
			"sj_sl_zuobi_gj_0_": { "x": 6.99, "y": 36.03, "width": 23, "height": 21 },
			"sj_sl_zuobi_gj_1_": { "x": 10.99, "y": 35.03, "width": 19, "height": 21 },
			"sj_sl_zuobi_gj_2_": { "x": 29.49, "y": 31.03, "width": 16, "height": 23 },
			"sj_sl_zuobi_gj_3_": { "x": -22.5, "y": 17.53, "width": 14, "height": 6 },
			"sj_sl_zuobi_gj_4_": { "x": 6.49, "y": 19.53, "width": 20, "height": 22 },
			"sj_sl_zuobi_gj_5_": { "x": 6.99, "y": 36.03, "width": 23, "height": 21 }
		}
	}
},
"animations": {
	"dj": {
		"slots": {
			"siwang_0_": {
				"attachment": [
					{ "time": 0, "name": null },
					{ "time": 0.2333, "name": null }
				]
			},
			"sj_s_qianseshenti_dj_0_": {
				"attachment": [
					{ "time": 0, "name": "sj_s_qianseshenti_dj_0_" },
					{ "time": 0.0333, "name": "sj_s_qianseshenti_dj_1_" },
					{ "time": 0.1, "name": "sj_s_qianseshenti_dj_2_" },
					{ "time": 0.1666, "name": "sj_s_qianseshenti_dj_3_" },
					{ "time": 0.2, "name": "sj_s_qianseshenti_dj_4_" },
					{ "time": 0.2333, "name": "sj_s_qianseshenti_dj_0_" }
				],
				"color": [
					{ "time": 0, "color": "f4d9ffff", "curve": "stepped" },
					{ "time": 0.2333, "color": "f4d9ffff" }
				]
			},
			"sj_s_qianseshenti_gj_0_": {
				"attachment": [
					{ "time": 0, "name": null },
					{ "time": 0.2333, "name": null }
				]
			},
			"sj_sl_toukui_dj_0_": {
				"attachment": [
					{ "time": 0, "name": "sj_sl_toukui_dj_0_" },
					{ "time": 0.0333, "name": "sj_sl_toukui_dj_1_" },
					{ "time": 0.1, "name": "sj_sl_toukui_dj_2_" },
					{ "time": 0.1666, "name": "sj_sl_toukui_dj_3_" },
					{ "time": 0.2, "name": "sj_sl_toukui_dj_4_" },
					{ "time": 0.2333, "name": "sj_sl_toukui_dj_0_" }
				]
			},
			"sj_sl_toukui_gj_0_": {
				"attachment": [
					{ "time": 0.0333, "name": null }
				]
			},
			"sj_sl_youbi_dj_0_": {
				"attachment": [
					{ "time": 0, "name": "sj_sl_youbi_dj_0_" },
					{ "time": 0.0333, "name": "sj_sl_youbi_dj_1_" },
					{ "time": 0.1, "name": "sj_sl_youbi_dj_2_" },
					{ "time": 0.1666, "name": "sj_sl_youbi_dj_3_" },
					{ "time": 0.2, "name": "sj_sl_youbi_dj_4_" },
					{ "time": 0.2333, "name": "sj_sl_youbi_dj_0_" }
				]
			},
			"sj_sl_youbi_gj_0_": {
				"attachment": [
					{ "time": 0.0333, "name": null }
				]
			},
			"sj_sl_zuobi_dj_0_": {
				"attachment": [
					{ "time": 0, "name": "sj_sl_zuobi_dj_0_" },
					{ "time": 0.0333, "name": "sj_sl_zuobi_dj_1_" },
					{ "time": 0.1, "name": "sj_sl_zuobi_dj_2_" },
					{ "time": 0.1666, "name": "sj_sl_zuobi_dj_3_" },
					{ "time": 0.2, "name": "sj_sl_zuobi_dj_4_" },
					{ "time": 0.2333, "name": "sj_sl_zuobi_dj_0_" }
				]
			},
			"sj_sl_zuobi_gj_0_": {
				"attachment": [
					{ "time": 0.0333, "name": null }
				]
			}
		},
		"drawOrder": [
			{
				"time": 0,
				"offsets": [
					{ "slot": "sj_s_qianseshenti_gj_0_", "offset": -7 },
					{ "slot": "sj_s_qianseshenti_dj_0_", "offset": -7 }
				]
			},
			{
				"time": 0.2333,
				"offsets": [
					{ "slot": "sj_s_qianseshenti_gj_0_", "offset": -7 },
					{ "slot": "sj_s_qianseshenti_dj_0_", "offset": -7 }
				]
			}
		]
	},
	"gj": {
		"slots": {
			"siwang_0_": {
				"attachment": [
					{ "time": 0, "name": null },
					{ "time": 0.2333, "name": null }
				]
			},
			"sj_s_qianseshenti_dj_0_": {
				"attachment": [
					{ "time": 0, "name": "sj_s_qianseshenti_dj_0_" },
					{ "time": 0.0333, "name": null },
					{ "time": 0.2333, "name": "sj_s_qianseshenti_dj_0_" }
				],
				"color": [
					{ "time": 0, "color": "f4d8ffff", "curve": "stepped" },
					{ "time": 0.2333, "color": "f4d8ffff" }
				]
			},
			"sj_s_qianseshenti_gj_0_": {
				"attachment": [
					{ "time": 0, "name": null },
					{ "time": 0.0333, "name": "sj_s_qianseshenti_gj_1_" },
					{ "time": 0.1, "name": "sj_s_qianseshenti_gj_2_" },
					{ "time": 0.1333, "name": "sj_s_qianseshenti_gj_3_" },
					{ "time": 0.2, "name": "sj_s_qianseshenti_gj_4_" },
					{ "time": 0.2333, "name": null }
				],
				"color": [
					{ "time": 0, "color": "f4d8ffff", "curve": "stepped" },
					{ "time": 0.2333, "color": "f4d8ffff" }
				]
			},
			"sj_sl_toukui_dj_0_": {
				"attachment": [
					{ "time": 0.0333, "name": null },
					{ "time": 0.2333, "name": null }
				]
			},
			"sj_sl_toukui_gj_0_": {
				"attachment": [
					{ "time": 0.0333, "name": "sj_sl_toukui_gj_1_" },
					{ "time": 0.1, "name": "sj_sl_toukui_gj_2_" },
					{ "time": 0.1333, "name": "sj_sl_toukui_gj_3_" },
					{ "time": 0.2, "name": "sj_sl_toukui_gj_4_" },
					{ "time": 0.2333, "name": "sj_sl_toukui_gj_0_" }
				]
			},
			"sj_sl_youbi_dj_0_": {
				"attachment": [
					{ "time": 0.0333, "name": null },
					{ "time": 0.2333, "name": "sj_sl_youbi_dj_0_" }
				]
			},
			"sj_sl_youbi_gj_0_": {
				"attachment": [
					{ "time": 0.0333, "name": "sj_sl_youbi_gj_1_" },
					{ "time": 0.1, "name": "sj_sl_youbi_gj_2_" },
					{ "time": 0.1333, "name": "sj_sl_youbi_gj_3_" },
					{ "time": 0.2, "name": "sj_sl_youbi_gj_4_" },
					{ "time": 0.2333, "name": null }
				]
			},
			"sj_sl_zuobi_dj_0_": {
				"attachment": [
					{ "time": 0.0333, "name": null },
					{ "time": 0.2333, "name": "sj_sl_zuobi_dj_0_" }
				]
			},
			"sj_sl_zuobi_gj_0_": {
				"attachment": [
					{ "time": 0.0333, "name": "sj_sl_zuobi_gj_1_" },
					{ "time": 0.1, "name": "sj_sl_zuobi_gj_2_" },
					{ "time": 0.1333, "name": "sj_sl_zuobi_gj_3_" },
					{ "time": 0.2, "name": "sj_sl_zuobi_gj_4_" },
					{ "time": 0.2333, "name": null }
				]
			}
		},
		"drawOrder": [
			{
				"time": 0,
				"offsets": [
					{ "slot": "sj_s_qianseshenti_gj_0_", "offset": -7 },
					{ "slot": "sj_s_qianseshenti_dj_0_", "offset": -7 }
				]
			},
			{
				"time": 0.2333,
				"offsets": [
					{ "slot": "sj_s_qianseshenti_gj_0_", "offset": -7 },
					{ "slot": "sj_s_qianseshenti_dj_0_", "offset": -7 }
				]
			}
		]
	},
	"sw": {
		"slots": {
			"siwang_0_": {
				"attachment": [
					{ "time": 0, "name": null },
					{ "time": 0.0333, "name": "siwang_0_" },
					{ "time": 0.0666, "name": "siwang_1_" },
					{ "time": 0.1, "name": "siwang_2_" },
					{ "time": 0.1333, "name": "siwang_3_" },
					{ "time": 0.1666, "name": "siwang_4_" },
					{ "time": 0.2, "name": "siwang_5_" },
					{ "time": 0.2333, "name": "siwang_6_" }
				],
				"color": [
					{ "time": 0, "color": "ffffffff" }
				]
			},
			"sj_s_qianseshenti_dj_0_": {
				"attachment": [
					{ "time": 0, "name": "sj_s_qianseshenti_dj_0_" }
				],
				"color": [
					{ "time": 0, "color": "f4d9ffff" },
					{ "time": 0.2, "color": "ffffff00" }
				]
			},
			"sj_s_qianseshenti_gj_0_": {
				"attachment": [
					{ "time": 0, "name": null }
				],
				"color": [
					{ "time": 0, "color": "e2d9ffff" },
					{ "time": 0.2, "color": "ffffff00" }
				]
			},
			"sj_sl_toukui_dj_0_": {
				"color": [
					{ "time": 0, "color": "ffffffff" },
					{ "time": 0.2, "color": "ffffff00" }
				]
			},
			"sj_sl_toukui_gj_0_": {
				"attachment": [
					{ "time": 0.2, "name": null }
				],
				"color": [
					{ "time": 0, "color": "ffffffff" },
					{ "time": 0.2, "color": "ffffff00" }
				]
			},
			"sj_sl_youbi_dj_0_": {
				"color": [
					{ "time": 0, "color": "ffffffff" },
					{ "time": 0.2, "color": "ffffff00" }
				]
			},
			"sj_sl_youbi_gj_0_": {
				"color": [
					{ "time": 0, "color": "ffffffff" },
					{ "time": 0.2, "color": "ffffff00" }
				]
			},
			"sj_sl_zuobi_dj_0_": {
				"color": [
					{ "time": 0, "color": "ffffffff" },
					{ "time": 0.2, "color": "ffffff00" }
				]
			},
			"sj_sl_zuobi_gj_0_": {
				"attachment": [
					{ "time": 0.2, "name": null }
				],
				"color": [
					{ "time": 0, "color": "ffffffff" },
					{ "time": 0.2, "color": "ffffff00" }
				]
			}
		},
		"drawOrder": [
			{
				"time": 0,
				"offsets": [
					{ "slot": "sj_s_qianseshenti_gj_0_", "offset": -7 },
					{ "slot": "sj_s_qianseshenti_dj_0_", "offset": -7 }
				]
			}
		]
	}
}
}