{
"skeleton": { "hash": "N6m2CXtDgP6FoIq1SJXtMQlahk4", "spine": "2.1.27", "width": 0, "height": 0 },
"bones": [
	{ "name": "root" }
],
"slots": [
	{ "name": "dj0_13_", "bone": "root" },
	{ "name": "dj0_12_", "bone": "root" },
	{ "name": "dj0_11_", "bone": "root" },
	{ "name": "dj0_10_", "bone": "root" },
	{ "name": "dj0_9_", "bone": "root" },
	{ "name": "dj0_8_", "bone": "root" },
	{ "name": "dj0_7_", "bone": "root" },
	{ "name": "dj0_6_", "bone": "root" },
	{ "name": "dj0_5_", "bone": "root" },
	{ "name": "dji0_4_", "bone": "root" },
	{ "name": "dj0_3_", "bone": "root" },
	{ "name": "dji0_2_", "bone": "root" },
	{ "name": "dj0_1_", "bone": "root" },
	{ "name": "dj1_15_", "bone": "root" },
	{ "name": "dj1_14_", "bone": "root" },
	{ "name": "dj1_13_", "bone": "root" },
	{ "name": "dj1_12_", "bone": "root" },
	{ "name": "dj1_11_", "bone": "root" },
	{ "name": "dj1_10_", "bone": "root" },
	{ "name": "dj1_9_", "bone": "root" },
	{ "name": "dj1_8_", "bone": "root" },
	{ "name": "dj1_7_", "bone": "root" },
	{ "name": "dj1_6_", "bone": "root" },
	{ "name": "dj1_5_", "bone": "root" },
	{ "name": "dj1_4_", "bone": "root" },
	{ "name": "dj1_3_", "bone": "root" },
	{ "name": "dj1_2_", "bone": "root" },
	{ "name": "dj1_1_", "bone": "root" },
	{ "name": "dj2_14_", "bone": "root" },
	{ "name": "dj2_13_", "bone": "root" },
	{ "name": "dj2_12_", "bone": "root" },
	{ "name": "dj2_11_", "bone": "root" },
	{ "name": "dj2_10_", "bone": "root" },
	{ "name": "di2_9_", "bone": "root" },
	{ "name": "dj2_8_", "bone": "root" },
	{ "name": "dj2_7_", "bone": "root" },
	{ "name": "dj2_6_", "bone": "root" },
	{ "name": "dj2_5_", "bone": "root" },
	{ "name": "dj2_4_", "bone": "root" },
	{ "name": "dj2_3_", "bone": "root" },
	{ "name": "dj2_2_", "bone": "root" },
	{ "name": "dj2_1_", "bone": "root" },
	{ "name": "dj3_9_", "bone": "root" },
	{ "name": "dj3_8_", "bone": "root" },
	{ "name": "dj3_7_", "bone": "root" },
	{ "name": "dj3_6_", "bone": "root" },
	{ "name": "dj3_5_", "bone": "root" },
	{ "name": "dj3_4_", "bone": "root" },
	{ "name": "dj3_3_", "bone": "root" },
	{ "name": "dj3_2_", "bone": "root" },
	{ "name": "dj3_1_", "bone": "root" },
	{ "name": "dj4_11_", "bone": "root" },
	{ "name": "dj4_10_", "bone": "root" },
	{ "name": "dj4_9_", "bone": "root" },
	{ "name": "dj4_8_", "bone": "root" },
	{ "name": "dj4_7_", "bone": "root" },
	{ "name": "dj4_6_", "bone": "root" },
	{ "name": "dj4_5_", "bone": "root" },
	{ "name": "dj4_4_", "bone": "root" },
	{ "name": "dj4_3_", "bone": "root" },
	{ "name": "dj4_2_", "bone": "root" },
	{ "name": "dj4_1_", "bone": "root" },
	{ "name": "dj5_9_", "bone": "root" },
	{ "name": "dj5_8_", "bone": "root" },
	{ "name": "dj5_7_", "bone": "root" },
	{ "name": "dj5_6_", "bone": "root" },
	{ "name": "dj5_5_", "bone": "root" },
	{ "name": "dj5_4_", "bone": "root" },
	{ "name": "dj5_3_", "bone": "root" },
	{ "name": "dj5_2_", "bone": "root" },
	{ "name": "dj5_1_", "bone": "root" },
	{ "name": "dj6_8_", "bone": "root" },
	{ "name": "dj6_7_", "bone": "root" },
	{ "name": "dj6_6_", "bone": "root" },
	{ "name": "dj6_5_", "bone": "root" },
	{ "name": "dj6_4_", "bone": "root" },
	{ "name": "dj6_3_", "bone": "root" },
	{ "name": "dj6_2_", "bone": "root" },
	{ "name": "dj6_1_", "bone": "root" },
	{ "name": "dj7_11_", "bone": "root" },
	{ "name": "dj7_10_", "bone": "root" },
	{ "name": "dj7_9_", "bone": "root" },
	{ "name": "dj7_8_", "bone": "root" },
	{ "name": "dj7_7_", "bone": "root" },
	{ "name": "dj7_6_", "bone": "root" },
	{ "name": "dj7_5_", "bone": "root" },
	{ "name": "dj7_4_", "bone": "root" },
	{ "name": "dj7_3_", "bone": "root" },
	{ "name": "dj7_2_", "bone": "root" },
	{ "name": "dj7_1_", "bone": "root" },
	{ "name": "sw0_8_", "bone": "root" },
	{ "name": "sw0_7_", "bone": "root" },
	{ "name": "sw0_6_", "bone": "root" },
	{ "name": "sw0_5_", "bone": "root" },
	{ "name": "sw0_4_", "bone": "root" },
	{ "name": "sw0_3_", "bone": "root" },
	{ "name": "sw0_2_", "bone": "root" },
	{ "name": "sw0_1_", "bone": "root" },
	{ "name": "sw1_14_", "bone": "root" },
	{ "name": "sw1_13_", "bone": "root" },
	{ "name": "sw1_12_", "bone": "root" },
	{ "name": "sw1_11_", "bone": "root" },
	{ "name": "sw1_10_", "bone": "root" },
	{ "name": "sw1_9_", "bone": "root" },
	{ "name": "sw1_8_", "bone": "root" },
	{ "name": "sw1_7_", "bone": "root" },
	{ "name": "sw1_6_", "bone": "root" },
	{ "name": "sw1_5_", "bone": "root" },
	{ "name": "sw1_4_", "bone": "root" },
	{ "name": "sw1_3_", "bone": "root" },
	{ "name": "sw1_2_", "bone": "root" },
	{ "name": "sw1_1_", "bone": "root" },
	{ "name": "sw2_5_", "bone": "root" },
	{ "name": "sw2_4_", "bone": "root" },
	{ "name": "sw2_3_", "bone": "root" },
	{ "name": "sw2_2_", "bone": "root" },
	{ "name": "sw2_1_", "bone": "root" },
	{ "name": "sw3_5_", "bone": "root" },
	{ "name": "sw3_4_", "bone": "root" },
	{ "name": "sw3_3_", "bone": "root" },
	{ "name": "sw3_2_", "bone": "root" },
	{ "name": "sw3_1_", "bone": "root" },
	{ "name": "sw4_5_", "bone": "root" },
	{ "name": "sw4_4_", "bone": "root" },
	{ "name": "sw4_3_", "bone": "root" },
	{ "name": "sw4_2_", "bone": "root" },
	{ "name": "sw4_1_", "bone": "root" },
	{ "name": "gj0_14_", "bone": "root" },
	{ "name": "gj0_13_", "bone": "root" },
	{ "name": "gj0_12_", "bone": "root" },
	{ "name": "gj0_11_", "bone": "root" },
	{ "name": "gj0_10_", "bone": "root" },
	{ "name": "gj0_9_", "bone": "root" },
	{ "name": "gj0_8_", "bone": "root" },
	{ "name": "gj0_7_", "bone": "root" },
	{ "name": "gj0_6_", "bone": "root" },
	{ "name": "gj0_5_", "bone": "root" },
	{ "name": "gj0_4_", "bone": "root" },
	{ "name": "gj0_3_", "bone": "root" },
	{ "name": "gj0_2_", "bone": "root" },
	{ "name": "gj0_1_", "bone": "root" },
	{ "name": "gj1_14_", "bone": "root" },
	{ "name": "gj1_13_", "bone": "root" },
	{ "name": "gj1_12_", "bone": "root" },
	{ "name": "gj1_11_", "bone": "root" },
	{ "name": "gj1_10_", "bone": "root" },
	{ "name": "gj1_9_", "bone": "root" },
	{ "name": "gj1_8_", "bone": "root" },
	{ "name": "gj1_7_", "bone": "root" },
	{ "name": "gj1_6_", "bone": "root" },
	{ "name": "gj1_5_", "bone": "root" },
	{ "name": "gj1_4_", "bone": "root" },
	{ "name": "gj1_3_", "bone": "root" },
	{ "name": "gj1_2_", "bone": "root" },
	{ "name": "gj1_1_", "bone": "root" },
	{ "name": "gj2_12_", "bone": "root" },
	{ "name": "gj2_11_", "bone": "root" },
	{ "name": "gj2_10_", "bone": "root" },
	{ "name": "gj2_9_", "bone": "root" },
	{ "name": "gj2_8_", "bone": "root" },
	{ "name": "gj2_7_", "bone": "root" },
	{ "name": "gj2_6_", "bone": "root" },
	{ "name": "gj2_5_", "bone": "root" },
	{ "name": "gj2_4_", "bone": "root" },
	{ "name": "gj2_3_", "bone": "root" },
	{ "name": "gj2_2_", "bone": "root" },
	{ "name": "gj2_1_", "bone": "root" },
	{ "name": "gj3_16_", "bone": "root" },
	{ "name": "gj3_15_", "bone": "root" },
	{ "name": "gj3_14_", "bone": "root" },
	{ "name": "gj3_13_", "bone": "root" },
	{ "name": "gj3_12_", "bone": "root" },
	{ "name": "gj3_11_", "bone": "root" },
	{ "name": "gj3_10_", "bone": "root" },
	{ "name": "gj3_9_", "bone": "root" },
	{ "name": "gj3_8_", "bone": "root" },
	{ "name": "gj3_7_", "bone": "root" },
	{ "name": "gj3_6_", "bone": "root" },
	{ "name": "gj3_5_", "bone": "root" },
	{ "name": "gj3_4_", "bone": "root" },
	{ "name": "gj3_3_", "bone": "root" },
	{ "name": "gj3_2_", "bone": "root" },
	{ "name": "gj3_1_", "bone": "root" },
	{ "name": "gj4_17_", "bone": "root" },
	{ "name": "gj4_16_", "bone": "root" },
	{ "name": "gj4_15_", "bone": "root" },
	{ "name": "gj4_14_", "bone": "root" },
	{ "name": "gj4_13_", "bone": "root" },
	{ "name": "gj4_12_", "bone": "root" },
	{ "name": "gj4_11_", "bone": "root" },
	{ "name": "gj4_10_", "bone": "root" },
	{ "name": "gj4_9_", "bone": "root" },
	{ "name": "gj4_8_", "bone": "root" },
	{ "name": "gj4_7_", "bone": "root" },
	{ "name": "gj4_6_", "bone": "root" },
	{ "name": "gj4_5_", "bone": "root" },
	{ "name": "gj4_4_", "bone": "root" },
	{ "name": "gj4_3_", "bone": "root" },
	{ "name": "gj4_2_", "bone": "root" },
	{ "name": "gj4_1_", "bone": "root" },
	{ "name": "gj5_13_", "bone": "root" },
	{ "name": "gj5_12_", "bone": "root" },
	{ "name": "gj5_11_", "bone": "root" },
	{ "name": "gj5_10_", "bone": "root" },
	{ "name": "gj5_9_", "bone": "root" },
	{ "name": "gj5_8_", "bone": "root" },
	{ "name": "gj5_7_", "bone": "root" },
	{ "name": "gj5_6_", "bone": "root" },
	{ "name": "gj5_5_", "bone": "root" },
	{ "name": "gj5_4_", "bone": "root" },
	{ "name": "gj5_3_", "bone": "root" },
	{ "name": "gj5_2_", "bone": "root" },
	{ "name": "gj5_1_", "bone": "root" }
],
"skins": {
	"default": {
		"di2_9_": {
			"di2_9_": { "x": 529.5, "y": 497.5, "width": 35, "height": 49 }
		},
		"dj0_10_": {
			"dj0_10_": { "x": 343, "y": 366.5, "width": 50, "height": 73 }
		},
		"dj0_11_": {
			"dj0_11_": { "x": 389.5, "y": 358.5, "width": 43, "height": 89 }
		},
		"dj0_12_": {
			"dj0_12_": { "x": 438.5, "y": 358, "width": 55, "height": 90 }
		},
		"dj0_13_": {
			"dj0_13_": { "x": 506.5, "y": 369, "width": 81, "height": 62 }
		},
		"dj0_1_": {
			"dj0_1_": { "x": 229.5, "y": 650, "width": 49, "height": 12 }
		},
		"dj0_3_": {
			"dj0_3_": { "x": 342.5, "y": 555.5, "width": 107, "height": 113 }
		},
		"dj0_5_": {
			"dj0_5_": { "x": 426.5, "y": 473, "width": 29, "height": 40 }
		},
		"dj0_6_": {
			"dj0_6_": { "x": 476.5, "y": 487.5, "width": 71, "height": 69 }
		},
		"dj0_7_": {
			"dj0_7_": { "x": 552.5, "y": 479.5, "width": 81, "height": 65 }
		},
		"dj0_8_": {
			"dj0_8_": { "x": 380, "y": 413.5, "width": 58, "height": 21 }
		},
		"dj0_9_": {
			"dj0_9_": { "x": 430.5, "y": 428, "width": 43, "height": 50 }
		},
		"dj1_10_": {
			"dj1_10_": { "x": 377.5, "y": 413.5, "width": 63, "height": 21 }
		},
		"dj1_11_": {
			"dj1_11_": { "x": 338, "y": 362, "width": 60, "height": 82 }
		},
		"dj1_12_": {
			"dj1_12_": { "x": 389.5, "y": 356.5, "width": 43, "height": 93 }
		},
		"dj1_13_": {
			"dj1_13_": { "x": 503, "y": 344, "width": 74, "height": 62 }
		},
		"dj1_14_": {
			"dj1_14_": { "x": 438.5, "y": 360, "width": 55, "height": 86 }
		},
		"dj1_15_": {
			"dj1_15_": { "x": 425, "y": 483, "width": 32, "height": 60 }
		},
		"dj1_1_": {
			"dj1_1_": { "x": 327, "y": 699, "width": 64, "height": 86 }
		},
		"dj1_2_": {
			"dj1_2_": { "x": 364.5, "y": 634, "width": 83, "height": 44 }
		},
		"dj1_3_": {
			"dj1_3_": { "x": 344.5, "y": 555.5, "width": 109, "height": 113 }
		},
		"dj1_4_": {
			"dj1_4_": { "x": 410, "y": 511, "width": 22, "height": 22 }
		},
		"dj1_5_": {
			"dj1_5_": { "x": 370, "y": 461.5, "width": 78, "height": 75 }
		},
		"dj1_6_": {
			"dj1_6_": { "x": 580, "y": 606, "width": 60, "height": 12 }
		},
		"dj1_7_": {
			"dj1_7_": { "x": 497.5, "y": 563.5, "width": 105, "height": 83 }
		},
		"dj1_8_": {
			"dj1_8_": { "x": 476.5, "y": 489, "width": 71, "height": 66 }
		},
		"dj1_9_": {
			"dj1_9_": { "x": 430.5, "y": 428, "width": 43, "height": 50 }
		},
		"dj2_10_": {
			"dj2_10_": { "x": 543.5, "y": 558, "width": 67, "height": 72 }
		},
		"dj2_11_": {
			"dj2_11_": { "x": 333, "y": 362, "width": 70, "height": 82 }
		},
		"dj2_12_": {
			"dj2_12_": { "x": 389.5, "y": 362, "width": 43, "height": 82 }
		},
		"dj2_13_": {
			"dj2_13_": { "x": 438.5, "y": 369, "width": 55, "height": 68 }
		},
		"dj2_14_": {
			"dj2_14_": { "x": 503.5, "y": 351.5, "width": 75, "height": 55 }
		},
		"dj2_1_": {
			"dj2_1_": { "x": 285.5, "y": 691, "width": 27, "height": 70 }
		},
		"dj2_2_": {
			"dj2_2_": { "x": 279, "y": 634, "width": 42, "height": 44 }
		},
		"dj2_3_": {
			"dj2_3_": { "x": 303, "y": 555.5, "width": 158, "height": 113 }
		},
		"dj2_4_": {
			"dj2_4_": { "x": 296.5, "y": 463.5, "width": 93, "height": 71 }
		},
		"dj2_5_": {
			"dj2_5_": { "x": 392, "y": 461.5, "width": 98, "height": 75 }
		},
		"dj2_6_": {
			"dj2_6_": { "x": 398, "y": 413.5, "width": 118, "height": 21 }
		},
		"dj2_7_": {
			"dj2_7_": { "x": 461, "y": 438.5, "width": 40, "height": 29 }
		},
		"dj2_8_": {
			"dj2_8_": { "x": 479, "y": 487.5, "width": 66, "height": 69 }
		},
		"dj3_1_": {
			"dj3_1_": { "x": 207.5, "y": 607.5, "width": 37, "height": 67 }
		},
		"dj3_2_": {
			"dj3_2_": { "x": 235, "y": 536.5, "width": 104, "height": 75 }
		},
		"dj3_3_": {
			"dj3_3_": { "x": 269.5, "y": 461.5, "width": 165, "height": 89 }
		},
		"dj3_4_": {
			"dj3_4_": { "x": 390.5, "y": 453.5, "width": 95, "height": 59 }
		},
		"dj3_5_": {
			"dj3_5_": { "x": 335, "y": 374.5, "width": 66, "height": 85 }
		},
		"dj3_6_": {
			"dj3_6_": { "x": 395, "y": 420.5, "width": 104, "height": 7 }
		},
		"dj3_7_": {
			"dj3_7_": { "x": 406.5, "y": 367.5, "width": 77, "height": 99 }
		},
		"dj3_8_": {
			"dj3_8_": { "x": 501, "y": 394.5, "width": 112, "height": 85 }
		},
		"dj3_9_": {
			"dj3_9_": { "x": 543, "y": 464, "width": 22, "height": 74 }
		},
		"dj4_10_": {
			"dj4_10_": { "x": 506.5, "y": 361, "width": 81, "height": 84 }
		},
		"dj4_11_": {
			"dj4_11_": { "x": 569, "y": 343.5, "width": 44, "height": 71 }
		},
		"dj4_1_": {
			"dj4_1_": { "x": 180.5, "y": 473, "width": 49, "height": 132 }
		},
		"dj4_2_": {
			"dj4_2_": { "x": 229.5, "y": 410, "width": 49, "height": 102 }
		},
		"dj4_3_": {
			"dj4_3_": { "x": 266.5, "y": 438, "width": 25, "height": 100 }
		},
		"dj4_4_": {
			"dj4_4_": { "x": 311, "y": 436, "width": 64, "height": 66 }
		},
		"dj4_5_": {
			"dj4_5_": { "x": 338.5, "y": 373, "width": 59, "height": 60 }
		},
		"dj4_6_": {
			"dj4_6_": { "x": 385.5, "y": 445.5, "width": 85, "height": 85 }
		},
		"dj4_7_": {
			"dj4_7_": { "x": 456.5, "y": 417.5, "width": 57, "height": 29 }
		},
		"dj4_8_": {
			"dj4_8_": { "x": 417, "y": 367, "width": 98, "height": 72 }
		},
		"dj4_9_": {
			"dj4_9_": { "x": 477, "y": 306.5, "width": 140, "height": 49 }
		},
		"dj5_1_": {
			"dj5_1_": { "x": 236.5, "y": 393, "width": 85, "height": 64 }
		},
		"dj5_2_": {
			"dj5_2_": { "x": 311, "y": 426.5, "width": 64, "height": 47 }
		},
		"dj5_3_": {
			"dj5_3_": { "x": 340, "y": 374, "width": 56, "height": 58 }
		},
		"dj5_4_": {
			"dj5_4_": { "x": 387, "y": 454.5, "width": 88, "height": 61 }
		},
		"dj5_5_": {
			"dj5_5_": { "x": 394, "y": 413.5, "width": 102, "height": 21 }
		},
		"dj5_6_": {
			"dj5_6_": { "x": 411, "y": 358, "width": 86, "height": 90 }
		},
		"dj5_7_": {
			"dj5_7_": { "x": 481, "y": 362.5, "width": 54, "height": 99 }
		},
		"dj5_8_": {
			"dj5_8_": { "x": 473, "y": 280.5, "width": 148, "height": 65 }
		},
		"dj5_9_": {
			"dj5_9_": { "x": 586, "y": 262, "width": 78, "height": 32 }
		},
		"dj6_1_": {
			"dj6_1_": { "x": 221, "y": 439, "width": 66, "height": 52 }
		},
		"dj6_2_": {
			"dj6_2_": { "x": 298.5, "y": 458, "width": 89, "height": 28 }
		},
		"dj6_3_": {
			"dj6_3_": { "x": 397.5, "y": 451, "width": 109, "height": 54 }
		},
		"dj6_4_": {
			"dj6_4_": { "x": 426.5, "y": 408.5, "width": 117, "height": 31 }
		},
		"dj6_5_": {
			"dj6_5_": { "x": 417, "y": 345.5, "width": 98, "height": 97 }
		},
		"dj6_6_": {
			"dj6_6_": { "x": 337.5, "y": 384, "width": 61, "height": 88 }
		},
		"dj6_7_": {
			"dj6_7_": { "x": 508, "y": 343, "width": 84, "height": 100 }
		},
		"dj6_8_": {
			"dj6_8_": { "x": 560, "y": 264, "width": 130, "height": 58 }
		},
		"dj7_10_": {
			"dj7_10_": { "x": 554.5, "y": 354, "width": 51, "height": 44 }
		},
		"dj7_11_": {
			"dj7_11_": { "x": 586, "y": 308, "width": 36, "height": 48 }
		},
		"dj7_1_": {
			"dj7_1_": { "x": 190, "y": 525.5, "width": 44, "height": 49 }
		},
		"dj7_2_": {
			"dj7_2_": { "x": 232, "y": 535, "width": 40, "height": 38 }
		},
		"dj7_3_": {
			"dj7_3_": { "x": 297, "y": 512.5, "width": 92, "height": 75 }
		},
		"dj7_4_": {
			"dj7_4_": { "x": 376, "y": 459.5, "width": 66, "height": 87 }
		},
		"dj7_5_": {
			"dj7_5_": { "x": 335.5, "y": 373, "width": 65, "height": 86 }
		},
		"dj7_6_": {
			"dj7_6_": { "x": 400.5, "y": 367, "width": 65, "height": 98 }
		},
		"dj7_7_": {
			"dj7_7_": { "x": 445.5, "y": 442, "width": 73, "height": 52 }
		},
		"dj7_8_": {
			"dj7_8_": { "x": 457.5, "y": 375, "width": 49, "height": 82 }
		},
		"dj7_9_": {
			"dj7_9_": { "x": 522.5, "y": 406, "width": 81, "height": 60 }
		},
		"dji0_2_": {
			"dji0_2_": { "x": 296, "y": 634, "width": 84, "height": 44 }
		},
		"dji0_4_": {
			"dji0_4_": { "x": 376.5, "y": 461.5, "width": 65, "height": 75 }
		},
		"gj0_10_": {
			"gj0_10_": { "x": 409.5, "y": 358.5, "width": 83, "height": 91 }
		},
		"gj0_11_": {
			"gj0_11_": { "x": 498.5, "y": 370.5, "width": 95, "height": 65 }
		},
		"gj0_12_": {
			"gj0_12_": { "x": 456.5, "y": 467, "width": 103, "height": 50 }
		},
		"gj0_13_": {
			"gj0_13_": { "x": 493.5, "y": 512, "width": 93, "height": 40 }
		},
		"gj0_14_": {
			"gj0_14_": { "x": 583.5, "y": 498, "width": 87, "height": 52 }
		},
		"gj0_1_": {
			"gj0_1_": { "x": 229.5, "y": 649, "width": 47, "height": 10 }
		},
		"gj0_2_": {
			"gj0_2_": { "x": 275.5, "y": 635.5, "width": 45, "height": 41 }
		},
		"gj0_3_": {
			"gj0_3_": { "x": 318, "y": 625.5, "width": 40, "height": 21 }
		},
		"gj0_4_": {
			"gj0_4_": { "x": 331.5, "y": 583, "width": 91, "height": 64 }
		},
		"gj0_5_": {
			"gj0_5_": { "x": 374, "y": 517.5, "width": 56, "height": 67 }
		},
		"gj0_6_": {
			"gj0_6_": { "x": 318.5, "y": 524, "width": 55, "height": 54 }
		},
		"gj0_7_": {
			"gj0_7_": { "x": 381, "y": 463, "width": 48, "height": 42 }
		},
		"gj0_8_": {
			"gj0_8_": { "x": 401.5, "y": 423, "width": 99, "height": 38 }
		},
		"gj0_9_": {
			"gj0_9_": { "x": 343, "y": 367, "width": 50, "height": 74 }
		},
		"gj1_10_": {
			"gj1_10_": { "x": 505, "y": 330.5, "width": 58, "height": 25 }
		},
		"gj1_11_": {
			"gj1_11_": { "x": 527.5, "y": 363, "width": 55, "height": 40 }
		},
		"gj1_12_": {
			"gj1_12_": { "x": 524.5, "y": 413, "width": 65, "height": 60 }
		},
		"gj1_13_": {
			"gj1_13_": { "x": 581, "y": 440, "width": 48, "height": 46 }
		},
		"gj1_14_": {
			"gj1_14_": { "x": 631.5, "y": 464, "width": 53, "height": 12 }
		},
		"gj1_1_": {
			"gj1_1_": { "x": 180.5, "y": 606.5, "width": 45, "height": 67 }
		},
		"gj1_2_": {
			"gj1_2_": { "x": 228, "y": 549, "width": 50, "height": 86 }
		},
		"gj1_3_": {
			"gj1_3_": { "x": 269.5, "y": 512, "width": 33, "height": 106 }
		},
		"gj1_4_": {
			"gj1_4_": { "x": 318, "y": 465.5, "width": 64, "height": 109 }
		},
		"gj1_5_": {
			"gj1_5_": { "x": 404.5, "y": 423, "width": 109, "height": 38 }
		},
		"gj1_6_": {
			"gj1_6_": { "x": 364.5, "y": 362, "width": 63, "height": 84 }
		},
		"gj1_7_": {
			"gj1_7_": { "x": 423.5, "y": 345, "width": 55, "height": 118 }
		},
		"gj1_8_": {
			"gj1_8_": { "x": 463.5, "y": 351, "width": 25, "height": 64 }
		},
		"gj1_9_": {
			"gj1_9_": { "x": 471.5, "y": 400, "width": 41, "height": 34 }
		},
		"gj2_10_": {
			"gj2_10_": { "x": 476, "y": 334.5, "width": 150, "height": 91 }
		},
		"gj2_11_": {
			"gj2_11_": { "x": 473.5, "y": 261, "width": 65, "height": 56 }
		},
		"gj2_12_": {
			"gj2_12_": { "x": 493.5, "y": 175, "width": 51, "height": 116 }
		},
		"gj2_1_": {
			"gj2_1_": { "x": 208, "y": 259, "width": 34, "height": 26 }
		},
		"gj2_2_": {
			"gj2_2_": { "x": 239, "y": 296, "width": 28, "height": 72 }
		},
		"gj2_3_": {
			"gj2_3_": { "x": 269.5, "y": 329, "width": 33, "height": 108 }
		},
		"gj2_4_": {
			"gj2_4_": { "x": 301, "y": 369, "width": 30, "height": 106 }
		},
		"gj2_5_": {
			"gj2_5_": { "x": 342, "y": 398.5, "width": 52, "height": 87 }
		},
		"gj2_6_": {
			"gj2_6_": { "x": 361.5, "y": 474, "width": 87, "height": 64 }
		},
		"gj2_7_": {
			"gj2_7_": { "x": 439.5, "y": 468.5, "width": 69, "height": 53 }
		},
		"gj2_8_": {
			"gj2_8_": { "x": 439.5, "y": 411, "width": 89, "height": 62 }
		},
		"gj2_9_": {
			"gj2_9_": { "x": 376, "y": 430, "width": 16, "height": 24 }
		},
		"gj3_10_": {
			"gj3_10_": { "x": 525.5, "y": 444.5, "width": 29, "height": 75 }
		},
		"gj3_11_": {
			"gj3_11_": { "x": 552.5, "y": 431.5, "width": 25, "height": 49 }
		},
		"gj3_12_": {
			"gj3_12_": { "x": 549, "y": 379, "width": 32, "height": 56 }
		},
		"gj3_13_": {
			"gj3_13_": { "x": 437.5, "y": 400, "width": 39, "height": 84 }
		},
		"gj3_14_": {
			"gj3_14_": { "x": 482, "y": 400, "width": 50, "height": 84 }
		},
		"gj3_15_": {
			"gj3_15_": { "x": 507.5, "y": 343.5, "width": 77, "height": 29 }
		},
		"gj3_16_": {
			"gj3_16_": { "x": 516.5, "y": 311.5, "width": 57, "height": 35 }
		},
		"gj3_1_": {
			"gj3_1_": { "x": 227, "y": 519, "width": 12, "height": 80 }
		},
		"gj3_2_": {
			"gj3_2_": { "x": 243, "y": 565, "width": 20, "height": 22 }
		},
		"gj3_3_": {
			"gj3_3_": { "x": 269.5, "y": 588.5, "width": 33, "height": 37 }
		},
		"gj3_4_": {
			"gj3_4_": { "x": 310.5, "y": 585.5, "width": 49, "height": 45 }
		},
		"gj3_5_": {
			"gj3_5_": { "x": 358, "y": 568.5, "width": 46, "height": 73 }
		},
		"gj3_6_": {
			"gj3_6_": { "x": 414.5, "y": 553, "width": 67, "height": 44 }
		},
		"gj3_7_": {
			"gj3_7_": { "x": 434.5, "y": 486.5, "width": 33, "height": 89 }
		},
		"gj3_8_": {
			"gj3_8_": { "x": 384, "y": 496, "width": 68, "height": 60 }
		},
		"gj3_9_": {
			"gj3_9_": { "x": 481, "y": 471, "width": 60, "height": 58 }
		},
		"gj4_10_": {
			"gj4_10_": { "x": 498.5, "y": 398.5, "width": 55, "height": 17 }
		},
		"gj4_11_": {
			"gj4_11_": { "x": 500.5, "y": 362, "width": 37, "height": 56 }
		},
		"gj4_12_": {
			"gj4_12_": { "x": 509, "y": 319, "width": 56, "height": 30 }
		},
		"gj4_13_": {
			"gj4_13_": { "x": 539.5, "y": 373, "width": 41, "height": 34 }
		},
		"gj4_14_": {
			"gj4_14_": { "x": 524, "y": 290, "width": 16, "height": 28 }
		},
		"gj4_15_": {
			"gj4_15_": { "x": 571.5, "y": 465.5, "width": 69, "height": 67 }
		},
		"gj4_16_": {
			"gj4_16_": { "x": 626.5, "y": 449, "width": 41, "height": 96 }
		},
		"gj4_17_": {
			"gj4_17_": { "x": 662, "y": 421, "width": 30, "height": 118 }
		},
		"gj4_1_": {
			"gj4_1_": { "x": 292.5, "y": 694, "width": 65, "height": 20 }
		},
		"gj4_2_": {
			"gj4_2_": { "x": 350, "y": 682, "width": 50, "height": 46 }
		},
		"gj4_3_": {
			"gj4_3_": { "x": 402.5, "y": 647, "width": 59, "height": 64 }
		},
		"gj4_4_": {
			"gj4_4_": { "x": 413, "y": 583, "width": 86, "height": 64 }
		},
		"gj4_5_": {
			"gj4_5_": { "x": 440, "y": 523, "width": 52, "height": 56 }
		},
		"gj4_6_": {
			"gj4_6_": { "x": 452, "y": 444.5, "width": 38, "height": 101 }
		},
		"gj4_7_": {
			"gj4_7_": { "x": 395, "y": 455.5, "width": 76, "height": 79 }
		},
		"gj4_8_": {
			"gj4_8_": { "x": 504, "y": 447.5, "width": 66, "height": 81 }
		},
		"gj4_9_": {
			"gj4_9_": { "x": 454, "y": 373.5, "width": 42, "height": 41 }
		},
		"gj5_10_": {
			"gj5_10_": { "x": 456.5, "y": 405.5, "width": 51, "height": 47 }
		},
		"gj5_11_": {
			"gj5_11_": { "x": 465.5, "y": 374, "width": 69, "height": 22 }
		},
		"gj5_12_": {
			"gj5_12_": { "x": 525.5, "y": 383.5, "width": 51, "height": 25 }
		},
		"gj5_13_": {
			"gj5_13_": { "x": 601.5, "y": 393.5, "width": 101, "height": 13 }
		},
		"gj5_1_": {
			"gj5_1_": { "x": 307, "y": 537, "width": 26, "height": 52 }
		},
		"gj5_2_": {
			"gj5_2_": { "x": 306.5, "y": 485, "width": 77, "height": 52 }
		},
		"gj5_3_": {
			"gj5_3_": { "x": 313.5, "y": 431.5, "width": 125, "height": 55 }
		},
		"gj5_4_": {
			"gj5_4_": { "x": 322, "y": 383.5, "width": 118, "height": 41 }
		},
		"gj5_5_": {
			"gj5_5_": { "x": 361.5, "y": 340.5, "width": 125, "height": 45 }
		},
		"gj5_6_": {
			"gj5_6_": { "x": 367.5, "y": 311, "width": 55, "height": 14 }
		},
		"gj5_7_": {
			"gj5_7_": { "x": 305.5, "y": 276.5, "width": 69, "height": 83 }
		},
		"gj5_8_": {
			"gj5_8_": { "x": 406, "y": 394, "width": 50, "height": 62 }
		},
		"gj5_9_": {
			"gj5_9_": { "x": 461.5, "y": 354.5, "width": 75, "height": 17 }
		},
		"sw0_1_": {
			"sw0_1_": { "x": 261, "y": 722.5, "width": 96, "height": 133 }
		},
		"sw0_2_": {
			"sw0_2_": { "x": 281, "y": 634, "width": 124, "height": 44 }
		},
		"sw0_3_": {
			"sw0_3_": { "x": 435.5, "y": 638, "width": 185, "height": 52 }
		},
		"sw0_4_": {
			"sw0_4_": { "x": 318, "y": 578.5, "width": 162, "height": 67 }
		},
		"sw0_5_": {
			"sw0_5_": { "x": 455, "y": 571.5, "width": 112, "height": 81 }
		},
		"sw0_6_": {
			"sw0_6_": { "x": 399, "y": 494.5, "width": 74, "height": 101 }
		},
		"sw0_7_": {
			"sw0_7_": { "x": 514.5, "y": 519, "width": 123, "height": 24 }
		},
		"sw0_8_": {
			"sw0_8_": { "x": 534, "y": 489, "width": 122, "height": 36 }
		},
		"sw1_10_": {
			"sw1_10_": { "x": 480, "y": 499, "width": 52, "height": 80 }
		},
		"sw1_11_": {
			"sw1_11_": { "x": 490, "y": 550.5, "width": 28, "height": 23 }
		},
		"sw1_12_": {
			"sw1_12_": { "x": 510.5, "y": 436.5, "width": 73, "height": 45 }
		},
		"sw1_13_": {
			"sw1_13_": { "x": 526.5, "y": 534, "width": 41, "height": 54 }
		},
		"sw1_14_": {
			"sw1_14_": { "x": 580.5, "y": 586.5, "width": 67, "height": 99 }
		},
		"sw1_1_": {
			"sw1_1_": { "x": 359.5, "y": 728, "width": 75, "height": 144 }
		},
		"sw1_2_": {
			"sw1_2_": { "x": 374.5, "y": 634, "width": 105, "height": 44 }
		},
		"sw1_3_": {
			"sw1_3_": { "x": 364, "y": 591, "width": 130, "height": 42 }
		},
		"sw1_4_": {
			"sw1_4_": { "x": 381.5, "y": 554.5, "width": 93, "height": 31 }
		},
		"sw1_5_": {
			"sw1_5_": { "x": 398.5, "y": 493, "width": 111, "height": 92 }
		},
		"sw1_6_": {
			"sw1_6_": { "x": 449, "y": 561.5, "width": 42, "height": 45 }
		},
		"sw1_7_": {
			"sw1_7_": { "x": 468.5, "y": 605.5, "width": 39, "height": 43 }
		},
		"sw1_8_": {
			"sw1_8_": { "x": 484.5, "y": 640, "width": 15, "height": 26 }
		},
		"sw1_9_": {
			"sw1_9_": { "x": 511, "y": 617.5, "width": 46, "height": 21 }
		},
		"sw2_1_": {
			"sw2_1_": { "x": 422.5, "y": 605.5, "width": 479, "height": 101 }
		},
		"sw2_2_": {
			"sw2_2_": { "x": 388.5, "y": 679.5, "width": 333, "height": 47 }
		},
		"sw2_3_": {
			"sw2_3_": { "x": 441, "y": 516, "width": 516, "height": 78 }
		},
		"sw2_4_": {
			"sw2_4_": { "x": 449, "y": 408, "width": 500, "height": 138 }
		},
		"sw2_5_": {
			"sw2_5_": { "x": 540.5, "y": 295.5, "width": 251, "height": 87 }
		},
		"sw3_1_": {
			"sw3_1_": { "x": 388.5, "y": 679.5, "width": 333, "height": 47 }
		},
		"sw3_2_": {
			"sw3_2_": { "x": 435, "y": 593, "width": 504, "height": 126 }
		},
		"sw3_3_": {
			"sw3_3_": { "x": 441, "y": 462.5, "width": 516, "height": 135 }
		},
		"sw3_4_": {
			"sw3_4_": { "x": 492, "y": 354, "width": 376, "height": 82 }
		},
		"sw3_5_": {
			"sw3_5_": { "x": 574.5, "y": 286.5, "width": 171, "height": 53 }
		},
		"sw4_1_": {
			"sw4_1_": { "x": 384, "y": 651, "width": 378, "height": 78 }
		},
		"sw4_2_": {
			"sw4_2_": { "x": 433, "y": 562.5, "width": 500, "height": 99 }
		},
		"sw4_3_": {
			"sw4_3_": { "x": 443, "y": 468.5, "width": 512, "height": 89 }
		},
		"sw4_4_": {
			"sw4_4_": { "x": 464.5, "y": 378, "width": 425, "height": 92 }
		},
		"sw4_5_": {
			"sw4_5_": { "x": 538.5, "y": 296, "width": 225, "height": 72 }
		}
	}
},
"animations": {
	"dj": {
		"slots": {
			"di2_9_": {
				"attachment": [
					{ "time": 0, "name": null },
					{ "time": 0.1, "name": null },
					{ "time": 0.2, "name": "di2_9_" },
					{ "time": 0.3, "name": null },
					{ "time": 0.7, "name": null }
				]
			},
			"dj0_10_": {
				"attachment": [
					{ "time": 0, "name": "dj0_10_" },
					{ "time": 0.1, "name": null },
					{ "time": 0.7, "name": null }
				]
			},
			"dj0_11_": {
				"attachment": [
					{ "time": 0, "name": "dj0_11_" },
					{ "time": 0.1, "name": null },
					{ "time": 0.7, "name": null }
				]
			},
			"dj0_12_": {
				"attachment": [
					{ "time": 0, "name": "dj0_12_" },
					{ "time": 0.1, "name": null },
					{ "time": 0.7, "name": null }
				]
			},
			"dj0_13_": {
				"attachment": [
					{ "time": 0, "name": "dj0_13_" },
					{ "time": 0.1, "name": null },
					{ "time": 0.7, "name": null }
				]
			},
			"dj0_1_": {
				"attachment": [
					{ "time": 0, "name": "dj0_1_" },
					{ "time": 0.1, "name": null },
					{ "time": 0.7, "name": null }
				]
			},
			"dj0_3_": {
				"attachment": [
					{ "time": 0, "name": "dj0_3_" },
					{ "time": 0.1, "name": null },
					{ "time": 0.7, "name": null }
				]
			},
			"dj0_5_": {
				"attachment": [
					{ "time": 0, "name": "dj0_5_" },
					{ "time": 0.1, "name": null },
					{ "time": 0.7, "name": null }
				]
			},
			"dj0_6_": {
				"attachment": [
					{ "time": 0, "name": "dj0_6_" },
					{ "time": 0.1, "name": null },
					{ "time": 0.7, "name": null }
				]
			},
			"dj0_7_": {
				"attachment": [
					{ "time": 0, "name": "dj0_7_" },
					{ "time": 0.1, "name": null },
					{ "time": 0.7, "name": null }
				]
			},
			"dj0_8_": {
				"attachment": [
					{ "time": 0, "name": "dj0_8_" },
					{ "time": 0.1, "name": null },
					{ "time": 0.7, "name": null }
				]
			},
			"dj0_9_": {
				"attachment": [
					{ "time": 0, "name": "dj0_9_" },
					{ "time": 0.1, "name": null },
					{ "time": 0.7, "name": null }
				]
			},
			"dj1_10_": {
				"attachment": [
					{ "time": 0, "name": null },
					{ "time": 0.1, "name": "dj1_10_" },
					{ "time": 0.2, "name": null },
					{ "time": 0.7, "name": null }
				]
			},
			"dj1_11_": {
				"attachment": [
					{ "time": 0, "name": null },
					{ "time": 0.1, "name": "dj1_11_" },
					{ "time": 0.2, "name": null },
					{ "time": 0.7, "name": null }
				]
			},
			"dj1_12_": {
				"attachment": [
					{ "time": 0, "name": null },
					{ "time": 0.1, "name": "dj1_12_" },
					{ "time": 0.2, "name": null },
					{ "time": 0.7, "name": null }
				]
			},
			"dj1_13_": {
				"attachment": [
					{ "time": 0, "name": null },
					{ "time": 0.1, "name": "dj1_13_" },
					{ "time": 0.2, "name": null },
					{ "time": 0.7, "name": null }
				]
			},
			"dj1_14_": {
				"attachment": [
					{ "time": 0, "name": null },
					{ "time": 0.1, "name": "dj1_14_" },
					{ "time": 0.2, "name": null },
					{ "time": 0.7, "name": null }
				]
			},
			"dj1_15_": {
				"attachment": [
					{ "time": 0, "name": null },
					{ "time": 0.1, "name": "dj1_15_" },
					{ "time": 0.2, "name": null },
					{ "time": 0.7, "name": null }
				]
			},
			"dj1_1_": {
				"attachment": [
					{ "time": 0, "name": null },
					{ "time": 0.1, "name": "dj1_1_" },
					{ "time": 0.2, "name": null },
					{ "time": 0.7, "name": null }
				]
			},
			"dj1_2_": {
				"attachment": [
					{ "time": 0, "name": null },
					{ "time": 0.1, "name": "dj1_2_" },
					{ "time": 0.2, "name": null },
					{ "time": 0.7, "name": null }
				]
			},
			"dj1_3_": {
				"attachment": [
					{ "time": 0, "name": null },
					{ "time": 0.1, "name": "dj1_3_" },
					{ "time": 0.2, "name": null },
					{ "time": 0.7, "name": null }
				]
			},
			"dj1_4_": {
				"attachment": [
					{ "time": 0, "name": null },
					{ "time": 0.1, "name": "dj1_4_" },
					{ "time": 0.2, "name": null },
					{ "time": 0.7, "name": null }
				]
			},
			"dj1_5_": {
				"attachment": [
					{ "time": 0, "name": null },
					{ "time": 0.1, "name": "dj1_5_" },
					{ "time": 0.2, "name": null },
					{ "time": 0.7, "name": null }
				]
			},
			"dj1_6_": {
				"attachment": [
					{ "time": 0, "name": null },
					{ "time": 0.1, "name": "dj1_6_" },
					{ "time": 0.2, "name": null },
					{ "time": 0.7, "name": null }
				]
			},
			"dj1_7_": {
				"attachment": [
					{ "time": 0, "name": null },
					{ "time": 0.1, "name": "dj1_7_" },
					{ "time": 0.2, "name": null },
					{ "time": 0.7, "name": null }
				]
			},
			"dj1_8_": {
				"attachment": [
					{ "time": 0, "name": null },
					{ "time": 0.1, "name": "dj1_8_" },
					{ "time": 0.2, "name": null },
					{ "time": 0.7, "name": null }
				]
			},
			"dj1_9_": {
				"attachment": [
					{ "time": 0, "name": null },
					{ "time": 0.1, "name": "dj1_9_" },
					{ "time": 0.2, "name": null },
					{ "time": 0.7, "name": null }
				]
			},
			"dj2_10_": {
				"attachment": [
					{ "time": 0, "name": null },
					{ "time": 0.2, "name": "dj2_10_" },
					{ "time": 0.3, "name": null },
					{ "time": 0.7, "name": null }
				]
			},
			"dj2_11_": {
				"attachment": [
					{ "time": 0, "name": null },
					{ "time": 0.2, "name": "dj2_11_" },
					{ "time": 0.3, "name": null },
					{ "time": 0.7, "name": null }
				]
			},
			"dj2_12_": {
				"attachment": [
					{ "time": 0, "name": null },
					{ "time": 0.2, "name": "dj2_12_" },
					{ "time": 0.3, "name": null },
					{ "time": 0.7, "name": null }
				]
			},
			"dj2_13_": {
				"attachment": [
					{ "time": 0, "name": null },
					{ "time": 0.2, "name": "dj2_13_" },
					{ "time": 0.3, "name": null },
					{ "time": 0.7, "name": null }
				]
			},
			"dj2_14_": {
				"attachment": [
					{ "time": 0, "name": null },
					{ "time": 0.2, "name": "dj2_14_" },
					{ "time": 0.3, "name": null },
					{ "time": 0.7, "name": null }
				]
			},
			"dj2_1_": {
				"attachment": [
					{ "time": 0, "name": null },
					{ "time": 0.2, "name": "dj2_1_" },
					{ "time": 0.3, "name": null },
					{ "time": 0.7, "name": null }
				]
			},
			"dj2_2_": {
				"attachment": [
					{ "time": 0, "name": null },
					{ "time": 0.2, "name": "dj2_2_" },
					{ "time": 0.3, "name": null },
					{ "time": 0.7, "name": null }
				]
			},
			"dj2_3_": {
				"attachment": [
					{ "time": 0, "name": null },
					{ "time": 0.2, "name": "dj2_3_" },
					{ "time": 0.3, "name": null },
					{ "time": 0.7, "name": null }
				]
			},
			"dj2_4_": {
				"attachment": [
					{ "time": 0, "name": null },
					{ "time": 0.2, "name": "dj2_4_" },
					{ "time": 0.3, "name": null },
					{ "time": 0.7, "name": null }
				]
			},
			"dj2_5_": {
				"attachment": [
					{ "time": 0, "name": null },
					{ "time": 0.2, "name": "dj2_5_" },
					{ "time": 0.3, "name": null },
					{ "time": 0.7, "name": null }
				]
			},
			"dj2_6_": {
				"attachment": [
					{ "time": 0, "name": null },
					{ "time": 0.2, "name": "dj2_6_" },
					{ "time": 0.3, "name": null },
					{ "time": 0.7, "name": null }
				]
			},
			"dj2_7_": {
				"attachment": [
					{ "time": 0, "name": null },
					{ "time": 0.2, "name": "dj2_7_" },
					{ "time": 0.3, "name": null },
					{ "time": 0.7, "name": null }
				]
			},
			"dj2_8_": {
				"attachment": [
					{ "time": 0, "name": null },
					{ "time": 0.2, "name": "dj2_8_" },
					{ "time": 0.3, "name": null },
					{ "time": 0.7, "name": null }
				]
			},
			"dj3_1_": {
				"attachment": [
					{ "time": 0, "name": null },
					{ "time": 0.3, "name": "dj3_1_" },
					{ "time": 0.4, "name": null },
					{ "time": 0.7, "name": null }
				]
			},
			"dj3_2_": {
				"attachment": [
					{ "time": 0, "name": null },
					{ "time": 0.3, "name": "dj3_2_" },
					{ "time": 0.4, "name": null },
					{ "time": 0.7, "name": null }
				]
			},
			"dj3_3_": {
				"attachment": [
					{ "time": 0, "name": null },
					{ "time": 0.3, "name": "dj3_3_" },
					{ "time": 0.4, "name": null },
					{ "time": 0.7, "name": null }
				]
			},
			"dj3_4_": {
				"attachment": [
					{ "time": 0, "name": null },
					{ "time": 0.3, "name": "dj3_4_" },
					{ "time": 0.4, "name": null },
					{ "time": 0.7, "name": null }
				]
			},
			"dj3_5_": {
				"attachment": [
					{ "time": 0, "name": null },
					{ "time": 0.3, "name": "dj3_5_" },
					{ "time": 0.4, "name": null },
					{ "time": 0.7, "name": null }
				]
			},
			"dj3_6_": {
				"attachment": [
					{ "time": 0, "name": null },
					{ "time": 0.3, "name": "dj3_6_" },
					{ "time": 0.4, "name": null },
					{ "time": 0.7, "name": null }
				]
			},
			"dj3_7_": {
				"attachment": [
					{ "time": 0, "name": null },
					{ "time": 0.3, "name": "dj3_7_" },
					{ "time": 0.4, "name": null },
					{ "time": 0.7, "name": null }
				]
			},
			"dj3_8_": {
				"attachment": [
					{ "time": 0, "name": null },
					{ "time": 0.3, "name": "dj3_8_" },
					{ "time": 0.4, "name": null },
					{ "time": 0.7, "name": null }
				]
			},
			"dj3_9_": {
				"attachment": [
					{ "time": 0, "name": null },
					{ "time": 0.3, "name": "dj3_9_" },
					{ "time": 0.4, "name": null },
					{ "time": 0.7, "name": null }
				]
			},
			"dj4_10_": {
				"attachment": [
					{ "time": 0, "name": null },
					{ "time": 0.4, "name": "dj4_10_" },
					{ "time": 0.5, "name": null },
					{ "time": 0.7, "name": null }
				]
			},
			"dj4_11_": {
				"attachment": [
					{ "time": 0, "name": null },
					{ "time": 0.4, "name": "dj4_11_" },
					{ "time": 0.5, "name": null },
					{ "time": 0.7, "name": null }
				]
			},
			"dj4_1_": {
				"attachment": [
					{ "time": 0, "name": null },
					{ "time": 0.4, "name": "dj4_1_" },
					{ "time": 0.5, "name": null },
					{ "time": 0.7, "name": null }
				]
			},
			"dj4_2_": {
				"attachment": [
					{ "time": 0, "name": null },
					{ "time": 0.4, "name": "dj4_2_" },
					{ "time": 0.5, "name": null },
					{ "time": 0.7, "name": null }
				]
			},
			"dj4_3_": {
				"attachment": [
					{ "time": 0, "name": null },
					{ "time": 0.4, "name": "dj4_3_" },
					{ "time": 0.5, "name": null },
					{ "time": 0.7, "name": null }
				]
			},
			"dj4_4_": {
				"attachment": [
					{ "time": 0, "name": null },
					{ "time": 0.4, "name": "dj4_4_" },
					{ "time": 0.5, "name": null },
					{ "time": 0.7, "name": null }
				]
			},
			"dj4_5_": {
				"attachment": [
					{ "time": 0, "name": null },
					{ "time": 0.4, "name": "dj4_5_" },
					{ "time": 0.5, "name": null },
					{ "time": 0.7, "name": null }
				]
			},
			"dj4_6_": {
				"attachment": [
					{ "time": 0, "name": null },
					{ "time": 0.4, "name": "dj4_6_" },
					{ "time": 0.5, "name": null },
					{ "time": 0.7, "name": null }
				]
			},
			"dj4_7_": {
				"attachment": [
					{ "time": 0, "name": null },
					{ "time": 0.4, "name": "dj4_7_" },
					{ "time": 0.5, "name": null },
					{ "time": 0.7, "name": null }
				]
			},
			"dj4_8_": {
				"attachment": [
					{ "time": 0, "name": null },
					{ "time": 0.4, "name": "dj4_8_" },
					{ "time": 0.5, "name": null },
					{ "time": 0.7, "name": null }
				]
			},
			"dj4_9_": {
				"attachment": [
					{ "time": 0, "name": null },
					{ "time": 0.4, "name": "dj4_9_" },
					{ "time": 0.5, "name": null },
					{ "time": 0.7, "name": null }
				]
			},
			"dj5_1_": {
				"attachment": [
					{ "time": 0, "name": null },
					{ "time": 0.5, "name": "dj5_1_" },
					{ "time": 0.6, "name": null },
					{ "time": 0.7, "name": null }
				]
			},
			"dj5_2_": {
				"attachment": [
					{ "time": 0, "name": null },
					{ "time": 0.5, "name": "dj5_2_" },
					{ "time": 0.6, "name": null },
					{ "time": 0.7, "name": null }
				]
			},
			"dj5_3_": {
				"attachment": [
					{ "time": 0, "name": null },
					{ "time": 0.5, "name": "dj5_3_" },
					{ "time": 0.6, "name": null },
					{ "time": 0.7, "name": null }
				]
			},
			"dj5_4_": {
				"attachment": [
					{ "time": 0, "name": null },
					{ "time": 0.5, "name": "dj5_4_" },
					{ "time": 0.6, "name": null },
					{ "time": 0.7, "name": null }
				]
			},
			"dj5_5_": {
				"attachment": [
					{ "time": 0, "name": null },
					{ "time": 0.5, "name": "dj5_5_" },
					{ "time": 0.6, "name": null },
					{ "time": 0.7, "name": null }
				]
			},
			"dj5_6_": {
				"attachment": [
					{ "time": 0, "name": null },
					{ "time": 0.5, "name": "dj5_6_" },
					{ "time": 0.6, "name": null },
					{ "time": 0.7, "name": null }
				]
			},
			"dj5_7_": {
				"attachment": [
					{ "time": 0, "name": null },
					{ "time": 0.5, "name": "dj5_7_" },
					{ "time": 0.6, "name": null },
					{ "time": 0.7, "name": null }
				]
			},
			"dj5_8_": {
				"attachment": [
					{ "time": 0, "name": null },
					{ "time": 0.5, "name": "dj5_8_" },
					{ "time": 0.6, "name": null },
					{ "time": 0.7, "name": null }
				]
			},
			"dj5_9_": {
				"attachment": [
					{ "time": 0, "name": null },
					{ "time": 0.5, "name": "dj5_9_" },
					{ "time": 0.6, "name": null },
					{ "time": 0.7, "name": null }
				]
			},
			"dj6_1_": {
				"attachment": [
					{ "time": 0, "name": null },
					{ "time": 0.6, "name": "dj6_1_" },
					{ "time": 0.7, "name": null }
				]
			},
			"dj6_2_": {
				"attachment": [
					{ "time": 0, "name": null },
					{ "time": 0.6, "name": "dj6_2_" },
					{ "time": 0.7, "name": null }
				]
			},
			"dj6_3_": {
				"attachment": [
					{ "time": 0, "name": null },
					{ "time": 0.6, "name": "dj6_3_" },
					{ "time": 0.7, "name": null }
				]
			},
			"dj6_4_": {
				"attachment": [
					{ "time": 0, "name": null },
					{ "time": 0.6, "name": "dj6_4_" },
					{ "time": 0.7, "name": null }
				]
			},
			"dj6_5_": {
				"attachment": [
					{ "time": 0.6, "name": "dj6_5_" },
					{ "time": 0.7, "name": null }
				]
			},
			"dj6_6_": {
				"attachment": [
					{ "time": 0, "name": null },
					{ "time": 0.6, "name": "dj6_6_" },
					{ "time": 0.7, "name": null }
				]
			},
			"dj6_7_": {
				"attachment": [
					{ "time": 0, "name": null },
					{ "time": 0.6, "name": "dj6_7_" },
					{ "time": 0.7, "name": null }
				]
			},
			"dj6_8_": {
				"attachment": [
					{ "time": 0, "name": null },
					{ "time": 0.6, "name": "dj6_8_" },
					{ "time": 0.7, "name": null }
				]
			},
			"dj7_10_": {
				"attachment": [
					{ "time": 0, "name": null },
					{ "time": 0.7, "name": "dj7_10_" }
				]
			},
			"dj7_11_": {
				"attachment": [
					{ "time": 0, "name": null },
					{ "time": 0.7, "name": "dj7_11_" }
				]
			},
			"dj7_1_": {
				"attachment": [
					{ "time": 0, "name": null },
					{ "time": 0.7, "name": "dj7_1_" }
				]
			},
			"dj7_2_": {
				"attachment": [
					{ "time": 0, "name": null },
					{ "time": 0.7, "name": "dj7_2_" }
				]
			},
			"dj7_3_": {
				"attachment": [
					{ "time": 0, "name": null },
					{ "time": 0.7, "name": "dj7_3_" }
				]
			},
			"dj7_4_": {
				"attachment": [
					{ "time": 0, "name": null },
					{ "time": 0.7, "name": "dj7_4_" }
				]
			},
			"dj7_5_": {
				"attachment": [
					{ "time": 0, "name": null },
					{ "time": 0.7, "name": "dj7_5_" }
				]
			},
			"dj7_6_": {
				"attachment": [
					{ "time": 0, "name": null },
					{ "time": 0.7, "name": "dj7_6_" }
				]
			},
			"dj7_7_": {
				"attachment": [
					{ "time": 0, "name": null },
					{ "time": 0.7, "name": "dj7_7_" }
				]
			},
			"dj7_8_": {
				"attachment": [
					{ "time": 0, "name": null },
					{ "time": 0.7, "name": "dj7_8_" }
				]
			},
			"dj7_9_": {
				"attachment": [
					{ "time": 0, "name": null },
					{ "time": 0.7, "name": "dj7_9_" }
				]
			},
			"dji0_2_": {
				"attachment": [
					{ "time": 0, "name": "dji0_2_" },
					{ "time": 0.1, "name": null },
					{ "time": 0.7, "name": null }
				]
			},
			"dji0_4_": {
				"attachment": [
					{ "time": 0, "name": "dji0_4_" },
					{ "time": 0.1, "name": null },
					{ "time": 0.7, "name": null }
				]
			},
			"gj0_10_": {
				"attachment": [
					{ "time": 0, "name": null }
				]
			}
		}
	},
	"gj": {
		"slots": {
			"gj0_10_": {
				"attachment": [
					{ "time": 0, "name": "gj0_10_" },
					{ "time": 0.1333, "name": null },
					{ "time": 0.6666, "name": null }
				]
			},
			"gj0_11_": {
				"attachment": [
					{ "time": 0, "name": "gj0_11_" },
					{ "time": 0.1333, "name": null },
					{ "time": 0.6666, "name": null }
				]
			},
			"gj0_12_": {
				"attachment": [
					{ "time": 0, "name": "gj0_12_" },
					{ "time": 0.1333, "name": null },
					{ "time": 0.6666, "name": null }
				]
			},
			"gj0_13_": {
				"attachment": [
					{ "time": 0, "name": "gj0_13_" },
					{ "time": 0.1333, "name": null },
					{ "time": 0.6666, "name": null }
				]
			},
			"gj0_14_": {
				"attachment": [
					{ "time": 0, "name": "gj0_14_" },
					{ "time": 0.1333, "name": null },
					{ "time": 0.6666, "name": null }
				]
			},
			"gj0_1_": {
				"attachment": [
					{ "time": 0, "name": "gj0_1_" },
					{ "time": 0.1333, "name": null },
					{ "time": 0.6666, "name": null }
				]
			},
			"gj0_2_": {
				"attachment": [
					{ "time": 0, "name": "gj0_2_" },
					{ "time": 0.1333, "name": null },
					{ "time": 0.6666, "name": null }
				]
			},
			"gj0_3_": {
				"attachment": [
					{ "time": 0, "name": "gj0_3_" },
					{ "time": 0.1333, "name": null },
					{ "time": 0.6666, "name": null }
				]
			},
			"gj0_4_": {
				"attachment": [
					{ "time": 0, "name": "gj0_4_" },
					{ "time": 0.1333, "name": null },
					{ "time": 0.6666, "name": null }
				]
			},
			"gj0_5_": {
				"attachment": [
					{ "time": 0, "name": "gj0_5_" },
					{ "time": 0.1333, "name": null },
					{ "time": 0.6666, "name": null }
				]
			},
			"gj0_6_": {
				"attachment": [
					{ "time": 0, "name": "gj0_6_" },
					{ "time": 0.1333, "name": null },
					{ "time": 0.6666, "name": null }
				]
			},
			"gj0_7_": {
				"attachment": [
					{ "time": 0, "name": "gj0_7_" },
					{ "time": 0.1333, "name": null },
					{ "time": 0.6666, "name": null }
				]
			},
			"gj0_8_": {
				"attachment": [
					{ "time": 0, "name": "gj0_8_" },
					{ "time": 0.1333, "name": null },
					{ "time": 0.6666, "name": null }
				]
			},
			"gj0_9_": {
				"attachment": [
					{ "time": 0, "name": "gj0_9_" },
					{ "time": 0.1333, "name": null },
					{ "time": 0.6666, "name": null }
				]
			},
			"gj1_10_": {
				"attachment": [
					{ "time": 0, "name": null },
					{ "time": 0.1333, "name": "gj1_10_" },
					{ "time": 0.2666, "name": null },
					{ "time": 0.6666, "name": null }
				]
			},
			"gj1_11_": {
				"attachment": [
					{ "time": 0, "name": null },
					{ "time": 0.1333, "name": "gj1_11_" },
					{ "time": 0.2666, "name": null },
					{ "time": 0.6666, "name": null }
				]
			},
			"gj1_12_": {
				"attachment": [
					{ "time": 0, "name": null },
					{ "time": 0.1333, "name": "gj1_12_" },
					{ "time": 0.2666, "name": null },
					{ "time": 0.6666, "name": null }
				]
			},
			"gj1_13_": {
				"attachment": [
					{ "time": 0, "name": null },
					{ "time": 0.1333, "name": "gj1_13_" },
					{ "time": 0.2666, "name": null },
					{ "time": 0.6666, "name": null }
				]
			},
			"gj1_14_": {
				"attachment": [
					{ "time": 0, "name": null },
					{ "time": 0.1333, "name": "gj1_14_" },
					{ "time": 0.2666, "name": null },
					{ "time": 0.6666, "name": null }
				]
			},
			"gj1_1_": {
				"attachment": [
					{ "time": 0, "name": null },
					{ "time": 0.1333, "name": "gj1_1_" },
					{ "time": 0.2666, "name": null },
					{ "time": 0.6666, "name": null }
				]
			},
			"gj1_2_": {
				"attachment": [
					{ "time": 0, "name": null },
					{ "time": 0.1333, "name": "gj1_2_" },
					{ "time": 0.2666, "name": null },
					{ "time": 0.6666, "name": null }
				]
			},
			"gj1_3_": {
				"attachment": [
					{ "time": 0, "name": null },
					{ "time": 0.1333, "name": "gj1_3_" },
					{ "time": 0.2666, "name": null },
					{ "time": 0.6666, "name": null }
				]
			},
			"gj1_4_": {
				"attachment": [
					{ "time": 0, "name": null },
					{ "time": 0.1333, "name": "gj1_4_" },
					{ "time": 0.2666, "name": null },
					{ "time": 0.6666, "name": null }
				]
			},
			"gj1_5_": {
				"attachment": [
					{ "time": 0, "name": null },
					{ "time": 0.1333, "name": "gj1_5_" },
					{ "time": 0.2666, "name": null },
					{ "time": 0.6666, "name": null }
				]
			},
			"gj1_6_": {
				"attachment": [
					{ "time": 0, "name": null },
					{ "time": 0.1333, "name": "gj1_6_" },
					{ "time": 0.2666, "name": null },
					{ "time": 0.6666, "name": null }
				]
			},
			"gj1_7_": {
				"attachment": [
					{ "time": 0, "name": null },
					{ "time": 0.1333, "name": "gj1_7_" },
					{ "time": 0.2666, "name": null },
					{ "time": 0.6666, "name": null }
				]
			},
			"gj1_8_": {
				"attachment": [
					{ "time": 0, "name": null },
					{ "time": 0.1333, "name": "gj1_8_" },
					{ "time": 0.2666, "name": null },
					{ "time": 0.6666, "name": null }
				]
			},
			"gj1_9_": {
				"attachment": [
					{ "time": 0, "name": null },
					{ "time": 0.1333, "name": "gj1_9_" },
					{ "time": 0.2666, "name": null },
					{ "time": 0.6666, "name": null }
				]
			},
			"gj2_10_": {
				"attachment": [
					{ "time": 0, "name": null },
					{ "time": 0.2666, "name": "gj2_10_" },
					{ "time": 0.4, "name": null },
					{ "time": 0.6666, "name": null }
				]
			},
			"gj2_11_": {
				"attachment": [
					{ "time": 0, "name": null },
					{ "time": 0.2666, "name": "gj2_11_" },
					{ "time": 0.4, "name": null },
					{ "time": 0.6666, "name": null }
				]
			},
			"gj2_12_": {
				"attachment": [
					{ "time": 0, "name": null },
					{ "time": 0.2666, "name": "gj2_12_" },
					{ "time": 0.4, "name": null },
					{ "time": 0.6666, "name": null }
				]
			},
			"gj2_1_": {
				"attachment": [
					{ "time": 0, "name": null },
					{ "time": 0.2666, "name": "gj2_1_" },
					{ "time": 0.4, "name": null },
					{ "time": 0.6666, "name": null }
				]
			},
			"gj2_2_": {
				"attachment": [
					{ "time": 0, "name": null },
					{ "time": 0.2666, "name": "gj2_2_" },
					{ "time": 0.4, "name": null },
					{ "time": 0.6666, "name": null }
				]
			},
			"gj2_3_": {
				"attachment": [
					{ "time": 0, "name": null },
					{ "time": 0.2666, "name": "gj2_3_" },
					{ "time": 0.4, "name": null },
					{ "time": 0.6666, "name": null }
				]
			},
			"gj2_4_": {
				"attachment": [
					{ "time": 0, "name": null },
					{ "time": 0.2666, "name": "gj2_4_" },
					{ "time": 0.4, "name": null },
					{ "time": 0.6666, "name": null }
				]
			},
			"gj2_5_": {
				"attachment": [
					{ "time": 0, "name": null },
					{ "time": 0.2666, "name": "gj2_5_" },
					{ "time": 0.4, "name": null },
					{ "time": 0.6666, "name": null }
				]
			},
			"gj2_6_": {
				"attachment": [
					{ "time": 0, "name": null },
					{ "time": 0.2666, "name": "gj2_6_" },
					{ "time": 0.4, "name": null },
					{ "time": 0.6666, "name": null }
				]
			},
			"gj2_7_": {
				"attachment": [
					{ "time": 0, "name": null },
					{ "time": 0.2666, "name": "gj2_7_" },
					{ "time": 0.4, "name": null },
					{ "time": 0.6666, "name": null }
				]
			},
			"gj2_8_": {
				"attachment": [
					{ "time": 0, "name": null },
					{ "time": 0.2666, "name": "gj2_8_" },
					{ "time": 0.4, "name": null },
					{ "time": 0.6666, "name": null }
				]
			},
			"gj2_9_": {
				"attachment": [
					{ "time": 0, "name": null },
					{ "time": 0.2666, "name": "gj2_9_" },
					{ "time": 0.4, "name": null },
					{ "time": 0.6666, "name": null }
				]
			},
			"gj3_10_": {
				"attachment": [
					{ "time": 0, "name": null },
					{ "time": 0.2666, "name": null },
					{ "time": 0.4, "name": "gj3_10_" },
					{ "time": 0.5333, "name": null },
					{ "time": 0.6666, "name": null }
				]
			},
			"gj3_11_": {
				"attachment": [
					{ "time": 0, "name": null },
					{ "time": 0.4, "name": "gj3_11_" },
					{ "time": 0.5333, "name": null },
					{ "time": 0.6666, "name": null }
				]
			},
			"gj3_12_": {
				"attachment": [
					{ "time": 0, "name": null },
					{ "time": 0.4, "name": "gj3_12_" },
					{ "time": 0.5333, "name": null },
					{ "time": 0.6666, "name": null }
				]
			},
			"gj3_13_": {
				"attachment": [
					{ "time": 0, "name": null },
					{ "time": 0.4, "name": "gj3_13_" },
					{ "time": 0.5333, "name": null },
					{ "time": 0.6666, "name": null }
				]
			},
			"gj3_14_": {
				"attachment": [
					{ "time": 0, "name": null },
					{ "time": 0.4, "name": "gj3_14_" },
					{ "time": 0.5333, "name": null },
					{ "time": 0.6666, "name": null }
				]
			},
			"gj3_15_": {
				"attachment": [
					{ "time": 0, "name": null },
					{ "time": 0.4, "name": "gj3_15_" },
					{ "time": 0.5333, "name": null },
					{ "time": 0.6666, "name": null }
				]
			},
			"gj3_16_": {
				"attachment": [
					{ "time": 0, "name": null },
					{ "time": 0.4, "name": "gj3_16_" },
					{ "time": 0.5333, "name": null },
					{ "time": 0.6666, "name": null }
				]
			},
			"gj3_1_": {
				"attachment": [
					{ "time": 0, "name": null },
					{ "time": 0.4, "name": "gj3_1_" },
					{ "time": 0.5333, "name": null },
					{ "time": 0.6666, "name": null }
				]
			},
			"gj3_2_": {
				"attachment": [
					{ "time": 0, "name": null },
					{ "time": 0.4, "name": "gj3_2_" },
					{ "time": 0.5333, "name": null },
					{ "time": 0.6666, "name": null }
				]
			},
			"gj3_3_": {
				"attachment": [
					{ "time": 0, "name": null },
					{ "time": 0.4, "name": "gj3_3_" },
					{ "time": 0.5333, "name": null },
					{ "time": 0.6666, "name": null }
				]
			},
			"gj3_4_": {
				"attachment": [
					{ "time": 0, "name": null },
					{ "time": 0.4, "name": "gj3_4_" },
					{ "time": 0.5333, "name": null },
					{ "time": 0.6666, "name": null }
				]
			},
			"gj3_5_": {
				"attachment": [
					{ "time": 0, "name": null },
					{ "time": 0.4, "name": "gj3_5_" },
					{ "time": 0.5333, "name": null },
					{ "time": 0.6666, "name": null }
				]
			},
			"gj3_6_": {
				"attachment": [
					{ "time": 0, "name": null },
					{ "time": 0.4, "name": "gj3_6_" },
					{ "time": 0.5333, "name": null },
					{ "time": 0.6666, "name": null }
				]
			},
			"gj3_7_": {
				"attachment": [
					{ "time": 0, "name": null },
					{ "time": 0.4, "name": "gj3_7_" },
					{ "time": 0.5333, "name": null },
					{ "time": 0.6666, "name": null }
				]
			},
			"gj3_8_": {
				"attachment": [
					{ "time": 0, "name": null },
					{ "time": 0.4, "name": "gj3_8_" },
					{ "time": 0.5333, "name": null },
					{ "time": 0.6666, "name": null }
				]
			},
			"gj3_9_": {
				"attachment": [
					{ "time": 0, "name": null },
					{ "time": 0.4, "name": "gj3_9_" },
					{ "time": 0.5333, "name": null },
					{ "time": 0.6666, "name": null }
				]
			},
			"gj4_10_": {
				"attachment": [
					{ "time": 0, "name": null },
					{ "time": 0.5333, "name": "gj4_10_" },
					{ "time": 0.6666, "name": null }
				]
			},
			"gj4_11_": {
				"attachment": [
					{ "time": 0, "name": null },
					{ "time": 0.5333, "name": "gj4_11_" },
					{ "time": 0.6666, "name": null }
				]
			},
			"gj4_12_": {
				"attachment": [
					{ "time": 0, "name": null },
					{ "time": 0.5333, "name": "gj4_12_" },
					{ "time": 0.6666, "name": null }
				]
			},
			"gj4_13_": {
				"attachment": [
					{ "time": 0, "name": null },
					{ "time": 0.5333, "name": "gj4_13_" },
					{ "time": 0.6666, "name": null }
				]
			},
			"gj4_14_": {
				"attachment": [
					{ "time": 0, "name": null },
					{ "time": 0.5333, "name": "gj4_14_" },
					{ "time": 0.6666, "name": null }
				]
			},
			"gj4_15_": {
				"attachment": [
					{ "time": 0, "name": null },
					{ "time": 0.5333, "name": "gj4_15_" },
					{ "time": 0.6666, "name": null }
				]
			},
			"gj4_16_": {
				"attachment": [
					{ "time": 0, "name": null },
					{ "time": 0.5333, "name": "gj4_16_" },
					{ "time": 0.6666, "name": null }
				]
			},
			"gj4_17_": {
				"attachment": [
					{ "time": 0, "name": null },
					{ "time": 0.5333, "name": "gj4_17_" },
					{ "time": 0.6666, "name": null }
				]
			},
			"gj4_1_": {
				"attachment": [
					{ "time": 0, "name": null },
					{ "time": 0.5333, "name": "gj4_1_" },
					{ "time": 0.6666, "name": null }
				]
			},
			"gj4_2_": {
				"attachment": [
					{ "time": 0, "name": null },
					{ "time": 0.5333, "name": "gj4_2_" },
					{ "time": 0.6666, "name": null }
				]
			},
			"gj4_3_": {
				"attachment": [
					{ "time": 0, "name": null },
					{ "time": 0.5333, "name": "gj4_3_" },
					{ "time": 0.6666, "name": null }
				]
			},
			"gj4_4_": {
				"attachment": [
					{ "time": 0, "name": null },
					{ "time": 0.5333, "name": "gj4_4_" },
					{ "time": 0.6666, "name": null }
				]
			},
			"gj4_5_": {
				"attachment": [
					{ "time": 0, "name": null },
					{ "time": 0.5333, "name": "gj4_5_" },
					{ "time": 0.6666, "name": null }
				]
			},
			"gj4_6_": {
				"attachment": [
					{ "time": 0, "name": null },
					{ "time": 0.5333, "name": "gj4_6_" },
					{ "time": 0.6666, "name": null }
				]
			},
			"gj4_7_": {
				"attachment": [
					{ "time": 0, "name": null },
					{ "time": 0.5333, "name": "gj4_7_" },
					{ "time": 0.6666, "name": null }
				]
			},
			"gj4_8_": {
				"attachment": [
					{ "time": 0, "name": null },
					{ "time": 0.5333, "name": "gj4_8_" },
					{ "time": 0.6666, "name": null }
				]
			},
			"gj4_9_": {
				"attachment": [
					{ "time": 0, "name": null },
					{ "time": 0.5333, "name": "gj4_9_" },
					{ "time": 0.6666, "name": null }
				]
			},
			"gj5_10_": {
				"attachment": [
					{ "time": 0, "name": null },
					{ "time": 0.6666, "name": "gj5_10_" }
				]
			},
			"gj5_11_": {
				"attachment": [
					{ "time": 0, "name": null },
					{ "time": 0.6666, "name": "gj5_11_" }
				]
			},
			"gj5_12_": {
				"attachment": [
					{ "time": 0, "name": null },
					{ "time": 0.6666, "name": "gj5_12_" }
				]
			},
			"gj5_13_": {
				"attachment": [
					{ "time": 0, "name": null },
					{ "time": 0.6666, "name": "gj5_13_" }
				]
			},
			"gj5_1_": {
				"attachment": [
					{ "time": 0, "name": null },
					{ "time": 0.6666, "name": "gj5_1_" }
				]
			},
			"gj5_2_": {
				"attachment": [
					{ "time": 0, "name": null },
					{ "time": 0.6666, "name": "gj5_2_" }
				]
			},
			"gj5_3_": {
				"attachment": [
					{ "time": 0, "name": null },
					{ "time": 0.6666, "name": "gj5_3_" }
				]
			},
			"gj5_4_": {
				"attachment": [
					{ "time": 0, "name": null },
					{ "time": 0.6666, "name": "gj5_4_" }
				]
			},
			"gj5_5_": {
				"attachment": [
					{ "time": 0, "name": null },
					{ "time": 0.6666, "name": "gj5_5_" }
				]
			},
			"gj5_6_": {
				"attachment": [
					{ "time": 0, "name": null },
					{ "time": 0.6666, "name": "gj5_6_" }
				]
			},
			"gj5_7_": {
				"attachment": [
					{ "time": 0, "name": null },
					{ "time": 0.6666, "name": "gj5_7_" }
				]
			},
			"gj5_8_": {
				"attachment": [
					{ "time": 0, "name": null },
					{ "time": 0.6666, "name": "gj5_8_" }
				]
			},
			"gj5_9_": {
				"attachment": [
					{ "time": 0, "name": null },
					{ "time": 0.6666, "name": "gj5_9_" }
				]
			}
		}
	},
	"sw": {
		"slots": {
			"sw0_1_": {
				"attachment": [
					{ "time": 0, "name": "sw0_1_" },
					{ "time": 0.1333, "name": null },
					{ "time": 0.5333, "name": null }
				]
			},
			"sw0_2_": {
				"attachment": [
					{ "time": 0, "name": "sw0_2_" },
					{ "time": 0.1333, "name": null },
					{ "time": 0.5333, "name": null }
				]
			},
			"sw0_3_": {
				"attachment": [
					{ "time": 0, "name": "sw0_3_" },
					{ "time": 0.1333, "name": null },
					{ "time": 0.5333, "name": null }
				]
			},
			"sw0_4_": {
				"attachment": [
					{ "time": 0, "name": "sw0_4_" },
					{ "time": 0.1333, "name": null },
					{ "time": 0.5333, "name": null }
				]
			},
			"sw0_5_": {
				"attachment": [
					{ "time": 0, "name": "sw0_5_" },
					{ "time": 0.1333, "name": null },
					{ "time": 0.5333, "name": null }
				]
			},
			"sw0_6_": {
				"attachment": [
					{ "time": 0, "name": "sw0_6_" },
					{ "time": 0.1333, "name": null },
					{ "time": 0.5333, "name": null }
				]
			},
			"sw0_7_": {
				"attachment": [
					{ "time": 0, "name": "sw0_7_" },
					{ "time": 0.1333, "name": null },
					{ "time": 0.5333, "name": null }
				]
			},
			"sw0_8_": {
				"attachment": [
					{ "time": 0, "name": "sw0_8_" },
					{ "time": 0.1333, "name": null },
					{ "time": 0.5333, "name": null }
				]
			},
			"sw1_10_": {
				"attachment": [
					{ "time": 0, "name": null },
					{ "time": 0.1333, "name": "sw1_10_" },
					{ "time": 0.2666, "name": null },
					{ "time": 0.5333, "name": null }
				]
			},
			"sw1_11_": {
				"attachment": [
					{ "time": 0, "name": null },
					{ "time": 0.1333, "name": "sw1_11_" },
					{ "time": 0.2666, "name": null },
					{ "time": 0.5333, "name": null }
				]
			},
			"sw1_12_": {
				"attachment": [
					{ "time": 0, "name": null },
					{ "time": 0.1333, "name": "sw1_12_" },
					{ "time": 0.2666, "name": null },
					{ "time": 0.5333, "name": null }
				]
			},
			"sw1_13_": {
				"attachment": [
					{ "time": 0, "name": null },
					{ "time": 0.1333, "name": "sw1_13_" },
					{ "time": 0.2666, "name": null },
					{ "time": 0.5333, "name": null }
				]
			},
			"sw1_14_": {
				"attachment": [
					{ "time": 0, "name": null },
					{ "time": 0.1333, "name": "sw1_14_" },
					{ "time": 0.2666, "name": null },
					{ "time": 0.5333, "name": null }
				]
			},
			"sw1_1_": {
				"attachment": [
					{ "time": 0, "name": null },
					{ "time": 0.1333, "name": "sw1_1_" },
					{ "time": 0.2666, "name": null },
					{ "time": 0.5333, "name": null }
				]
			},
			"sw1_2_": {
				"attachment": [
					{ "time": 0, "name": null },
					{ "time": 0.1333, "name": "sw1_2_" },
					{ "time": 0.2666, "name": null },
					{ "time": 0.5333, "name": null }
				]
			},
			"sw1_3_": {
				"attachment": [
					{ "time": 0, "name": null },
					{ "time": 0.1333, "name": "sw1_3_" },
					{ "time": 0.2666, "name": null },
					{ "time": 0.5333, "name": null }
				]
			},
			"sw1_4_": {
				"attachment": [
					{ "time": 0, "name": null },
					{ "time": 0.1333, "name": "sw1_4_" },
					{ "time": 0.2666, "name": null },
					{ "time": 0.5333, "name": null }
				]
			},
			"sw1_5_": {
				"attachment": [
					{ "time": 0, "name": null },
					{ "time": 0.1333, "name": "sw1_5_" },
					{ "time": 0.2666, "name": null },
					{ "time": 0.5333, "name": null }
				]
			},
			"sw1_6_": {
				"attachment": [
					{ "time": 0, "name": null },
					{ "time": 0.1333, "name": "sw1_6_" },
					{ "time": 0.2666, "name": null },
					{ "time": 0.5333, "name": null }
				]
			},
			"sw1_7_": {
				"attachment": [
					{ "time": 0, "name": null },
					{ "time": 0.1333, "name": "sw1_7_" },
					{ "time": 0.2666, "name": null },
					{ "time": 0.5333, "name": null }
				]
			},
			"sw1_8_": {
				"attachment": [
					{ "time": 0, "name": null },
					{ "time": 0.1333, "name": "sw1_8_" },
					{ "time": 0.2666, "name": null },
					{ "time": 0.5333, "name": null }
				]
			},
			"sw1_9_": {
				"attachment": [
					{ "time": 0, "name": null },
					{ "time": 0.1333, "name": "sw1_9_" },
					{ "time": 0.2666, "name": null },
					{ "time": 0.5333, "name": null }
				]
			},
			"sw2_1_": {
				"attachment": [
					{ "time": 0, "name": null },
					{ "time": 0.1333, "name": null },
					{ "time": 0.2666, "name": "sw2_1_" },
					{ "time": 0.4, "name": null },
					{ "time": 0.5333, "name": null }
				]
			},
			"sw2_2_": {
				"attachment": [
					{ "time": 0, "name": null },
					{ "time": 0.2666, "name": "sw2_2_" },
					{ "time": 0.4, "name": null },
					{ "time": 0.5333, "name": null }
				]
			},
			"sw2_3_": {
				"attachment": [
					{ "time": 0, "name": null },
					{ "time": 0.2666, "name": "sw2_3_" },
					{ "time": 0.4, "name": null },
					{ "time": 0.5333, "name": null }
				]
			},
			"sw2_4_": {
				"attachment": [
					{ "time": 0, "name": null },
					{ "time": 0.2666, "name": "sw2_4_" },
					{ "time": 0.4, "name": null },
					{ "time": 0.5333, "name": null }
				]
			},
			"sw2_5_": {
				"attachment": [
					{ "time": 0, "name": null },
					{ "time": 0.2666, "name": "sw2_5_" },
					{ "time": 0.4, "name": null },
					{ "time": 0.5333, "name": null }
				]
			},
			"sw3_1_": {
				"attachment": [
					{ "time": 0, "name": null },
					{ "time": 0.2666, "name": null },
					{ "time": 0.4, "name": "sw3_1_" },
					{ "time": 0.5333, "name": null }
				]
			},
			"sw3_2_": {
				"attachment": [
					{ "time": 0, "name": null },
					{ "time": 0.2666, "name": null },
					{ "time": 0.4, "name": "sw3_2_" },
					{ "time": 0.5333, "name": null }
				]
			},
			"sw3_3_": {
				"attachment": [
					{ "time": 0, "name": null },
					{ "time": 0.2666, "name": null },
					{ "time": 0.4, "name": "sw3_3_" },
					{ "time": 0.5333, "name": null }
				]
			},
			"sw3_4_": {
				"attachment": [
					{ "time": 0, "name": null },
					{ "time": 0.4, "name": "sw3_4_" },
					{ "time": 0.5333, "name": null }
				]
			},
			"sw3_5_": {
				"attachment": [
					{ "time": 0, "name": null },
					{ "time": 0.4, "name": "sw3_5_" },
					{ "time": 0.5333, "name": null }
				]
			},
			"sw4_1_": {
				"attachment": [
					{ "time": 0, "name": null },
					{ "time": 0.5333, "name": "sw4_1_" }
				]
			},
			"sw4_2_": {
				"attachment": [
					{ "time": 0, "name": null },
					{ "time": 0.5333, "name": "sw4_2_" }
				]
			},
			"sw4_3_": {
				"attachment": [
					{ "time": 0, "name": null },
					{ "time": 0.5333, "name": "sw4_3_" }
				]
			},
			"sw4_4_": {
				"attachment": [
					{ "time": 0, "name": null },
					{ "time": 0.5333, "name": "sw4_4_" }
				]
			},
			"sw4_5_": {
				"attachment": [
					{ "time": 0, "name": null },
					{ "time": 0.5333, "name": "sw4_5_" }
				]
			}
		}
	}
}
}