{
"skeleton": { "hash": "YDd/PUmoJcTS/xOV75UNeSVPWss", "spine": "2.1.27", "width": 0, "height": 0 },
"bones": [
	{ "name": "root" },
	{ "name": "siwang", "parent": "root", "x": -0.75, "y": -2.45 }
],
"slots": [
	{ "name": "Scws_dj_0_0_0_", "bone": "root", "attachment": "Scws_dj_0_0_0_" },
	{ "name": "Scws_dj_0_0_1_", "bone": "root", "attachment": "Scws_dj_0_0_1_" },
	{ "name": "Scws_dj_0_0_2_", "bone": "root", "attachment": "Scws_dj_0_0_2_" },
	{ "name": "Scws_dj_0_0_3_", "bone": "root", "attachment": "Scws_dj_0_0_3_" },
	{ "name": "Scws_dj_0_0_4_", "bone": "root", "attachment": "Scws_dj_0_0_4_" },
	{ "name": "Scws_dj_0_0_5_", "bone": "root", "attachment": "Scws_dj_0_0_5_" },
	{ "name": "Scws_dj_0_0_6_", "bone": "root", "attachment": "Scws_dj_0_0_6_" },
	{ "name": "Scws_dj_0_0_7_", "bone": "root", "attachment": "Scws_dj_0_0_7_" },
	{ "name": "Scws_dj_0_0_8_", "bone": "root", "attachment": "Scws_dj_0_0_8_" },
	{ "name": "Scws_dj_0_0_9_", "bone": "root", "attachment": "Scws_dj_0_0_9_" },
	{ "name": "Scws_dj_0_0_10_", "bone": "root", "attachment": "Scws_dj_0_0_10_" },
	{ "name": "Scws_dj_0_0_11_", "bone": "root", "attachment": "Scws_dj_0_0_11_" },
	{ "name": "Scws_dj_0_0_12_", "bone": "root", "attachment": "Scws_dj_0_0_12_" },
	{ "name": "Scws_dj_0_0_13_", "bone": "root", "attachment": "Scws_dj_0_0_13_" },
	{ "name": "Scws_dj_0_0_14_", "bone": "root", "attachment": "Scws_dj_0_0_14_" },
	{ "name": "Scws_dj_0_3_1_", "bone": "root", "attachment": "Scws_dj_0_3_1_" },
	{ "name": "Scws_dj_0_3_2_", "bone": "root", "attachment": "Scws_dj_0_3_2_" },
	{ "name": "Scws_dj_0_3_3_", "bone": "root", "attachment": "Scws_dj_0_3_3_" },
	{ "name": "Scws_dj_0_3_4_", "bone": "root", "attachment": "Scws_dj_0_3_4_" },
	{ "name": "Scws_dj_0_3_5_", "bone": "root", "attachment": "Scws_dj_0_3_5_" },
	{ "name": "Scws_dj_0_3_6_", "bone": "root", "attachment": "Scws_dj_0_3_6_" },
	{ "name": "Scws_dj_0_3_7_", "bone": "root", "attachment": "Scws_dj_0_3_7_" },
	{ "name": "Scws_dj_0_3_8_", "bone": "root", "attachment": "Scws_dj_0_3_8_" },
	{ "name": "Scws_dj_0_3_9_", "bone": "root", "attachment": "Scws_dj_0_3_9_" },
	{ "name": "Scws_dj_0_3_10_", "bone": "root", "attachment": "Scws_dj_0_3_10_" },
	{ "name": "Scws_dj_0_3_11_", "bone": "root", "attachment": "Scws_dj_0_3_11_" },
	{ "name": "Scws_dj_0_3_12_", "bone": "root", "attachment": "Scws_dj_0_3_12_" },
	{ "name": "Scws_dj_0_3_13_", "bone": "root", "attachment": "Scws_dj_0_3_13_" },
	{ "name": "Scws_dj_0_3_14_", "bone": "root", "attachment": "Scws_dj_0_3_14_" },
	{ "name": "Scws_dj_0_3_15_", "bone": "root", "attachment": "Scws_dj_0_3_15_" },
	{ "name": "Scws_dj_0_3_16_", "bone": "root", "attachment": "Scws_dj_0_3_16_" },
	{ "name": "Scws_dj_0_5_0_", "bone": "root", "attachment": "Scws_dj_0_5_0_" },
	{ "name": "Scws_dj_0_5_1_", "bone": "root", "attachment": "Scws_dj_0_5_1_" },
	{ "name": "Scws_dj_0_5_2_", "bone": "root", "attachment": "Scws_dj_0_5_2_" },
	{ "name": "Scws_dj_0_5_3_", "bone": "root", "attachment": "Scws_dj_0_5_3_" },
	{ "name": "Scws_dj_0_5_4_", "bone": "root", "attachment": "Scws_dj_0_5_4_" },
	{ "name": "Scws_dj_0_5_5_", "bone": "root", "attachment": "Scws_dj_0_5_5_" },
	{ "name": "Scws_dj_0_5_6_", "bone": "root", "attachment": "Scws_dj_0_5_6_" },
	{ "name": "Scws_dj_0_5_7_", "bone": "root", "attachment": "Scws_dj_0_5_7_" },
	{ "name": "Scws_dj_0_5_8_", "bone": "root", "attachment": "Scws_dj_0_5_8_" },
	{ "name": "Scws_dj_0_5_9_", "bone": "root", "attachment": "Scws_dj_0_5_9_" },
	{ "name": "Scws_dj_0_5_10_", "bone": "root", "attachment": "Scws_dj_0_5_10_" },
	{ "name": "Scws_dj_0_5_11_", "bone": "root", "attachment": "Scws_dj_0_5_11_" },
	{ "name": "Scws_gj_0_2_0_", "bone": "root", "attachment": "Scws_gj_0_2_0_" },
	{ "name": "Scws_gj_0_2_1_", "bone": "root", "attachment": "Scws_gj_0_2_1_" },
	{ "name": "Scws_gj_0_2_2_", "bone": "root", "attachment": "Scws_gj_0_2_2_" },
	{ "name": "Scws_gj_0_2_3_", "bone": "root", "attachment": "Scws_gj_0_2_3_" },
	{ "name": "Scws_gj_0_2_4_", "bone": "root", "attachment": "Scws_gj_0_2_4_" },
	{ "name": "Scws_gj_0_2_5_", "bone": "root", "attachment": "Scws_gj_0_2_5_" },
	{ "name": "Scws_gj_0_2_6_", "bone": "root", "attachment": "Scws_gj_0_2_6_" },
	{ "name": "Scws_gj_0_7_0_", "bone": "root", "attachment": "Scws_gj_0_7_0_" },
	{ "name": "Scws_gj_0_7_1_", "bone": "root", "attachment": "Scws_gj_0_7_1_" },
	{ "name": "Scws_gj_0_7_2_", "bone": "root", "attachment": "Scws_gj_0_7_2_" },
	{ "name": "Scws_gj_0_7_3_", "bone": "root", "attachment": "Scws_gj_0_7_3_" },
	{ "name": "Scws_gj_0_7_4_", "bone": "root", "attachment": "Scws_gj_0_7_4_" },
	{ "name": "Scws_gj_0_7_5_", "bone": "root", "attachment": "Scws_gj_0_7_5_" },
	{ "name": "Scws_gj_0_7_6_", "bone": "root", "attachment": "Scws_gj_0_7_6_" },
	{ "name": "Scws_gj_0_7_7_", "bone": "root", "attachment": "Scws_gj_0_7_7_" },
	{ "name": "Scws_gj_0_7_8_", "bone": "root", "attachment": "Scws_gj_0_7_8_" },
	{ "name": "siwang", "bone": "siwang", "attachment": "siwang_6_" }
],
"skins": {
	"default": {
		"Scws_dj_0_0_0_": {
			"Scws_dj_0_0_0_": { "x": 78, "y": 157, "width": 26, "height": 26 }
		},
		"Scws_dj_0_0_10_": {
			"Scws_dj_0_0_10_": { "x": -38.49, "y": 12.5, "width": 39, "height": 47 }
		},
		"Scws_dj_0_0_11_": {
			"Scws_dj_0_0_11_": { "x": -84.99, "y": -7.99, "width": 12, "height": 22 }
		},
		"Scws_dj_0_0_12_": {
			"Scws_dj_0_0_12_": { "x": 48, "y": 90, "width": 134, "height": 110 }
		},
		"Scws_dj_0_0_13_": {
			"Scws_dj_0_0_13_": { "x": 191, "y": 65.5, "width": 54, "height": 33 }
		},
		"Scws_dj_0_0_14_": {
			"Scws_dj_0_0_14_": { "x": 140, "y": 53, "width": 50, "height": 36 }
		},
		"Scws_dj_0_0_1_": {
			"Scws_dj_0_0_1_": { "x": 47.5, "y": 165, "width": 37, "height": 42 }
		},
		"Scws_dj_0_0_2_": {
			"Scws_dj_0_0_2_": { "x": 20.5, "y": 161, "width": 19, "height": 34 }
		},
		"Scws_dj_0_0_3_": {
			"Scws_dj_0_0_3_": { "x": -8.49, "y": 171.5, "width": 39, "height": 55 }
		},
		"Scws_dj_0_0_4_": {
			"Scws_dj_0_0_4_": { "x": -40.49, "y": 114.5, "width": 43, "height": 63 }
		},
		"Scws_dj_0_0_5_": {
			"Scws_dj_0_0_5_": { "x": -48.99, "y": 65.5, "width": 62, "height": 37 }
		},
		"Scws_dj_0_0_6_": {
			"Scws_dj_0_0_6_": { "x": -42.99, "y": 43, "width": 34, "height": 14 }
		},
		"Scws_dj_0_0_7_": {
			"Scws_dj_0_0_7_": { "x": 45, "y": 19, "width": 128, "height": 32 }
		},
		"Scws_dj_0_0_8_": {
			"Scws_dj_0_0_8_": { "y": -7.49, "width": 22, "height": 21 }
		},
		"Scws_dj_0_0_9_": {
			"Scws_dj_0_0_9_": { "x": -68.49, "y": -6.49, "width": 21, "height": 23 }
		},
		"Scws_dj_0_3_10_": {
			"Scws_dj_0_3_10_": { "x": -48.99, "y": 70.5, "width": 64, "height": 39 }
		},
		"Scws_dj_0_3_11_": {
			"Scws_dj_0_3_11_": { "x": -41.49, "y": 111.5, "width": 47, "height": 47 }
		},
		"Scws_dj_0_3_12_": {
			"Scws_dj_0_3_12_": { "x": -27.99, "y": 143, "width": 20, "height": 18 }
		},
		"Scws_dj_0_3_13_": {
			"Scws_dj_0_3_13_": { "x": 16.5, "y": 164, "width": 19, "height": 40 }
		},
		"Scws_dj_0_3_14_": {
			"Scws_dj_0_3_14_": { "x": -12.49, "y": 172.5, "width": 39, "height": 57 }
		},
		"Scws_dj_0_3_15_": {
			"Scws_dj_0_3_15_": { "x": 43.5, "y": 168, "width": 35, "height": 48 }
		},
		"Scws_dj_0_3_16_": {
			"Scws_dj_0_3_16_": { "x": 74.5, "y": 162.5, "width": 27, "height": 35 }
		},
		"Scws_dj_0_3_1_": {
			"Scws_dj_0_3_1_": { "x": 190, "y": 54, "width": 48, "height": 28 }
		},
		"Scws_dj_0_3_2_": {
			"Scws_dj_0_3_2_": { "x": 140.5, "y": 46.5, "width": 51, "height": 33 }
		},
		"Scws_dj_0_3_3_": {
			"Scws_dj_0_3_3_": { "x": 50.5, "y": 90.5, "width": 139, "height": 109 }
		},
		"Scws_dj_0_3_4_": {
			"Scws_dj_0_3_4_": { "x": -6.49, "y": -4.99, "width": 23, "height": 26 }
		},
		"Scws_dj_0_3_5_": {
			"Scws_dj_0_3_5_": { "x": 48.5, "y": 21, "width": 135, "height": 30 }
		},
		"Scws_dj_0_3_6_": {
			"Scws_dj_0_3_6_": { "x": -66.99, "y": 3, "width": 24, "height": 16 }
		},
		"Scws_dj_0_3_7_": {
			"Scws_dj_0_3_7_": { "x": -86.49, "width": 15, "height": 22 }
		},
		"Scws_dj_0_3_8_": {
			"Scws_dj_0_3_8_": { "x": -37.49, "y": 13, "width": 39, "height": 36 }
		},
		"Scws_dj_0_3_9_": {
			"Scws_dj_0_3_9_": { "x": -44.99, "y": 41.5, "width": 32, "height": 27 }
		},
		"Scws_dj_0_5_0_": {
			"Scws_dj_0_5_0_": { "x": 63, "y": 23, "width": 110, "height": 26 }
		},
		"Scws_dj_0_5_10_": {
			"Scws_dj_0_5_10_": { "x": -11.99, "y": 172, "width": 46, "height": 56 }
		},
		"Scws_dj_0_5_11_": {
			"Scws_dj_0_5_11_": { "x": 48.5, "y": 168, "width": 79, "height": 48 }
		},
		"Scws_dj_0_5_1_": {
			"Scws_dj_0_5_1_": { "x": -5.49, "y": 12.5, "width": 27, "height": 49 }
		},
		"Scws_dj_0_5_2_": {
			"Scws_dj_0_5_2_": { "x": -36.99, "y": 16.5, "width": 36, "height": 39 }
		},
		"Scws_dj_0_5_3_": {
			"Scws_dj_0_5_3_": { "x": -66.49, "y": 3.5, "width": 25, "height": 19 }
		},
		"Scws_dj_0_5_4_": {
			"Scws_dj_0_5_4_": { "x": -84.99, "y": 0.5, "width": 12, "height": 21 }
		},
		"Scws_dj_0_5_5_": {
			"Scws_dj_0_5_5_": { "x": 192.5, "y": 63, "width": 53, "height": 30 }
		},
		"Scws_dj_0_5_6_": {
			"Scws_dj_0_5_6_": { "x": 144, "y": 54, "width": 44, "height": 34 }
		},
		"Scws_dj_0_5_7_": {
			"Scws_dj_0_5_7_": { "x": -69.49, "y": 72.5, "width": 21, "height": 37 }
		},
		"Scws_dj_0_5_8_": {
			"Scws_dj_0_5_8_": { "x": -40.99, "y": 90.5, "width": 44, "height": 109 }
		},
		"Scws_dj_0_5_9_": {
			"Scws_dj_0_5_9_": { "x": 51.5, "y": 90.5, "width": 141, "height": 109 }
		},
		"Scws_gj_0_2_0_": {
			"Scws_gj_0_2_0_": { "x": -133.49, "y": 136.5, "width": 59, "height": 27 }
		},
		"Scws_gj_0_2_1_": {
			"Scws_gj_0_2_1_": { "x": -81.49, "y": 148.5, "width": 49, "height": 29 }
		},
		"Scws_gj_0_2_2_": {
			"Scws_gj_0_2_2_": { "x": -76.49, "y": 86.5, "width": 35, "height": 53 }
		},
		"Scws_gj_0_2_3_": {
			"Scws_gj_0_2_3_": { "x": -14.99, "y": 206, "width": 36, "height": 10 }
		},
		"Scws_gj_0_2_4_": {
			"Scws_gj_0_2_4_": { "x": -21.99, "y": 17.5, "width": 54, "height": 39 }
		},
		"Scws_gj_0_2_5_": {
			"Scws_gj_0_2_5_": { "x": 86.5, "y": 147.5, "width": 55, "height": 95 }
		},
		"Scws_gj_0_2_6_": {
			"Scws_gj_0_2_6_": { "y": 120, "width": 118, "height": 166 }
		},
		"Scws_gj_0_7_0_": {
			"Scws_gj_0_7_0_": { "x": -240.49, "y": -74.99, "width": 27, "height": 22 }
		},
		"Scws_gj_0_7_1_": {
			"Scws_gj_0_7_1_": { "x": -209.49, "y": -47.99, "width": 41, "height": 36 }
		},
		"Scws_gj_0_7_2_": {
			"Scws_gj_0_7_2_": { "x": -177.49, "y": -16.99, "width": 37, "height": 28 }
		},
		"Scws_gj_0_7_3_": {
			"Scws_gj_0_7_3_": { "x": -146.49, "y": 10.5, "width": 37, "height": 27 }
		},
		"Scws_gj_0_7_4_": {
			"Scws_gj_0_7_4_": { "x": -103.99, "y": 43, "width": 64, "height": 38 }
		},
		"Scws_gj_0_7_5_": {
			"Scws_gj_0_7_5_": { "x": -57.49, "y": 100.5, "width": 81, "height": 79 }
		},
		"Scws_gj_0_7_6_": {
			"Scws_gj_0_7_6_": { "x": 14.5, "y": 185.5, "width": 35, "height": 29 }
		},
		"Scws_gj_0_7_7_": {
			"Scws_gj_0_7_7_": { "x": 83.5, "y": 7, "width": 73, "height": 36 }
		},
		"Scws_gj_0_7_8_": {
			"Scws_gj_0_7_8_": { "x": 52, "y": 98, "width": 140, "height": 148 }
		},
		"siwang": {
			"siwang_0_": { "width": 165, "height": 156 },
			"siwang_1_": { "width": 165, "height": 156 },
			"siwang_2_": { "width": 165, "height": 156 },
			"siwang_3_": { "width": 165, "height": 156 },
			"siwang_4_": { "width": 165, "height": 156 },
			"siwang_5_": { "width": 165, "height": 156 },
			"siwang_6_": { "width": 165, "height": 156 }
		}
	}
},
"animations": {
	"dj": {
		"slots": {
			"Scws_dj_0_0_0_": {
				"attachment": [
					{ "time": 0, "name": "Scws_dj_0_0_0_" },
					{ "time": 0.1, "name": null },
					{ "time": 0.2333, "name": "Scws_dj_0_0_0_" }
				]
			},
			"Scws_dj_0_0_10_": {
				"attachment": [
					{ "time": 0, "name": "Scws_dj_0_0_10_" },
					{ "time": 0.1, "name": null },
					{ "time": 0.2333, "name": "Scws_dj_0_0_10_" }
				]
			},
			"Scws_dj_0_0_11_": {
				"attachment": [
					{ "time": 0, "name": "Scws_dj_0_0_11_" },
					{ "time": 0.1, "name": null },
					{ "time": 0.2333, "name": "Scws_dj_0_0_11_" }
				]
			},
			"Scws_dj_0_0_12_": {
				"attachment": [
					{ "time": 0, "name": "Scws_dj_0_0_12_" },
					{ "time": 0.1, "name": null },
					{ "time": 0.2333, "name": "Scws_dj_0_0_12_" }
				]
			},
			"Scws_dj_0_0_13_": {
				"attachment": [
					{ "time": 0, "name": "Scws_dj_0_0_13_" },
					{ "time": 0.1, "name": null },
					{ "time": 0.2333, "name": "Scws_dj_0_0_13_" }
				]
			},
			"Scws_dj_0_0_14_": {
				"attachment": [
					{ "time": 0, "name": "Scws_dj_0_0_14_" },
					{ "time": 0.1, "name": null },
					{ "time": 0.2333, "name": "Scws_dj_0_0_14_" }
				]
			},
			"Scws_dj_0_0_1_": {
				"attachment": [
					{ "time": 0, "name": "Scws_dj_0_0_1_" },
					{ "time": 0.1, "name": null },
					{ "time": 0.2333, "name": "Scws_dj_0_0_1_" }
				]
			},
			"Scws_dj_0_0_2_": {
				"attachment": [
					{ "time": 0, "name": "Scws_dj_0_0_2_" },
					{ "time": 0.1, "name": null },
					{ "time": 0.2333, "name": "Scws_dj_0_0_2_" }
				]
			},
			"Scws_dj_0_0_3_": {
				"attachment": [
					{ "time": 0, "name": "Scws_dj_0_0_3_" },
					{ "time": 0.1, "name": null },
					{ "time": 0.2333, "name": "Scws_dj_0_0_3_" }
				]
			},
			"Scws_dj_0_0_4_": {
				"attachment": [
					{ "time": 0, "name": "Scws_dj_0_0_4_" },
					{ "time": 0.1, "name": null },
					{ "time": 0.2333, "name": "Scws_dj_0_0_4_" }
				]
			},
			"Scws_dj_0_0_5_": {
				"attachment": [
					{ "time": 0, "name": "Scws_dj_0_0_5_" },
					{ "time": 0.1, "name": null },
					{ "time": 0.2333, "name": "Scws_dj_0_0_5_" }
				]
			},
			"Scws_dj_0_0_6_": {
				"attachment": [
					{ "time": 0, "name": "Scws_dj_0_0_6_" },
					{ "time": 0.1, "name": null },
					{ "time": 0.2333, "name": "Scws_dj_0_0_6_" }
				]
			},
			"Scws_dj_0_0_7_": {
				"attachment": [
					{ "time": 0, "name": "Scws_dj_0_0_7_" },
					{ "time": 0.1, "name": null },
					{ "time": 0.2333, "name": "Scws_dj_0_0_7_" }
				]
			},
			"Scws_dj_0_0_8_": {
				"attachment": [
					{ "time": 0, "name": "Scws_dj_0_0_8_" },
					{ "time": 0.1, "name": null },
					{ "time": 0.2333, "name": "Scws_dj_0_0_8_" }
				]
			},
			"Scws_dj_0_0_9_": {
				"attachment": [
					{ "time": 0, "name": "Scws_dj_0_0_9_" },
					{ "time": 0.1, "name": null },
					{ "time": 0.2333, "name": "Scws_dj_0_0_9_" }
				]
			},
			"Scws_dj_0_3_10_": {
				"attachment": [
					{ "time": 0, "name": null },
					{ "time": 0.1, "name": "Scws_dj_0_3_10_" },
					{ "time": 0.1666, "name": null },
					{ "time": 0.2333, "name": null }
				]
			},
			"Scws_dj_0_3_11_": {
				"attachment": [
					{ "time": 0, "name": null },
					{ "time": 0.1, "name": "Scws_dj_0_3_11_" },
					{ "time": 0.1666, "name": null },
					{ "time": 0.2333, "name": null }
				]
			},
			"Scws_dj_0_3_12_": {
				"attachment": [
					{ "time": 0, "name": null },
					{ "time": 0.1, "name": "Scws_dj_0_3_12_" },
					{ "time": 0.1666, "name": null },
					{ "time": 0.2333, "name": null }
				]
			},
			"Scws_dj_0_3_13_": {
				"attachment": [
					{ "time": 0, "name": null },
					{ "time": 0.1, "name": "Scws_dj_0_3_13_" },
					{ "time": 0.1666, "name": null },
					{ "time": 0.2333, "name": null }
				]
			},
			"Scws_dj_0_3_14_": {
				"attachment": [
					{ "time": 0, "name": null },
					{ "time": 0.1, "name": "Scws_dj_0_3_14_" },
					{ "time": 0.1666, "name": null },
					{ "time": 0.2333, "name": null }
				]
			},
			"Scws_dj_0_3_15_": {
				"attachment": [
					{ "time": 0, "name": null },
					{ "time": 0.1, "name": "Scws_dj_0_3_15_" },
					{ "time": 0.1666, "name": null },
					{ "time": 0.2333, "name": null }
				]
			},
			"Scws_dj_0_3_16_": {
				"attachment": [
					{ "time": 0, "name": null },
					{ "time": 0.1, "name": "Scws_dj_0_3_16_" },
					{ "time": 0.1666, "name": null },
					{ "time": 0.2333, "name": null }
				]
			},
			"Scws_dj_0_3_1_": {
				"attachment": [
					{ "time": 0, "name": null },
					{ "time": 0.1, "name": "Scws_dj_0_3_1_" },
					{ "time": 0.1666, "name": null },
					{ "time": 0.2333, "name": null }
				]
			},
			"Scws_dj_0_3_2_": {
				"attachment": [
					{ "time": 0, "name": null },
					{ "time": 0.1, "name": "Scws_dj_0_3_2_" },
					{ "time": 0.1666, "name": null },
					{ "time": 0.2333, "name": null }
				]
			},
			"Scws_dj_0_3_3_": {
				"attachment": [
					{ "time": 0, "name": null },
					{ "time": 0.1, "name": "Scws_dj_0_3_3_" },
					{ "time": 0.1666, "name": null },
					{ "time": 0.2333, "name": null }
				]
			},
			"Scws_dj_0_3_4_": {
				"attachment": [
					{ "time": 0, "name": null },
					{ "time": 0.1, "name": "Scws_dj_0_3_4_" },
					{ "time": 0.1666, "name": null },
					{ "time": 0.2333, "name": null }
				]
			},
			"Scws_dj_0_3_5_": {
				"attachment": [
					{ "time": 0, "name": null },
					{ "time": 0.1, "name": "Scws_dj_0_3_5_" },
					{ "time": 0.1666, "name": null },
					{ "time": 0.2333, "name": null }
				]
			},
			"Scws_dj_0_3_6_": {
				"attachment": [
					{ "time": 0, "name": null },
					{ "time": 0.1, "name": "Scws_dj_0_3_6_" },
					{ "time": 0.1666, "name": null },
					{ "time": 0.2333, "name": null }
				]
			},
			"Scws_dj_0_3_7_": {
				"attachment": [
					{ "time": 0, "name": null },
					{ "time": 0.1, "name": "Scws_dj_0_3_7_" },
					{ "time": 0.1666, "name": null },
					{ "time": 0.2333, "name": null }
				]
			},
			"Scws_dj_0_3_8_": {
				"attachment": [
					{ "time": 0, "name": null },
					{ "time": 0.1, "name": "Scws_dj_0_3_8_" },
					{ "time": 0.1666, "name": null },
					{ "time": 0.2333, "name": null }
				]
			},
			"Scws_dj_0_3_9_": {
				"attachment": [
					{ "time": 0, "name": null },
					{ "time": 0.1, "name": "Scws_dj_0_3_9_" },
					{ "time": 0.1666, "name": null },
					{ "time": 0.2333, "name": null }
				]
			},
			"Scws_dj_0_5_0_": {
				"attachment": [
					{ "time": 0, "name": null },
					{ "time": 0.1666, "name": "Scws_dj_0_5_0_" },
					{ "time": 0.2333, "name": null }
				]
			},
			"Scws_dj_0_5_10_": {
				"attachment": [
					{ "time": 0, "name": null },
					{ "time": 0.1666, "name": "Scws_dj_0_5_10_" },
					{ "time": 0.2333, "name": null }
				]
			},
			"Scws_dj_0_5_11_": {
				"attachment": [
					{ "time": 0, "name": null },
					{ "time": 0.1666, "name": "Scws_dj_0_5_11_" },
					{ "time": 0.2333, "name": null }
				]
			},
			"Scws_dj_0_5_1_": {
				"attachment": [
					{ "time": 0, "name": null },
					{ "time": 0.1666, "name": "Scws_dj_0_5_1_" },
					{ "time": 0.2333, "name": null }
				]
			},
			"Scws_dj_0_5_2_": {
				"attachment": [
					{ "time": 0, "name": null },
					{ "time": 0.1666, "name": "Scws_dj_0_5_2_" },
					{ "time": 0.2333, "name": null }
				]
			},
			"Scws_dj_0_5_3_": {
				"attachment": [
					{ "time": 0, "name": null },
					{ "time": 0.1666, "name": "Scws_dj_0_5_3_" },
					{ "time": 0.2333, "name": null }
				]
			},
			"Scws_dj_0_5_4_": {
				"attachment": [
					{ "time": 0, "name": null },
					{ "time": 0.1666, "name": "Scws_dj_0_5_4_" },
					{ "time": 0.2333, "name": null }
				]
			},
			"Scws_dj_0_5_5_": {
				"attachment": [
					{ "time": 0, "name": null },
					{ "time": 0.1666, "name": "Scws_dj_0_5_5_" },
					{ "time": 0.2333, "name": null }
				]
			},
			"Scws_dj_0_5_6_": {
				"attachment": [
					{ "time": 0, "name": null },
					{ "time": 0.1666, "name": "Scws_dj_0_5_6_" },
					{ "time": 0.2333, "name": null }
				]
			},
			"Scws_dj_0_5_7_": {
				"attachment": [
					{ "time": 0, "name": null },
					{ "time": 0.1666, "name": "Scws_dj_0_5_7_" },
					{ "time": 0.2333, "name": null }
				]
			},
			"Scws_dj_0_5_8_": {
				"attachment": [
					{ "time": 0, "name": null },
					{ "time": 0.1666, "name": "Scws_dj_0_5_8_" },
					{ "time": 0.2333, "name": null }
				]
			},
			"Scws_dj_0_5_9_": {
				"attachment": [
					{ "time": 0, "name": null },
					{ "time": 0.1666, "name": "Scws_dj_0_5_9_" },
					{ "time": 0.2333, "name": null }
				]
			},
			"Scws_gj_0_2_0_": {
				"attachment": [
					{ "time": 0, "name": null },
					{ "time": 0.2333, "name": null }
				]
			},
			"Scws_gj_0_2_1_": {
				"attachment": [
					{ "time": 0, "name": null },
					{ "time": 0.2333, "name": null }
				]
			},
			"Scws_gj_0_2_2_": {
				"attachment": [
					{ "time": 0, "name": null },
					{ "time": 0.2333, "name": null }
				]
			},
			"Scws_gj_0_2_3_": {
				"attachment": [
					{ "time": 0, "name": null },
					{ "time": 0.2333, "name": null }
				]
			},
			"Scws_gj_0_2_4_": {
				"attachment": [
					{ "time": 0, "name": null },
					{ "time": 0.2333, "name": null }
				]
			},
			"Scws_gj_0_2_5_": {
				"attachment": [
					{ "time": 0, "name": null },
					{ "time": 0.2333, "name": null }
				]
			},
			"Scws_gj_0_2_6_": {
				"attachment": [
					{ "time": 0, "name": null },
					{ "time": 0.2333, "name": null }
				]
			},
			"Scws_gj_0_7_0_": {
				"attachment": [
					{ "time": 0, "name": null },
					{ "time": 0.2333, "name": null }
				]
			},
			"Scws_gj_0_7_1_": {
				"attachment": [
					{ "time": 0, "name": null },
					{ "time": 0.2333, "name": null }
				]
			},
			"Scws_gj_0_7_2_": {
				"attachment": [
					{ "time": 0, "name": null },
					{ "time": 0.2333, "name": null }
				]
			},
			"Scws_gj_0_7_3_": {
				"attachment": [
					{ "time": 0, "name": null },
					{ "time": 0.2333, "name": null }
				]
			},
			"Scws_gj_0_7_4_": {
				"attachment": [
					{ "time": 0, "name": null },
					{ "time": 0.2333, "name": null }
				]
			},
			"Scws_gj_0_7_5_": {
				"attachment": [
					{ "time": 0, "name": null },
					{ "time": 0.2333, "name": null }
				]
			},
			"Scws_gj_0_7_6_": {
				"attachment": [
					{ "time": 0, "name": null },
					{ "time": 0.2333, "name": null }
				]
			},
			"Scws_gj_0_7_7_": {
				"attachment": [
					{ "time": 0, "name": null },
					{ "time": 0.2333, "name": null }
				]
			},
			"Scws_gj_0_7_8_": {
				"attachment": [
					{ "time": 0, "name": null },
					{ "time": 0.2333, "name": null }
				]
			},
			"siwang": {
				"attachment": [
					{ "time": 0, "name": null }
				]
			}
		}
	},
	"gj": {
		"slots": {
			"Scws_dj_0_0_0_": {
				"attachment": [
					{ "time": 0, "name": "Scws_dj_0_0_0_" },
					{ "time": 0.0333, "name": "Scws_dj_0_0_0_" },
					{ "time": 0.0666, "name": null },
					{ "time": 0.1, "name": null },
					{ "time": 0.2333, "name": "Scws_dj_0_0_0_" }
				]
			},
			"Scws_dj_0_0_10_": {
				"attachment": [
					{ "time": 0, "name": "Scws_dj_0_0_10_" },
					{ "time": 0.0333, "name": "Scws_dj_0_0_10_" },
					{ "time": 0.0666, "name": null },
					{ "time": 0.1, "name": null },
					{ "time": 0.2333, "name": "Scws_dj_0_0_10_" }
				]
			},
			"Scws_dj_0_0_11_": {
				"attachment": [
					{ "time": 0, "name": "Scws_dj_0_0_11_" },
					{ "time": 0.0333, "name": "Scws_dj_0_0_11_" },
					{ "time": 0.0666, "name": null },
					{ "time": 0.1, "name": null },
					{ "time": 0.2333, "name": "Scws_dj_0_0_11_" }
				]
			},
			"Scws_dj_0_0_12_": {
				"attachment": [
					{ "time": 0, "name": "Scws_dj_0_0_12_" },
					{ "time": 0.0333, "name": "Scws_dj_0_0_12_" },
					{ "time": 0.0666, "name": null },
					{ "time": 0.1, "name": null },
					{ "time": 0.2333, "name": "Scws_dj_0_0_12_" }
				]
			},
			"Scws_dj_0_0_13_": {
				"attachment": [
					{ "time": 0, "name": "Scws_dj_0_0_13_" },
					{ "time": 0.0333, "name": "Scws_dj_0_0_13_" },
					{ "time": 0.0666, "name": null },
					{ "time": 0.1, "name": null },
					{ "time": 0.2333, "name": "Scws_dj_0_0_13_" }
				]
			},
			"Scws_dj_0_0_14_": {
				"attachment": [
					{ "time": 0, "name": "Scws_dj_0_0_14_" },
					{ "time": 0.0333, "name": "Scws_dj_0_0_14_" },
					{ "time": 0.0666, "name": null },
					{ "time": 0.1, "name": null },
					{ "time": 0.2333, "name": "Scws_dj_0_0_14_" }
				]
			},
			"Scws_dj_0_0_1_": {
				"attachment": [
					{ "time": 0, "name": "Scws_dj_0_0_1_" },
					{ "time": 0.0333, "name": "Scws_dj_0_0_1_" },
					{ "time": 0.0666, "name": null },
					{ "time": 0.1, "name": null },
					{ "time": 0.2333, "name": "Scws_dj_0_0_1_" }
				]
			},
			"Scws_dj_0_0_2_": {
				"attachment": [
					{ "time": 0, "name": "Scws_dj_0_0_2_" },
					{ "time": 0.0333, "name": "Scws_dj_0_0_2_" },
					{ "time": 0.0666, "name": null },
					{ "time": 0.1, "name": null },
					{ "time": 0.2333, "name": "Scws_dj_0_0_2_" }
				]
			},
			"Scws_dj_0_0_3_": {
				"attachment": [
					{ "time": 0, "name": "Scws_dj_0_0_3_" },
					{ "time": 0.0333, "name": "Scws_dj_0_0_3_" },
					{ "time": 0.0666, "name": null },
					{ "time": 0.1, "name": null },
					{ "time": 0.2333, "name": "Scws_dj_0_0_3_" }
				]
			},
			"Scws_dj_0_0_4_": {
				"attachment": [
					{ "time": 0, "name": "Scws_dj_0_0_4_" },
					{ "time": 0.0333, "name": "Scws_dj_0_0_4_" },
					{ "time": 0.0666, "name": null },
					{ "time": 0.1, "name": null },
					{ "time": 0.2333, "name": "Scws_dj_0_0_4_" }
				]
			},
			"Scws_dj_0_0_5_": {
				"attachment": [
					{ "time": 0, "name": "Scws_dj_0_0_5_" },
					{ "time": 0.0333, "name": "Scws_dj_0_0_5_" },
					{ "time": 0.0666, "name": null },
					{ "time": 0.1, "name": null },
					{ "time": 0.2333, "name": "Scws_dj_0_0_5_" }
				]
			},
			"Scws_dj_0_0_6_": {
				"attachment": [
					{ "time": 0, "name": "Scws_dj_0_0_6_" },
					{ "time": 0.0333, "name": "Scws_dj_0_0_6_" },
					{ "time": 0.0666, "name": null },
					{ "time": 0.1, "name": null },
					{ "time": 0.2333, "name": "Scws_dj_0_0_6_" }
				]
			},
			"Scws_dj_0_0_7_": {
				"attachment": [
					{ "time": 0, "name": "Scws_dj_0_0_7_" },
					{ "time": 0.0333, "name": "Scws_dj_0_0_7_" },
					{ "time": 0.0666, "name": null },
					{ "time": 0.1, "name": null },
					{ "time": 0.2333, "name": "Scws_dj_0_0_7_" }
				]
			},
			"Scws_dj_0_0_8_": {
				"attachment": [
					{ "time": 0, "name": "Scws_dj_0_0_8_" },
					{ "time": 0.0333, "name": "Scws_dj_0_0_8_" },
					{ "time": 0.0666, "name": null },
					{ "time": 0.1, "name": null },
					{ "time": 0.2333, "name": "Scws_dj_0_0_8_" }
				]
			},
			"Scws_dj_0_0_9_": {
				"attachment": [
					{ "time": 0, "name": "Scws_dj_0_0_9_" },
					{ "time": 0.0333, "name": "Scws_dj_0_0_9_" },
					{ "time": 0.0666, "name": null },
					{ "time": 0.1, "name": null },
					{ "time": 0.2333, "name": "Scws_dj_0_0_9_" }
				]
			},
			"Scws_dj_0_3_10_": {
				"attachment": [
					{ "time": 0, "name": null },
					{ "time": 0.0333, "name": null },
					{ "time": 0.2333, "name": null }
				]
			},
			"Scws_dj_0_3_11_": {
				"attachment": [
					{ "time": 0, "name": null },
					{ "time": 0.0333, "name": null },
					{ "time": 0.2333, "name": null }
				]
			},
			"Scws_dj_0_3_12_": {
				"attachment": [
					{ "time": 0, "name": null },
					{ "time": 0.0333, "name": null },
					{ "time": 0.2333, "name": null }
				]
			},
			"Scws_dj_0_3_13_": {
				"attachment": [
					{ "time": 0, "name": null },
					{ "time": 0.0333, "name": null },
					{ "time": 0.2333, "name": null }
				]
			},
			"Scws_dj_0_3_14_": {
				"attachment": [
					{ "time": 0, "name": null },
					{ "time": 0.0333, "name": null },
					{ "time": 0.2333, "name": null }
				]
			},
			"Scws_dj_0_3_15_": {
				"attachment": [
					{ "time": 0, "name": null },
					{ "time": 0.0333, "name": null },
					{ "time": 0.2333, "name": null }
				]
			},
			"Scws_dj_0_3_16_": {
				"attachment": [
					{ "time": 0, "name": null },
					{ "time": 0.0333, "name": null },
					{ "time": 0.2333, "name": null }
				]
			},
			"Scws_dj_0_3_1_": {
				"attachment": [
					{ "time": 0, "name": null },
					{ "time": 0.0333, "name": null },
					{ "time": 0.2333, "name": null }
				]
			},
			"Scws_dj_0_3_2_": {
				"attachment": [
					{ "time": 0, "name": null },
					{ "time": 0.0333, "name": null },
					{ "time": 0.2333, "name": null }
				]
			},
			"Scws_dj_0_3_3_": {
				"attachment": [
					{ "time": 0, "name": null },
					{ "time": 0.0333, "name": null },
					{ "time": 0.2333, "name": null }
				]
			},
			"Scws_dj_0_3_4_": {
				"attachment": [
					{ "time": 0, "name": null },
					{ "time": 0.0333, "name": null },
					{ "time": 0.2333, "name": null }
				]
			},
			"Scws_dj_0_3_5_": {
				"attachment": [
					{ "time": 0, "name": null },
					{ "time": 0.0333, "name": null },
					{ "time": 0.2333, "name": null }
				]
			},
			"Scws_dj_0_3_6_": {
				"attachment": [
					{ "time": 0, "name": null },
					{ "time": 0.0333, "name": null },
					{ "time": 0.2333, "name": null }
				]
			},
			"Scws_dj_0_3_7_": {
				"attachment": [
					{ "time": 0, "name": null },
					{ "time": 0.0333, "name": null },
					{ "time": 0.2333, "name": null }
				]
			},
			"Scws_dj_0_3_8_": {
				"attachment": [
					{ "time": 0, "name": null },
					{ "time": 0.0333, "name": null },
					{ "time": 0.2333, "name": null }
				]
			},
			"Scws_dj_0_3_9_": {
				"attachment": [
					{ "time": 0, "name": null },
					{ "time": 0.0333, "name": null },
					{ "time": 0.2333, "name": null }
				]
			},
			"Scws_dj_0_5_0_": {
				"attachment": [
					{ "time": 0, "name": null },
					{ "time": 0.0333, "name": null },
					{ "time": 0.2333, "name": null }
				]
			},
			"Scws_dj_0_5_10_": {
				"attachment": [
					{ "time": 0, "name": null },
					{ "time": 0.0333, "name": null },
					{ "time": 0.2333, "name": null }
				]
			},
			"Scws_dj_0_5_11_": {
				"attachment": [
					{ "time": 0, "name": null },
					{ "time": 0.0333, "name": null },
					{ "time": 0.2333, "name": null }
				]
			},
			"Scws_dj_0_5_1_": {
				"attachment": [
					{ "time": 0, "name": null },
					{ "time": 0.0333, "name": null },
					{ "time": 0.2333, "name": null }
				]
			},
			"Scws_dj_0_5_2_": {
				"attachment": [
					{ "time": 0, "name": null },
					{ "time": 0.0333, "name": null },
					{ "time": 0.2333, "name": null }
				]
			},
			"Scws_dj_0_5_3_": {
				"attachment": [
					{ "time": 0, "name": null },
					{ "time": 0.0333, "name": null },
					{ "time": 0.2333, "name": null }
				]
			},
			"Scws_dj_0_5_4_": {
				"attachment": [
					{ "time": 0, "name": null },
					{ "time": 0.0333, "name": null },
					{ "time": 0.2333, "name": null }
				]
			},
			"Scws_dj_0_5_5_": {
				"attachment": [
					{ "time": 0, "name": null },
					{ "time": 0.0333, "name": null },
					{ "time": 0.2333, "name": null }
				]
			},
			"Scws_dj_0_5_6_": {
				"attachment": [
					{ "time": 0, "name": null },
					{ "time": 0.0333, "name": null },
					{ "time": 0.2333, "name": null }
				]
			},
			"Scws_dj_0_5_7_": {
				"attachment": [
					{ "time": 0, "name": null },
					{ "time": 0.0333, "name": null },
					{ "time": 0.2333, "name": null }
				]
			},
			"Scws_dj_0_5_8_": {
				"attachment": [
					{ "time": 0, "name": null },
					{ "time": 0.0333, "name": null },
					{ "time": 0.2333, "name": null }
				]
			},
			"Scws_dj_0_5_9_": {
				"attachment": [
					{ "time": 0, "name": null },
					{ "time": 0.0333, "name": null },
					{ "time": 0.2333, "name": null }
				]
			},
			"Scws_gj_0_2_0_": {
				"attachment": [
					{ "time": 0, "name": null },
					{ "time": 0.0333, "name": null },
					{ "time": 0.0666, "name": "Scws_gj_0_2_0_" },
					{ "time": 0.1, "name": "Scws_gj_0_2_0_" },
					{ "time": 0.1333, "name": null },
					{ "time": 0.1666, "name": null },
					{ "time": 0.2, "name": null },
					{ "time": 0.2333, "name": null }
				]
			},
			"Scws_gj_0_2_1_": {
				"attachment": [
					{ "time": 0, "name": null },
					{ "time": 0.0333, "name": null },
					{ "time": 0.0666, "name": "Scws_gj_0_2_1_" },
					{ "time": 0.1, "name": "Scws_gj_0_2_1_" },
					{ "time": 0.1333, "name": null },
					{ "time": 0.1666, "name": null },
					{ "time": 0.2, "name": null },
					{ "time": 0.2333, "name": null }
				]
			},
			"Scws_gj_0_2_2_": {
				"attachment": [
					{ "time": 0, "name": null },
					{ "time": 0.0333, "name": null },
					{ "time": 0.0666, "name": "Scws_gj_0_2_2_" },
					{ "time": 0.1, "name": "Scws_gj_0_2_2_" },
					{ "time": 0.1333, "name": null },
					{ "time": 0.1666, "name": null },
					{ "time": 0.2, "name": null },
					{ "time": 0.2333, "name": null }
				]
			},
			"Scws_gj_0_2_3_": {
				"attachment": [
					{ "time": 0, "name": null },
					{ "time": 0.0333, "name": null },
					{ "time": 0.0666, "name": "Scws_gj_0_2_3_" },
					{ "time": 0.1, "name": "Scws_gj_0_2_3_" },
					{ "time": 0.1333, "name": null },
					{ "time": 0.1666, "name": null },
					{ "time": 0.2, "name": null },
					{ "time": 0.2333, "name": null }
				]
			},
			"Scws_gj_0_2_4_": {
				"attachment": [
					{ "time": 0, "name": null },
					{ "time": 0.0333, "name": null },
					{ "time": 0.0666, "name": "Scws_gj_0_2_4_" },
					{ "time": 0.1, "name": "Scws_gj_0_2_4_" },
					{ "time": 0.1333, "name": null },
					{ "time": 0.1666, "name": null },
					{ "time": 0.2, "name": null },
					{ "time": 0.2333, "name": null }
				]
			},
			"Scws_gj_0_2_5_": {
				"attachment": [
					{ "time": 0, "name": null },
					{ "time": 0.0333, "name": null },
					{ "time": 0.0666, "name": "Scws_gj_0_2_5_" },
					{ "time": 0.1, "name": "Scws_gj_0_2_5_" },
					{ "time": 0.1333, "name": null },
					{ "time": 0.1666, "name": null },
					{ "time": 0.2, "name": null },
					{ "time": 0.2333, "name": null }
				]
			},
			"Scws_gj_0_2_6_": {
				"attachment": [
					{ "time": 0, "name": null },
					{ "time": 0.0333, "name": null },
					{ "time": 0.0666, "name": "Scws_gj_0_2_6_" },
					{ "time": 0.1, "name": "Scws_gj_0_2_6_" },
					{ "time": 0.1333, "name": null },
					{ "time": 0.1666, "name": null },
					{ "time": 0.2, "name": null },
					{ "time": 0.2333, "name": null }
				]
			},
			"Scws_gj_0_7_0_": {
				"attachment": [
					{ "time": 0, "name": null },
					{ "time": 0.0333, "name": null },
					{ "time": 0.1333, "name": "Scws_gj_0_7_0_" },
					{ "time": 0.1666, "name": "Scws_gj_0_7_0_" },
					{ "time": 0.2, "name": "Scws_gj_0_7_0_" },
					{ "time": 0.2333, "name": null }
				]
			},
			"Scws_gj_0_7_1_": {
				"attachment": [
					{ "time": 0, "name": null },
					{ "time": 0.0333, "name": null },
					{ "time": 0.1333, "name": "Scws_gj_0_7_1_" },
					{ "time": 0.1666, "name": "Scws_gj_0_7_1_" },
					{ "time": 0.2, "name": "Scws_gj_0_7_1_" },
					{ "time": 0.2333, "name": null }
				]
			},
			"Scws_gj_0_7_2_": {
				"attachment": [
					{ "time": 0, "name": null },
					{ "time": 0.0333, "name": null },
					{ "time": 0.1333, "name": "Scws_gj_0_7_2_" },
					{ "time": 0.1666, "name": "Scws_gj_0_7_2_" },
					{ "time": 0.2, "name": "Scws_gj_0_7_2_" },
					{ "time": 0.2333, "name": null }
				]
			},
			"Scws_gj_0_7_3_": {
				"attachment": [
					{ "time": 0, "name": null },
					{ "time": 0.0333, "name": null },
					{ "time": 0.1333, "name": "Scws_gj_0_7_3_" },
					{ "time": 0.1666, "name": "Scws_gj_0_7_3_" },
					{ "time": 0.2, "name": "Scws_gj_0_7_3_" },
					{ "time": 0.2333, "name": null }
				]
			},
			"Scws_gj_0_7_4_": {
				"attachment": [
					{ "time": 0, "name": null },
					{ "time": 0.0333, "name": null },
					{ "time": 0.1333, "name": "Scws_gj_0_7_4_" },
					{ "time": 0.1666, "name": "Scws_gj_0_7_4_" },
					{ "time": 0.2, "name": "Scws_gj_0_7_4_" },
					{ "time": 0.2333, "name": null }
				]
			},
			"Scws_gj_0_7_5_": {
				"attachment": [
					{ "time": 0, "name": null },
					{ "time": 0.0333, "name": null },
					{ "time": 0.1333, "name": "Scws_gj_0_7_5_" },
					{ "time": 0.1666, "name": "Scws_gj_0_7_5_" },
					{ "time": 0.2, "name": "Scws_gj_0_7_5_" },
					{ "time": 0.2333, "name": null }
				]
			},
			"Scws_gj_0_7_6_": {
				"attachment": [
					{ "time": 0, "name": null },
					{ "time": 0.0333, "name": null },
					{ "time": 0.1333, "name": "Scws_gj_0_7_6_" },
					{ "time": 0.1666, "name": "Scws_gj_0_7_6_" },
					{ "time": 0.2, "name": "Scws_gj_0_7_6_" },
					{ "time": 0.2333, "name": null }
				]
			},
			"Scws_gj_0_7_7_": {
				"attachment": [
					{ "time": 0, "name": null },
					{ "time": 0.0333, "name": null },
					{ "time": 0.1333, "name": "Scws_gj_0_7_7_" },
					{ "time": 0.1666, "name": "Scws_gj_0_7_7_" },
					{ "time": 0.2, "name": "Scws_gj_0_7_7_" },
					{ "time": 0.2333, "name": null }
				]
			},
			"Scws_gj_0_7_8_": {
				"attachment": [
					{ "time": 0, "name": null },
					{ "time": 0.0333, "name": null },
					{ "time": 0.1333, "name": "Scws_gj_0_7_8_" },
					{ "time": 0.1666, "name": "Scws_gj_0_7_8_" },
					{ "time": 0.2, "name": "Scws_gj_0_7_8_" },
					{ "time": 0.2333, "name": null }
				]
			},
			"siwang": {
				"attachment": [
					{ "time": 0, "name": null }
				]
			}
		}
	},
	"sw": {
		"slots": {
			"Scws_dj_0_0_0_": {
				"attachment": [
					{ "time": 0, "name": "Scws_dj_0_0_0_" }
				],
				"color": [
					{ "time": 0, "color": "ffffffff" },
					{ "time": 0.2, "color": "ffffff00" }
				]
			},
			"Scws_dj_0_0_10_": {
				"attachment": [
					{ "time": 0, "name": "Scws_dj_0_0_10_" }
				],
				"color": [
					{ "time": 0, "color": "ffffffff" },
					{ "time": 0.2, "color": "ffffff00" }
				]
			},
			"Scws_dj_0_0_11_": {
				"attachment": [
					{ "time": 0, "name": "Scws_dj_0_0_11_" }
				],
				"color": [
					{ "time": 0, "color": "ffffffff" },
					{ "time": 0.2, "color": "ffffff00" }
				]
			},
			"Scws_dj_0_0_12_": {
				"attachment": [
					{ "time": 0, "name": "Scws_dj_0_0_12_" }
				],
				"color": [
					{ "time": 0, "color": "ffffffff" },
					{ "time": 0.2, "color": "ffffff00" }
				]
			},
			"Scws_dj_0_0_13_": {
				"attachment": [
					{ "time": 0, "name": "Scws_dj_0_0_13_" }
				],
				"color": [
					{ "time": 0, "color": "ffffffff" },
					{ "time": 0.2, "color": "ffffff00" }
				]
			},
			"Scws_dj_0_0_14_": {
				"attachment": [
					{ "time": 0, "name": "Scws_dj_0_0_14_" }
				],
				"color": [
					{ "time": 0, "color": "ffffffff" },
					{ "time": 0.2, "color": "ffffff00" }
				]
			},
			"Scws_dj_0_0_1_": {
				"attachment": [
					{ "time": 0, "name": "Scws_dj_0_0_1_" }
				],
				"color": [
					{ "time": 0, "color": "ffffffff" },
					{ "time": 0.2, "color": "ffffff00" }
				]
			},
			"Scws_dj_0_0_2_": {
				"attachment": [
					{ "time": 0, "name": "Scws_dj_0_0_2_" }
				],
				"color": [
					{ "time": 0, "color": "ffffffff" },
					{ "time": 0.2, "color": "ffffff00" }
				]
			},
			"Scws_dj_0_0_3_": {
				"attachment": [
					{ "time": 0, "name": "Scws_dj_0_0_3_" }
				],
				"color": [
					{ "time": 0, "color": "ffffffff" },
					{ "time": 0.2, "color": "ffffff00" }
				]
			},
			"Scws_dj_0_0_4_": {
				"attachment": [
					{ "time": 0, "name": "Scws_dj_0_0_4_" }
				],
				"color": [
					{ "time": 0, "color": "ffffffff" },
					{ "time": 0.2, "color": "ffffff00" }
				]
			},
			"Scws_dj_0_0_5_": {
				"attachment": [
					{ "time": 0, "name": "Scws_dj_0_0_5_" }
				],
				"color": [
					{ "time": 0, "color": "ffffffff" },
					{ "time": 0.2, "color": "ffffff00" }
				]
			},
			"Scws_dj_0_0_6_": {
				"attachment": [
					{ "time": 0, "name": "Scws_dj_0_0_6_" }
				],
				"color": [
					{ "time": 0, "color": "ffffffff" },
					{ "time": 0.2, "color": "ffffff00" }
				]
			},
			"Scws_dj_0_0_7_": {
				"attachment": [
					{ "time": 0, "name": "Scws_dj_0_0_7_" }
				],
				"color": [
					{ "time": 0, "color": "ffffffff" },
					{ "time": 0.2, "color": "ffffff00" }
				]
			},
			"Scws_dj_0_0_8_": {
				"attachment": [
					{ "time": 0, "name": "Scws_dj_0_0_8_" }
				],
				"color": [
					{ "time": 0, "color": "ffffffff" },
					{ "time": 0.2, "color": "ffffff00" }
				]
			},
			"Scws_dj_0_0_9_": {
				"attachment": [
					{ "time": 0, "name": "Scws_dj_0_0_9_" }
				],
				"color": [
					{ "time": 0, "color": "ffffffff" },
					{ "time": 0.2, "color": "ffffff00" }
				]
			},
			"Scws_dj_0_3_10_": {
				"attachment": [
					{ "time": 0, "name": null }
				]
			},
			"Scws_dj_0_3_11_": {
				"attachment": [
					{ "time": 0, "name": null }
				]
			},
			"Scws_dj_0_3_12_": {
				"attachment": [
					{ "time": 0, "name": null }
				]
			},
			"Scws_dj_0_3_13_": {
				"attachment": [
					{ "time": 0, "name": null }
				]
			},
			"Scws_dj_0_3_14_": {
				"attachment": [
					{ "time": 0, "name": null }
				]
			},
			"Scws_dj_0_3_15_": {
				"attachment": [
					{ "time": 0, "name": null }
				]
			},
			"Scws_dj_0_3_16_": {
				"attachment": [
					{ "time": 0, "name": null }
				]
			},
			"Scws_dj_0_3_1_": {
				"attachment": [
					{ "time": 0, "name": null }
				]
			},
			"Scws_dj_0_3_2_": {
				"attachment": [
					{ "time": 0, "name": null }
				]
			},
			"Scws_dj_0_3_3_": {
				"attachment": [
					{ "time": 0, "name": null }
				]
			},
			"Scws_dj_0_3_4_": {
				"attachment": [
					{ "time": 0, "name": null }
				]
			},
			"Scws_dj_0_3_5_": {
				"attachment": [
					{ "time": 0, "name": null }
				]
			},
			"Scws_dj_0_3_6_": {
				"attachment": [
					{ "time": 0, "name": null }
				]
			},
			"Scws_dj_0_3_7_": {
				"attachment": [
					{ "time": 0, "name": null }
				]
			},
			"Scws_dj_0_3_8_": {
				"attachment": [
					{ "time": 0, "name": null }
				]
			},
			"Scws_dj_0_3_9_": {
				"attachment": [
					{ "time": 0, "name": null }
				]
			},
			"Scws_dj_0_5_0_": {
				"attachment": [
					{ "time": 0, "name": null }
				]
			},
			"Scws_dj_0_5_10_": {
				"attachment": [
					{ "time": 0, "name": null }
				]
			},
			"Scws_dj_0_5_11_": {
				"attachment": [
					{ "time": 0, "name": null }
				]
			},
			"Scws_dj_0_5_1_": {
				"attachment": [
					{ "time": 0, "name": null }
				]
			},
			"Scws_dj_0_5_2_": {
				"attachment": [
					{ "time": 0, "name": null }
				]
			},
			"Scws_dj_0_5_3_": {
				"attachment": [
					{ "time": 0, "name": null }
				]
			},
			"Scws_dj_0_5_4_": {
				"attachment": [
					{ "time": 0, "name": null }
				]
			},
			"Scws_dj_0_5_5_": {
				"attachment": [
					{ "time": 0, "name": null }
				]
			},
			"Scws_dj_0_5_6_": {
				"attachment": [
					{ "time": 0, "name": null }
				]
			},
			"Scws_dj_0_5_7_": {
				"attachment": [
					{ "time": 0, "name": null }
				]
			},
			"Scws_dj_0_5_8_": {
				"attachment": [
					{ "time": 0, "name": null }
				]
			},
			"Scws_dj_0_5_9_": {
				"attachment": [
					{ "time": 0, "name": null }
				]
			},
			"Scws_gj_0_2_0_": {
				"attachment": [
					{ "time": 0, "name": null }
				]
			},
			"Scws_gj_0_2_1_": {
				"attachment": [
					{ "time": 0, "name": null }
				]
			},
			"Scws_gj_0_2_2_": {
				"attachment": [
					{ "time": 0, "name": null }
				]
			},
			"Scws_gj_0_2_3_": {
				"attachment": [
					{ "time": 0, "name": null }
				]
			},
			"Scws_gj_0_2_4_": {
				"attachment": [
					{ "time": 0, "name": null }
				]
			},
			"Scws_gj_0_2_5_": {
				"attachment": [
					{ "time": 0, "name": null }
				]
			},
			"Scws_gj_0_2_6_": {
				"attachment": [
					{ "time": 0, "name": null }
				]
			},
			"Scws_gj_0_7_0_": {
				"attachment": [
					{ "time": 0, "name": null }
				]
			},
			"Scws_gj_0_7_1_": {
				"attachment": [
					{ "time": 0, "name": null }
				]
			},
			"Scws_gj_0_7_2_": {
				"attachment": [
					{ "time": 0, "name": null }
				]
			},
			"Scws_gj_0_7_3_": {
				"attachment": [
					{ "time": 0, "name": null }
				]
			},
			"Scws_gj_0_7_4_": {
				"attachment": [
					{ "time": 0, "name": null }
				]
			},
			"Scws_gj_0_7_5_": {
				"attachment": [
					{ "time": 0, "name": null }
				]
			},
			"Scws_gj_0_7_6_": {
				"attachment": [
					{ "time": 0, "name": null }
				]
			},
			"Scws_gj_0_7_7_": {
				"attachment": [
					{ "time": 0, "name": null }
				]
			},
			"Scws_gj_0_7_8_": {
				"attachment": [
					{ "time": 0, "name": null }
				]
			},
			"siwang": {
				"attachment": [
					{ "time": 0, "name": null },
					{ "time": 0.0333, "name": "siwang_0_" },
					{ "time": 0.0666, "name": "siwang_1_" },
					{ "time": 0.1, "name": "siwang_2_" },
					{ "time": 0.1333, "name": "siwang_3_" },
					{ "time": 0.1666, "name": "siwang_4_" },
					{ "time": 0.2, "name": "siwang_5_" },
					{ "time": 0.2333, "name": "siwang_6_" }
				]
			}
		},
		"bones": {
			"siwang": {
				"translate": [
					{ "time": 0, "x": 17.41, "y": 74.63, "curve": "stepped" },
					{ "time": 0.0333, "x": 17.41, "y": 74.63 }
				],
				"scale": [
					{ "time": 0, "x": 1.72, "y": 1.72, "curve": "stepped" },
					{ "time": 0.0333, "x": 1.72, "y": 1.72 }
				]
			}
		}
	}
}
}