{
"skeleton": { "hash": "Ek92PGBMS0Jczlk51hh0z5eoBpg", "spine": "2.1.27", "width": 0, "height": 0 },
"bones": [
	{ "name": "root" },
	{ "name": "bone", "parent": "root", "x": -0.5, "y": 134 },
	{ "name": "bone2", "parent": "bone", "x": -1.03, "y": -85.3 }
],
"slots": [
	{ "name": "renzhe_sb_dj_1_5_", "bone": "bone" },
	{ "name": "renzhe_sb_dj_1_4_", "bone": "bone" },
	{ "name": "renzhe_sb_dj_1_3_", "bone": "bone" },
	{ "name": "renzhe_sb_dj_1_2_", "bone": "bone" },
	{ "name": "renzhe_sb_dj_1_1_", "bone": "bone" },
	{ "name": "renzhe_sb_dj_2_5_", "bone": "bone" },
	{ "name": "renzhe_sb_dj_2_4_", "bone": "bone" },
	{ "name": "renzhe_sb_dj_2_3_", "bone": "bone" },
	{ "name": "renzhe_sb_dj_2_2_", "bone": "bone" },
	{ "name": "renzhe_sb_dj_2_1_", "bone": "bone" },
	{ "name": "renzhe_sb_dj_3_1_", "bone": "bone" },
	{ "name": "renzhe_sb_dj_3_2_", "bone": "bone" },
	{ "name": "renzhe_sb_dj_3_3_", "bone": "bone" },
	{ "name": "renzhe_sb_dj_3_4_", "bone": "bone" },
	{ "name": "renzhe_sb_dj_3_5_", "bone": "bone" },
	{ "name": "renzhe_sb_dj_4_5_", "bone": "bone" },
	{ "name": "renzhe_sb_dj_4_4_", "bone": "bone" },
	{ "name": "renzhe_sb_dj_4_3_", "bone": "bone" },
	{ "name": "renzhe_sb_dj_4_2_", "bone": "bone" },
	{ "name": "renzhe_sb_dj_4_1_", "bone": "bone" },
	{ "name": "renzhe_sb_dj_5_5_", "bone": "bone" },
	{ "name": "renzhe_sb_dj_5_4_", "bone": "bone" },
	{ "name": "renzhe_sb_dj_5_3_", "bone": "bone" },
	{ "name": "renzhe_sb_dj_5_2_", "bone": "bone" },
	{ "name": "renzhe_sb_dj_5_1_", "bone": "bone" },
	{ "name": "renzhe_sb_dj_6_5_", "bone": "bone" },
	{ "name": "renzhe_sb_dj_6_4_", "bone": "bone" },
	{ "name": "renzhe_sb_dj_6_3_", "bone": "bone" },
	{ "name": "renzhe_sb_dj_6_2_", "bone": "bone" },
	{ "name": "renzhe_sb_dj_6_1_", "bone": "bone" },
	{ "name": "renzhe_sb_dj_7_5_", "bone": "bone" },
	{ "name": "renzhe_sb_dj_7_4_", "bone": "bone" },
	{ "name": "renzhe_sb_dj_7_3_", "bone": "bone" },
	{ "name": "renzhe_sb_dj_7_2_", "bone": "bone" },
	{ "name": "renzhe_sb_dj_7_1_", "bone": "bone" },
	{ "name": "renzhe_sb_gj_0_6_", "bone": "bone" },
	{ "name": "renzhe_sb_gj_0_5_", "bone": "bone" },
	{ "name": "renzhe_sb_gj_0_4_", "bone": "bone" },
	{ "name": "renzhe_sb_gj_0_3_", "bone": "bone" },
	{ "name": "renzhe_sb_gj_0_2_", "bone": "bone" },
	{ "name": "renzhe_sb_gj_0_1_", "bone": "bone" },
	{ "name": "renzhe_sb_gj_1_4_", "bone": "bone" },
	{ "name": "renzhe_sb_gj_1_3_", "bone": "bone" },
	{ "name": "renzhe_sb_gj_1_2_", "bone": "bone" },
	{ "name": "renzhe_sb_gj_1_1_", "bone": "bone" },
	{ "name": "renzhe_sb_gj_2_6_", "bone": "bone" },
	{ "name": "renzhe_sb_gj_2_5_", "bone": "bone" },
	{ "name": "renzhe_sb_gj_2_4_", "bone": "bone" },
	{ "name": "renzhe_sb_gj_2_3_", "bone": "bone" },
	{ "name": "renzhe_sb_gj_2_2_", "bone": "bone" },
	{ "name": "renzhe_sb_gj_2_1_", "bone": "bone" },
	{ "name": "renzhe_sb_gj_3_6_", "bone": "bone" },
	{ "name": "renzhe_sb_gj_3_5_", "bone": "bone" },
	{ "name": "renzhe_sb_gj_3_4_", "bone": "bone" },
	{ "name": "renzhe_sb_gj_3_3_", "bone": "bone" },
	{ "name": "renzhe_sb_gj_3_2_", "bone": "bone" },
	{ "name": "renzhe_sb_gj_3_1_", "bone": "bone" },
	{ "name": "renzhe_sb_gj_4_4_", "bone": "bone" },
	{ "name": "renzhe_sb_gj_4_5_", "bone": "bone" },
	{ "name": "renzhe_sb_gj_4_3_", "bone": "bone" },
	{ "name": "renzhe_sb_gj_4_2_", "bone": "bone" },
	{ "name": "renzhe_sb_gj_4_1_", "bone": "bone" },
	{ "name": "renzhe_sb_gj_5_1_", "bone": "bone" },
	{ "name": "renzhe_sb_gj_5_2_", "bone": "bone" },
	{ "name": "renzhe_sb_gj_5_3_", "bone": "bone" },
	{ "name": "renzhe_sb_gj_5_4_", "bone": "bone" },
	{ "name": "renzhe_sb_gj_5_5_", "bone": "bone" },
	{ "name": "renzhe_sb_gj_5_6_", "bone": "bone" },
	{ "name": "renzhe_sb_gj_6_1_", "bone": "bone" },
	{ "name": "renzhe_sb_gj_6_2_", "bone": "bone" },
	{ "name": "renzhe_sb_gj_6_3_", "bone": "bone" },
	{ "name": "renzhe_sb_gj_6_4_", "bone": "bone" },
	{ "name": "renzhe_sb_gj_6_5_", "bone": "bone" },
	{ "name": "renzhe_sb_gj_7_1_", "bone": "bone" },
	{ "name": "renzhe_sb_gj_7_2_", "bone": "bone" },
	{ "name": "renzhe_sb_gj_7_3_", "bone": "bone" },
	{ "name": "renzhe_sb_gj_7_4_", "bone": "bone" },
	{ "name": "renzhe_sb_gj_7_5_", "bone": "bone" },
	{ "name": "siwang_0_", "bone": "bone2" }
],
"skins": {
	"default": {
		"renzhe_sb_dj_1_1_": {
			"renzhe_sb_dj_1_1_": { "x": 8.5, "y": -76, "width": 50, "height": 36 }
		},
		"renzhe_sb_dj_1_2_": {
			"renzhe_sb_dj_1_2_": { "x": -15.49, "y": -112.5, "width": 28, "height": 37 }
		},
		"renzhe_sb_dj_1_3_": {
			"renzhe_sb_dj_1_3_": { "x": 13.5, "y": -113.5, "width": 30, "height": 39 }
		},
		"renzhe_sb_dj_1_4_": {
			"renzhe_sb_dj_1_4_": { "x": -25.49, "y": -67.5, "width": 18, "height": 33 }
		},
		"renzhe_sb_dj_1_5_": {
			"renzhe_sb_dj_1_5_": { "x": -35.49, "y": -37.5, "width": 8, "height": 27 }
		},
		"renzhe_sb_dj_2_1_": {
			"renzhe_sb_dj_2_1_": { "x": -38.99, "y": -41, "width": 11, "height": 30 }
		},
		"renzhe_sb_dj_2_2_": {
			"renzhe_sb_dj_2_2_": { "x": 9.5, "y": -78, "width": 46, "height": 36 }
		},
		"renzhe_sb_dj_2_3_": {
			"renzhe_sb_dj_2_3_": { "x": -25.49, "y": -70.5, "width": 24, "height": 29 }
		},
		"renzhe_sb_dj_2_4_": {
			"renzhe_sb_dj_2_4_": { "x": -15.49, "y": -112, "width": 28, "height": 38 }
		},
		"renzhe_sb_dj_2_5_": {
			"renzhe_sb_dj_2_5_": { "x": 13.5, "y": -114.5, "width": 30, "height": 37 }
		},
		"renzhe_sb_dj_3_1_": {
			"renzhe_sb_dj_3_1_": { "x": 6.5, "y": -78.5, "width": 50, "height": 37 }
		},
		"renzhe_sb_dj_3_2_": {
			"renzhe_sb_dj_3_2_": { "x": -30.49, "y": -68, "width": 24, "height": 34 }
		},
		"renzhe_sb_dj_3_3_": {
			"renzhe_sb_dj_3_3_": { "x": -43.99, "y": -39, "width": 11, "height": 24 }
		},
		"renzhe_sb_dj_3_4_": {
			"renzhe_sb_dj_3_4_": { "x": -16.49, "y": -114, "width": 26, "height": 34 }
		},
		"renzhe_sb_dj_3_5_": {
			"renzhe_sb_dj_3_5_": { "x": 12.5, "y": -115, "width": 32, "height": 36 }
		},
		"renzhe_sb_dj_4_1_": {
			"renzhe_sb_dj_4_1_": { "x": -43.49, "y": -41.5, "width": 18, "height": 35 }
		},
		"renzhe_sb_dj_4_2_": {
			"renzhe_sb_dj_4_2_": { "x": 9, "y": -75.5, "width": 47, "height": 37 }
		},
		"renzhe_sb_dj_4_3_": {
			"renzhe_sb_dj_4_3_": { "x": -25.99, "y": -70, "width": 23, "height": 22 }
		},
		"renzhe_sb_dj_4_4_": {
			"renzhe_sb_dj_4_4_": { "x": -15.49, "y": -112, "width": 28, "height": 38 }
		},
		"renzhe_sb_dj_4_5_": {
			"renzhe_sb_dj_4_5_": { "x": 13.5, "y": -113.5, "width": 30, "height": 39 }
		},
		"renzhe_sb_dj_5_1_": {
			"renzhe_sb_dj_5_1_": { "x": -41.49, "y": -37, "width": 16, "height": 34 }
		},
		"renzhe_sb_dj_5_2_": {
			"renzhe_sb_dj_5_2_": { "x": 8.5, "y": -73, "width": 48, "height": 36 }
		},
		"renzhe_sb_dj_5_3_": {
			"renzhe_sb_dj_5_3_": { "x": -26.49, "y": -66.5, "width": 22, "height": 25 }
		},
		"renzhe_sb_dj_5_4_": {
			"renzhe_sb_dj_5_4_": { "x": -14.99, "y": -111, "width": 29, "height": 40 }
		},
		"renzhe_sb_dj_5_5_": {
			"renzhe_sb_dj_5_5_": { "x": 14, "y": -112, "width": 29, "height": 42 }
		},
		"renzhe_sb_dj_6_1_": {
			"renzhe_sb_dj_6_1_": { "x": -35.99, "y": -38, "width": 13, "height": 38 }
		},
		"renzhe_sb_dj_6_2_": {
			"renzhe_sb_dj_6_2_": { "x": 9, "y": -74.5, "width": 47, "height": 37 }
		},
		"renzhe_sb_dj_6_3_": {
			"renzhe_sb_dj_6_3_": { "x": -23.99, "y": -68.5, "width": 19, "height": 23 }
		},
		"renzhe_sb_dj_6_4_": {
			"renzhe_sb_dj_6_4_": { "x": -14.49, "y": -112, "width": 30, "height": 38 }
		},
		"renzhe_sb_dj_6_5_": {
			"renzhe_sb_dj_6_5_": { "x": 14.5, "y": -113, "width": 28, "height": 40 }
		},
		"renzhe_sb_dj_7_1_": {
			"renzhe_sb_dj_7_1_": { "x": -31.99, "y": -38.5, "width": 9, "height": 37 }
		},
		"renzhe_sb_dj_7_2_": {
			"renzhe_sb_dj_7_2_": { "x": 10, "y": -76, "width": 47, "height": 36 }
		},
		"renzhe_sb_dj_7_3_": {
			"renzhe_sb_dj_7_3_": { "x": -21.99, "y": -70, "width": 17, "height": 26 }
		},
		"renzhe_sb_dj_7_4_": {
			"renzhe_sb_dj_7_4_": { "x": -13.99, "y": -112.5, "width": 31, "height": 37 }
		},
		"renzhe_sb_dj_7_5_": {
			"renzhe_sb_dj_7_5_": { "x": 15, "y": -113.5, "width": 27, "height": 39 }
		},
		"renzhe_sb_gj_0_1_": {
			"renzhe_sb_gj_0_1_": { "x": -0.99, "y": -72, "width": 33, "height": 42 }
		},
		"renzhe_sb_gj_0_2_": {
			"renzhe_sb_gj_0_2_": { "x": 25, "y": -71, "width": 19, "height": 18 }
		},
		"renzhe_sb_gj_0_3_": {
			"renzhe_sb_gj_0_3_": { "x": 24, "y": -86, "width": 17, "height": 6 }
		},
		"renzhe_sb_gj_0_4_": {
			"renzhe_sb_gj_0_4_": { "x": 12.5, "y": -113, "width": 32, "height": 40 }
		},
		"renzhe_sb_gj_0_5_": {
			"renzhe_sb_gj_0_5_": { "x": -21.99, "y": -75.5, "width": 9, "height": 33 }
		},
		"renzhe_sb_gj_0_6_": {
			"renzhe_sb_gj_0_6_": { "x": -16.49, "y": -111.5, "width": 26, "height": 39 }
		},
		"renzhe_sb_gj_1_1_": {
			"renzhe_sb_gj_1_1_": { "x": 4.5, "y": -75.5, "width": 40, "height": 39 }
		},
		"renzhe_sb_gj_1_2_": {
			"renzhe_sb_gj_1_2_": { "x": -25.99, "y": -89, "width": 21, "height": 6 }
		},
		"renzhe_sb_gj_1_3_": {
			"renzhe_sb_gj_1_3_": { "x": -13.49, "y": -113, "width": 32, "height": 36 }
		},
		"renzhe_sb_gj_1_4_": {
			"renzhe_sb_gj_1_4_": { "x": 15, "y": -114, "width": 25, "height": 38 }
		},
		"renzhe_sb_gj_2_1_": {
			"renzhe_sb_gj_2_1_": { "x": 8.5, "y": -73, "width": 46, "height": 40 }
		},
		"renzhe_sb_gj_2_2_": {
			"renzhe_sb_gj_2_2_": { "x": 37, "y": -70, "width": 11, "height": 38 }
		},
		"renzhe_sb_gj_2_3_": {
			"renzhe_sb_gj_2_3_": { "x": -18.99, "y": -81.5, "width": 9, "height": 5 }
		},
		"renzhe_sb_gj_2_4_": {
			"renzhe_sb_gj_2_4_": { "x": -12.99, "y": -112, "width": 33, "height": 38 }
		},
		"renzhe_sb_gj_2_5_": {
			"renzhe_sb_gj_2_5_": { "x": 16, "y": -113, "width": 25, "height": 40 }
		},
		"renzhe_sb_gj_2_6_": {
			"renzhe_sb_gj_2_6_": { "x": 34, "y": -101.5, "width": 9, "height": 25 }
		},
		"renzhe_sb_gj_3_1_": {
			"renzhe_sb_gj_3_1_": { "x": 8, "y": -53, "width": 29, "height": 30 }
		},
		"renzhe_sb_gj_3_2_": {
			"renzhe_sb_gj_3_2_": { "x": 37.5, "y": -40.5, "width": 30, "height": 5 }
		},
		"renzhe_sb_gj_3_3_": {
			"renzhe_sb_gj_3_3_": { "x": -5.49, "y": -84, "width": 42, "height": 32 }
		},
		"renzhe_sb_gj_3_4_": {
			"renzhe_sb_gj_3_4_": { "x": -22.49, "y": -115.5, "width": 18, "height": 31 }
		},
		"renzhe_sb_gj_3_5_": {
			"renzhe_sb_gj_3_5_": { "x": 7.5, "y": -117, "width": 42, "height": 36 }
		},
		"renzhe_sb_gj_3_6_": {
			"renzhe_sb_gj_3_6_": { "x": 24, "y": -88, "width": 17, "height": 12 }
		},
		"renzhe_sb_gj_4_1_": {
			"renzhe_sb_gj_4_1_": { "x": -67.49, "y": -62, "width": 30, "height": 20 }
		},
		"renzhe_sb_gj_4_2_": {
			"renzhe_sb_gj_4_2_": { "x": -33.99, "y": -74.5, "width": 37, "height": 13 }
		},
		"renzhe_sb_gj_4_3_": {
			"renzhe_sb_gj_4_3_": { "y": -82, "width": 31, "height": 42 }
		},
		"renzhe_sb_gj_4_4_": {
			"renzhe_sb_gj_4_4_": { "x": 14, "y": -119, "width": 27, "height": 32 }
		},
		"renzhe_sb_gj_4_5_": {
			"renzhe_sb_gj_4_5_": { "x": -14.49, "y": -117, "width": 30, "height": 28 }
		},
		"renzhe_sb_gj_5_1_": {
			"renzhe_sb_gj_5_1_": { "x": -16.99, "y": -71.5, "width": 19, "height": 13 }
		},
		"renzhe_sb_gj_5_2_": {
			"renzhe_sb_gj_5_2_": { "x": 6, "y": -78.5, "width": 39, "height": 43 }
		},
		"renzhe_sb_gj_5_3_": {
			"renzhe_sb_gj_5_3_": { "x": -10.49, "y": -115, "width": 38, "height": 32 }
		},
		"renzhe_sb_gj_5_4_": {
			"renzhe_sb_gj_5_4_": { "x": 18.5, "y": -116.5, "width": 20, "height": 33 }
		},
		"renzhe_sb_gj_5_5_": {
			"renzhe_sb_gj_5_5_": { "x": 37.5, "y": -80.5, "width": 24, "height": 5 }
		},
		"renzhe_sb_gj_5_6_": {
			"renzhe_sb_gj_5_6_": { "x": 59, "y": -83, "width": 19, "height": 6 }
		},
		"renzhe_sb_gj_6_1_": {
			"renzhe_sb_gj_6_1_": { "x": 5.5, "y": -73.5, "width": 36, "height": 41 }
		},
		"renzhe_sb_gj_6_2_": {
			"renzhe_sb_gj_6_2_": { "x": -13.49, "y": -99.5, "width": 16, "height": 11 }
		},
		"renzhe_sb_gj_6_3_": {
			"renzhe_sb_gj_6_3_": { "x": -11.49, "y": -112.5, "width": 36, "height": 37 }
		},
		"renzhe_sb_gj_6_4_": {
			"renzhe_sb_gj_6_4_": { "x": 33.5, "y": -94, "width": 20, "height": 34 }
		},
		"renzhe_sb_gj_6_5_": {
			"renzhe_sb_gj_6_5_": { "x": 17.5, "y": -113.5, "width": 22, "height": 39 }
		},
		"renzhe_sb_gj_7_1_": {
			"renzhe_sb_gj_7_1_": { "x": 5.5, "y": -71, "width": 30, "height": 40 }
		},
		"renzhe_sb_gj_7_2_": {
			"renzhe_sb_gj_7_2_": { "x": 24.5, "y": -67, "width": 8, "height": 8 }
		},
		"renzhe_sb_gj_7_3_": {
			"renzhe_sb_gj_7_3_": { "x": -13.99, "y": -111, "width": 31, "height": 40 }
		},
		"renzhe_sb_gj_7_4_": {
			"renzhe_sb_gj_7_4_": { "x": 15, "y": -111.5, "width": 27, "height": 43 }
		},
		"renzhe_sb_gj_7_5_": {
			"renzhe_sb_gj_7_5_": { "x": 37, "y": -90.5, "width": 17, "height": 7 }
		},
		"siwang_0_": {
			"siwang_0_": { "width": 165, "height": 156 },
			"siwang_1_": { "width": 165, "height": 156 },
			"siwang_2_": { "width": 165, "height": 156 },
			"siwang_3_": { "width": 165, "height": 156 },
			"siwang_4_": { "width": 165, "height": 156 },
			"siwang_5_": { "width": 165, "height": 156 },
			"siwang_6_": { "width": 165, "height": 156 }
		}
	}
},
"animations": {
	"dj": {
		"slots": {
			"renzhe_sb_dj_1_1_": {
				"attachment": [
					{ "time": 0, "name": "renzhe_sb_dj_1_1_" },
					{ "time": 0.0333, "name": null },
					{ "time": 0.2333, "name": null }
				]
			},
			"renzhe_sb_dj_1_2_": {
				"attachment": [
					{ "time": 0, "name": "renzhe_sb_dj_1_2_" },
					{ "time": 0.0333, "name": null },
					{ "time": 0.2333, "name": null }
				]
			},
			"renzhe_sb_dj_1_3_": {
				"attachment": [
					{ "time": 0, "name": "renzhe_sb_dj_1_3_" },
					{ "time": 0.0333, "name": null },
					{ "time": 0.2333, "name": null }
				]
			},
			"renzhe_sb_dj_1_4_": {
				"attachment": [
					{ "time": 0, "name": "renzhe_sb_dj_1_4_" },
					{ "time": 0.0333, "name": null },
					{ "time": 0.2333, "name": null }
				]
			},
			"renzhe_sb_dj_1_5_": {
				"attachment": [
					{ "time": 0, "name": "renzhe_sb_dj_1_5_" },
					{ "time": 0.0333, "name": null },
					{ "time": 0.2333, "name": null }
				]
			},
			"renzhe_sb_dj_2_1_": {
				"attachment": [
					{ "time": 0, "name": null },
					{ "time": 0.0333, "name": "renzhe_sb_dj_2_1_" },
					{ "time": 0.0666, "name": null },
					{ "time": 0.2333, "name": null }
				]
			},
			"renzhe_sb_dj_2_2_": {
				"attachment": [
					{ "time": 0, "name": null },
					{ "time": 0.0333, "name": "renzhe_sb_dj_2_2_" },
					{ "time": 0.0666, "name": null },
					{ "time": 0.2333, "name": null }
				]
			},
			"renzhe_sb_dj_2_3_": {
				"attachment": [
					{ "time": 0, "name": null },
					{ "time": 0.0333, "name": "renzhe_sb_dj_2_3_" },
					{ "time": 0.0666, "name": null },
					{ "time": 0.2333, "name": null }
				]
			},
			"renzhe_sb_dj_2_4_": {
				"attachment": [
					{ "time": 0, "name": null },
					{ "time": 0.0333, "name": "renzhe_sb_dj_2_4_" },
					{ "time": 0.0666, "name": null },
					{ "time": 0.2333, "name": null }
				]
			},
			"renzhe_sb_dj_2_5_": {
				"attachment": [
					{ "time": 0, "name": null },
					{ "time": 0.0333, "name": "renzhe_sb_dj_2_5_" },
					{ "time": 0.0666, "name": null },
					{ "time": 0.2333, "name": null }
				]
			},
			"renzhe_sb_dj_3_1_": {
				"attachment": [
					{ "time": 0, "name": null },
					{ "time": 0.0666, "name": "renzhe_sb_dj_3_1_" },
					{ "time": 0.1, "name": null },
					{ "time": 0.2333, "name": null }
				]
			},
			"renzhe_sb_dj_3_2_": {
				"attachment": [
					{ "time": 0, "name": null },
					{ "time": 0.0666, "name": "renzhe_sb_dj_3_2_" },
					{ "time": 0.1, "name": null },
					{ "time": 0.2333, "name": null }
				]
			},
			"renzhe_sb_dj_3_3_": {
				"attachment": [
					{ "time": 0, "name": null },
					{ "time": 0.0666, "name": "renzhe_sb_dj_3_3_" },
					{ "time": 0.1, "name": null },
					{ "time": 0.2333, "name": null }
				]
			},
			"renzhe_sb_dj_3_4_": {
				"attachment": [
					{ "time": 0, "name": null },
					{ "time": 0.0666, "name": "renzhe_sb_dj_3_4_" },
					{ "time": 0.1, "name": null },
					{ "time": 0.2333, "name": null }
				]
			},
			"renzhe_sb_dj_3_5_": {
				"attachment": [
					{ "time": 0, "name": null },
					{ "time": 0.0666, "name": "renzhe_sb_dj_3_5_" },
					{ "time": 0.1, "name": null },
					{ "time": 0.2333, "name": null }
				]
			},
			"renzhe_sb_dj_4_1_": {
				"attachment": [
					{ "time": 0, "name": null },
					{ "time": 0.1, "name": "renzhe_sb_dj_4_1_" },
					{ "time": 0.1333, "name": null },
					{ "time": 0.2333, "name": null }
				]
			},
			"renzhe_sb_dj_4_2_": {
				"attachment": [
					{ "time": 0, "name": null },
					{ "time": 0.1, "name": "renzhe_sb_dj_4_2_" },
					{ "time": 0.1333, "name": null },
					{ "time": 0.2333, "name": null }
				]
			},
			"renzhe_sb_dj_4_3_": {
				"attachment": [
					{ "time": 0, "name": null },
					{ "time": 0.1, "name": "renzhe_sb_dj_4_3_" },
					{ "time": 0.1333, "name": null },
					{ "time": 0.2333, "name": null }
				]
			},
			"renzhe_sb_dj_4_4_": {
				"attachment": [
					{ "time": 0, "name": null },
					{ "time": 0.1, "name": "renzhe_sb_dj_4_4_" },
					{ "time": 0.1333, "name": null },
					{ "time": 0.2333, "name": null }
				]
			},
			"renzhe_sb_dj_4_5_": {
				"attachment": [
					{ "time": 0, "name": null },
					{ "time": 0.1, "name": "renzhe_sb_dj_4_5_" },
					{ "time": 0.1333, "name": null },
					{ "time": 0.2333, "name": null }
				]
			},
			"renzhe_sb_dj_5_1_": {
				"attachment": [
					{ "time": 0, "name": null },
					{ "time": 0.1333, "name": "renzhe_sb_dj_5_1_" },
					{ "time": 0.1666, "name": null },
					{ "time": 0.2333, "name": null }
				]
			},
			"renzhe_sb_dj_5_2_": {
				"attachment": [
					{ "time": 0, "name": null },
					{ "time": 0.1333, "name": "renzhe_sb_dj_5_2_" },
					{ "time": 0.1666, "name": null },
					{ "time": 0.2333, "name": null }
				]
			},
			"renzhe_sb_dj_5_3_": {
				"attachment": [
					{ "time": 0, "name": null },
					{ "time": 0.1333, "name": "renzhe_sb_dj_5_3_" },
					{ "time": 0.1666, "name": null },
					{ "time": 0.2333, "name": null }
				]
			},
			"renzhe_sb_dj_5_4_": {
				"attachment": [
					{ "time": 0, "name": null },
					{ "time": 0.1333, "name": "renzhe_sb_dj_5_4_" },
					{ "time": 0.1666, "name": null },
					{ "time": 0.2333, "name": null }
				]
			},
			"renzhe_sb_dj_5_5_": {
				"attachment": [
					{ "time": 0, "name": null },
					{ "time": 0.1333, "name": "renzhe_sb_dj_5_5_" },
					{ "time": 0.1666, "name": null },
					{ "time": 0.2333, "name": null }
				]
			},
			"renzhe_sb_dj_6_1_": {
				"attachment": [
					{ "time": 0, "name": null },
					{ "time": 0.1666, "name": "renzhe_sb_dj_6_1_" },
					{ "time": 0.2, "name": null },
					{ "time": 0.2333, "name": null }
				]
			},
			"renzhe_sb_dj_6_2_": {
				"attachment": [
					{ "time": 0, "name": null },
					{ "time": 0.1666, "name": "renzhe_sb_dj_6_2_" },
					{ "time": 0.2, "name": null },
					{ "time": 0.2333, "name": null }
				]
			},
			"renzhe_sb_dj_6_3_": {
				"attachment": [
					{ "time": 0, "name": null },
					{ "time": 0.1666, "name": "renzhe_sb_dj_6_3_" },
					{ "time": 0.2, "name": null },
					{ "time": 0.2333, "name": null }
				]
			},
			"renzhe_sb_dj_6_4_": {
				"attachment": [
					{ "time": 0, "name": null },
					{ "time": 0.1666, "name": "renzhe_sb_dj_6_4_" },
					{ "time": 0.2, "name": null },
					{ "time": 0.2333, "name": null }
				]
			},
			"renzhe_sb_dj_6_5_": {
				"attachment": [
					{ "time": 0, "name": null },
					{ "time": 0.1666, "name": "renzhe_sb_dj_6_5_" },
					{ "time": 0.2, "name": null },
					{ "time": 0.2333, "name": null }
				]
			},
			"renzhe_sb_dj_7_1_": {
				"attachment": [
					{ "time": 0, "name": null },
					{ "time": 0.2, "name": "renzhe_sb_dj_7_1_" },
					{ "time": 0.2333, "name": "renzhe_sb_dj_7_1_" }
				]
			},
			"renzhe_sb_dj_7_2_": {
				"attachment": [
					{ "time": 0, "name": null },
					{ "time": 0.2, "name": "renzhe_sb_dj_7_2_" },
					{ "time": 0.2333, "name": "renzhe_sb_dj_7_2_" }
				]
			},
			"renzhe_sb_dj_7_3_": {
				"attachment": [
					{ "time": 0, "name": null },
					{ "time": 0.2, "name": "renzhe_sb_dj_7_3_" },
					{ "time": 0.2333, "name": "renzhe_sb_dj_7_3_" }
				]
			},
			"renzhe_sb_dj_7_4_": {
				"attachment": [
					{ "time": 0, "name": null },
					{ "time": 0.2, "name": "renzhe_sb_dj_7_4_" },
					{ "time": 0.2333, "name": "renzhe_sb_dj_7_4_" }
				]
			},
			"renzhe_sb_dj_7_5_": {
				"attachment": [
					{ "time": 0, "name": null },
					{ "time": 0.2, "name": "renzhe_sb_dj_7_5_" },
					{ "time": 0.2333, "name": "renzhe_sb_dj_7_5_" }
				]
			},
			"renzhe_sb_gj_0_1_": {
				"attachment": [
					{ "time": 0, "name": null },
					{ "time": 0.2333, "name": null }
				]
			},
			"renzhe_sb_gj_0_2_": {
				"attachment": [
					{ "time": 0, "name": null },
					{ "time": 0.2333, "name": null }
				]
			},
			"renzhe_sb_gj_0_3_": {
				"attachment": [
					{ "time": 0, "name": null },
					{ "time": 0.2333, "name": null }
				]
			},
			"renzhe_sb_gj_0_4_": {
				"attachment": [
					{ "time": 0, "name": null },
					{ "time": 0.2333, "name": null }
				]
			},
			"renzhe_sb_gj_0_5_": {
				"attachment": [
					{ "time": 0, "name": null },
					{ "time": 0.2333, "name": null }
				]
			},
			"renzhe_sb_gj_0_6_": {
				"attachment": [
					{ "time": 0, "name": null },
					{ "time": 0.2333, "name": null }
				]
			},
			"renzhe_sb_gj_1_1_": {
				"attachment": [
					{ "time": 0, "name": null },
					{ "time": 0.2333, "name": null }
				]
			},
			"renzhe_sb_gj_1_2_": {
				"attachment": [
					{ "time": 0, "name": null },
					{ "time": 0.2333, "name": null }
				]
			},
			"renzhe_sb_gj_1_3_": {
				"attachment": [
					{ "time": 0, "name": null },
					{ "time": 0.2333, "name": null }
				]
			},
			"renzhe_sb_gj_1_4_": {
				"attachment": [
					{ "time": 0, "name": null },
					{ "time": 0.2333, "name": null }
				]
			},
			"renzhe_sb_gj_2_1_": {
				"attachment": [
					{ "time": 0, "name": null },
					{ "time": 0.2333, "name": null }
				]
			},
			"renzhe_sb_gj_2_2_": {
				"attachment": [
					{ "time": 0, "name": null },
					{ "time": 0.2333, "name": null }
				]
			},
			"renzhe_sb_gj_2_3_": {
				"attachment": [
					{ "time": 0, "name": null },
					{ "time": 0.2333, "name": null }
				]
			},
			"renzhe_sb_gj_2_4_": {
				"attachment": [
					{ "time": 0, "name": null },
					{ "time": 0.2333, "name": null }
				]
			},
			"renzhe_sb_gj_2_5_": {
				"attachment": [
					{ "time": 0, "name": null },
					{ "time": 0.2333, "name": null }
				]
			},
			"renzhe_sb_gj_2_6_": {
				"attachment": [
					{ "time": 0, "name": null },
					{ "time": 0.2333, "name": null }
				]
			},
			"renzhe_sb_gj_3_1_": {
				"attachment": [
					{ "time": 0, "name": null },
					{ "time": 0.2333, "name": null }
				]
			},
			"renzhe_sb_gj_3_2_": {
				"attachment": [
					{ "time": 0, "name": null },
					{ "time": 0.2333, "name": null }
				]
			},
			"renzhe_sb_gj_3_3_": {
				"attachment": [
					{ "time": 0, "name": null },
					{ "time": 0.2333, "name": null }
				]
			},
			"renzhe_sb_gj_3_4_": {
				"attachment": [
					{ "time": 0, "name": null },
					{ "time": 0.2333, "name": null }
				]
			},
			"renzhe_sb_gj_3_5_": {
				"attachment": [
					{ "time": 0, "name": null },
					{ "time": 0.2333, "name": null }
				]
			},
			"renzhe_sb_gj_3_6_": {
				"attachment": [
					{ "time": 0, "name": null },
					{ "time": 0.2333, "name": null }
				]
			},
			"renzhe_sb_gj_4_1_": {
				"attachment": [
					{ "time": 0, "name": null },
					{ "time": 0.2333, "name": null }
				]
			},
			"renzhe_sb_gj_4_2_": {
				"attachment": [
					{ "time": 0, "name": null },
					{ "time": 0.2333, "name": null }
				]
			},
			"renzhe_sb_gj_4_3_": {
				"attachment": [
					{ "time": 0, "name": null },
					{ "time": 0.2333, "name": null }
				]
			},
			"renzhe_sb_gj_4_4_": {
				"attachment": [
					{ "time": 0, "name": null },
					{ "time": 0.2333, "name": null }
				]
			},
			"renzhe_sb_gj_4_5_": {
				"attachment": [
					{ "time": 0, "name": null },
					{ "time": 0.2333, "name": null }
				]
			},
			"renzhe_sb_gj_5_1_": {
				"attachment": [
					{ "time": 0, "name": null },
					{ "time": 0.2333, "name": null }
				]
			},
			"renzhe_sb_gj_5_2_": {
				"attachment": [
					{ "time": 0, "name": null },
					{ "time": 0.2333, "name": null }
				]
			},
			"renzhe_sb_gj_5_3_": {
				"attachment": [
					{ "time": 0, "name": null },
					{ "time": 0.2333, "name": null }
				]
			},
			"renzhe_sb_gj_5_4_": {
				"attachment": [
					{ "time": 0, "name": null },
					{ "time": 0.2333, "name": null }
				]
			},
			"renzhe_sb_gj_5_5_": {
				"attachment": [
					{ "time": 0, "name": null },
					{ "time": 0.2333, "name": null }
				]
			},
			"renzhe_sb_gj_5_6_": {
				"attachment": [
					{ "time": 0, "name": null },
					{ "time": 0.2333, "name": null }
				]
			},
			"renzhe_sb_gj_6_1_": {
				"attachment": [
					{ "time": 0, "name": null },
					{ "time": 0.2333, "name": null }
				]
			},
			"renzhe_sb_gj_6_2_": {
				"attachment": [
					{ "time": 0, "name": null },
					{ "time": 0.2333, "name": null }
				]
			},
			"renzhe_sb_gj_6_3_": {
				"attachment": [
					{ "time": 0, "name": null },
					{ "time": 0.2333, "name": null }
				]
			},
			"renzhe_sb_gj_6_4_": {
				"attachment": [
					{ "time": 0, "name": null },
					{ "time": 0.2333, "name": null }
				]
			},
			"renzhe_sb_gj_6_5_": {
				"attachment": [
					{ "time": 0, "name": null },
					{ "time": 0.2333, "name": null }
				]
			},
			"renzhe_sb_gj_7_1_": {
				"attachment": [
					{ "time": 0, "name": null },
					{ "time": 0.2333, "name": null }
				]
			},
			"renzhe_sb_gj_7_2_": {
				"attachment": [
					{ "time": 0, "name": null },
					{ "time": 0.2333, "name": null }
				]
			},
			"renzhe_sb_gj_7_3_": {
				"attachment": [
					{ "time": 0, "name": null },
					{ "time": 0.2333, "name": null }
				]
			},
			"renzhe_sb_gj_7_4_": {
				"attachment": [
					{ "time": 0, "name": null },
					{ "time": 0.2333, "name": null }
				]
			},
			"renzhe_sb_gj_7_5_": {
				"attachment": [
					{ "time": 0, "name": null },
					{ "time": 0.2333, "name": null }
				]
			}
		}
	},
	"gj": {
		"slots": {
			"renzhe_sb_dj_1_1_": {
				"attachment": [
					{ "time": 0, "name": null },
					{ "time": 0.2333, "name": null }
				]
			},
			"renzhe_sb_dj_1_2_": {
				"attachment": [
					{ "time": 0, "name": null },
					{ "time": 0.2333, "name": null }
				]
			},
			"renzhe_sb_dj_1_3_": {
				"attachment": [
					{ "time": 0, "name": null },
					{ "time": 0.2333, "name": null }
				]
			},
			"renzhe_sb_dj_1_4_": {
				"attachment": [
					{ "time": 0, "name": null },
					{ "time": 0.2333, "name": null }
				]
			},
			"renzhe_sb_dj_1_5_": {
				"attachment": [
					{ "time": 0, "name": null },
					{ "time": 0.2333, "name": null }
				]
			},
			"renzhe_sb_dj_2_1_": {
				"attachment": [
					{ "time": 0, "name": null },
					{ "time": 0.2333, "name": null }
				]
			},
			"renzhe_sb_dj_2_2_": {
				"attachment": [
					{ "time": 0, "name": null },
					{ "time": 0.2333, "name": null }
				]
			},
			"renzhe_sb_dj_2_3_": {
				"attachment": [
					{ "time": 0, "name": null },
					{ "time": 0.2333, "name": null }
				]
			},
			"renzhe_sb_dj_2_4_": {
				"attachment": [
					{ "time": 0, "name": null },
					{ "time": 0.2333, "name": null }
				]
			},
			"renzhe_sb_dj_2_5_": {
				"attachment": [
					{ "time": 0, "name": null },
					{ "time": 0.2333, "name": null }
				]
			},
			"renzhe_sb_dj_3_1_": {
				"attachment": [
					{ "time": 0, "name": null },
					{ "time": 0.2333, "name": null }
				]
			},
			"renzhe_sb_dj_3_2_": {
				"attachment": [
					{ "time": 0, "name": null },
					{ "time": 0.2333, "name": null }
				]
			},
			"renzhe_sb_dj_3_3_": {
				"attachment": [
					{ "time": 0, "name": null },
					{ "time": 0.2333, "name": null }
				]
			},
			"renzhe_sb_dj_3_4_": {
				"attachment": [
					{ "time": 0, "name": null },
					{ "time": 0.2333, "name": null }
				]
			},
			"renzhe_sb_dj_3_5_": {
				"attachment": [
					{ "time": 0, "name": null },
					{ "time": 0.2333, "name": null }
				]
			},
			"renzhe_sb_dj_4_1_": {
				"attachment": [
					{ "time": 0, "name": null },
					{ "time": 0.2333, "name": null }
				]
			},
			"renzhe_sb_dj_4_2_": {
				"attachment": [
					{ "time": 0, "name": null },
					{ "time": 0.2333, "name": null }
				]
			},
			"renzhe_sb_dj_4_3_": {
				"attachment": [
					{ "time": 0, "name": null },
					{ "time": 0.2333, "name": null }
				]
			},
			"renzhe_sb_dj_4_4_": {
				"attachment": [
					{ "time": 0, "name": null },
					{ "time": 0.2333, "name": null }
				]
			},
			"renzhe_sb_dj_4_5_": {
				"attachment": [
					{ "time": 0, "name": null },
					{ "time": 0.2333, "name": null }
				]
			},
			"renzhe_sb_dj_5_1_": {
				"attachment": [
					{ "time": 0, "name": null },
					{ "time": 0.2333, "name": null }
				]
			},
			"renzhe_sb_dj_5_2_": {
				"attachment": [
					{ "time": 0, "name": null },
					{ "time": 0.2333, "name": null }
				]
			},
			"renzhe_sb_dj_5_3_": {
				"attachment": [
					{ "time": 0, "name": null },
					{ "time": 0.2333, "name": null }
				]
			},
			"renzhe_sb_dj_5_4_": {
				"attachment": [
					{ "time": 0, "name": null },
					{ "time": 0.2333, "name": null }
				]
			},
			"renzhe_sb_dj_5_5_": {
				"attachment": [
					{ "time": 0, "name": null },
					{ "time": 0.2333, "name": null }
				]
			},
			"renzhe_sb_dj_6_1_": {
				"attachment": [
					{ "time": 0, "name": null },
					{ "time": 0.2333, "name": null }
				]
			},
			"renzhe_sb_dj_6_2_": {
				"attachment": [
					{ "time": 0, "name": null },
					{ "time": 0.2333, "name": null }
				]
			},
			"renzhe_sb_dj_6_3_": {
				"attachment": [
					{ "time": 0, "name": null },
					{ "time": 0.2333, "name": null }
				]
			},
			"renzhe_sb_dj_6_4_": {
				"attachment": [
					{ "time": 0, "name": null },
					{ "time": 0.2333, "name": null }
				]
			},
			"renzhe_sb_dj_6_5_": {
				"attachment": [
					{ "time": 0, "name": null },
					{ "time": 0.2333, "name": null }
				]
			},
			"renzhe_sb_dj_7_1_": {
				"attachment": [
					{ "time": 0, "name": null },
					{ "time": 0.2333, "name": null }
				]
			},
			"renzhe_sb_dj_7_2_": {
				"attachment": [
					{ "time": 0, "name": null },
					{ "time": 0.2333, "name": null }
				]
			},
			"renzhe_sb_dj_7_3_": {
				"attachment": [
					{ "time": 0, "name": null },
					{ "time": 0.2333, "name": null }
				]
			},
			"renzhe_sb_dj_7_4_": {
				"attachment": [
					{ "time": 0, "name": null },
					{ "time": 0.2333, "name": null }
				]
			},
			"renzhe_sb_dj_7_5_": {
				"attachment": [
					{ "time": 0, "name": null },
					{ "time": 0.2333, "name": null }
				]
			},
			"renzhe_sb_gj_0_1_": {
				"attachment": [
					{ "time": 0, "name": "renzhe_sb_gj_0_1_" },
					{ "time": 0.0333, "name": null },
					{ "time": 0.2333, "name": null }
				]
			},
			"renzhe_sb_gj_0_2_": {
				"attachment": [
					{ "time": 0, "name": "renzhe_sb_gj_0_2_" },
					{ "time": 0.0333, "name": null },
					{ "time": 0.2333, "name": null }
				]
			},
			"renzhe_sb_gj_0_3_": {
				"attachment": [
					{ "time": 0, "name": "renzhe_sb_gj_0_3_" },
					{ "time": 0.0333, "name": null },
					{ "time": 0.2333, "name": null }
				]
			},
			"renzhe_sb_gj_0_4_": {
				"attachment": [
					{ "time": 0, "name": "renzhe_sb_gj_0_4_" },
					{ "time": 0.0333, "name": null },
					{ "time": 0.2333, "name": null }
				]
			},
			"renzhe_sb_gj_0_5_": {
				"attachment": [
					{ "time": 0, "name": "renzhe_sb_gj_0_5_" },
					{ "time": 0.0333, "name": null },
					{ "time": 0.2333, "name": null }
				]
			},
			"renzhe_sb_gj_0_6_": {
				"attachment": [
					{ "time": 0, "name": "renzhe_sb_gj_0_6_" },
					{ "time": 0.0333, "name": null },
					{ "time": 0.2333, "name": null }
				]
			},
			"renzhe_sb_gj_1_1_": {
				"attachment": [
					{ "time": 0, "name": null },
					{ "time": 0.0333, "name": "renzhe_sb_gj_1_1_" },
					{ "time": 0.0666, "name": null },
					{ "time": 0.2333, "name": null }
				]
			},
			"renzhe_sb_gj_1_2_": {
				"attachment": [
					{ "time": 0, "name": null },
					{ "time": 0.0333, "name": "renzhe_sb_gj_1_2_" },
					{ "time": 0.0666, "name": null },
					{ "time": 0.2333, "name": null }
				]
			},
			"renzhe_sb_gj_1_3_": {
				"attachment": [
					{ "time": 0, "name": null },
					{ "time": 0.0333, "name": "renzhe_sb_gj_1_3_" },
					{ "time": 0.0666, "name": null },
					{ "time": 0.2333, "name": null }
				]
			},
			"renzhe_sb_gj_1_4_": {
				"attachment": [
					{ "time": 0, "name": null },
					{ "time": 0.0333, "name": "renzhe_sb_gj_1_4_" },
					{ "time": 0.0666, "name": null },
					{ "time": 0.2333, "name": null }
				]
			},
			"renzhe_sb_gj_2_1_": {
				"attachment": [
					{ "time": 0, "name": null },
					{ "time": 0.0666, "name": "renzhe_sb_gj_2_1_" },
					{ "time": 0.1, "name": null },
					{ "time": 0.2333, "name": null }
				]
			},
			"renzhe_sb_gj_2_2_": {
				"attachment": [
					{ "time": 0, "name": null },
					{ "time": 0.0666, "name": "renzhe_sb_gj_2_2_" },
					{ "time": 0.1, "name": null },
					{ "time": 0.2333, "name": null }
				]
			},
			"renzhe_sb_gj_2_3_": {
				"attachment": [
					{ "time": 0, "name": null },
					{ "time": 0.0666, "name": "renzhe_sb_gj_2_3_" },
					{ "time": 0.1, "name": null },
					{ "time": 0.2333, "name": null }
				]
			},
			"renzhe_sb_gj_2_4_": {
				"attachment": [
					{ "time": 0, "name": null },
					{ "time": 0.0666, "name": "renzhe_sb_gj_2_4_" },
					{ "time": 0.1, "name": null },
					{ "time": 0.2333, "name": null }
				]
			},
			"renzhe_sb_gj_2_5_": {
				"attachment": [
					{ "time": 0, "name": null },
					{ "time": 0.0666, "name": "renzhe_sb_gj_2_5_" },
					{ "time": 0.1, "name": null },
					{ "time": 0.2333, "name": null }
				]
			},
			"renzhe_sb_gj_2_6_": {
				"attachment": [
					{ "time": 0, "name": null },
					{ "time": 0.0666, "name": "renzhe_sb_gj_2_6_" },
					{ "time": 0.1, "name": null },
					{ "time": 0.2333, "name": null }
				]
			},
			"renzhe_sb_gj_3_1_": {
				"attachment": [
					{ "time": 0, "name": null },
					{ "time": 0.1, "name": "renzhe_sb_gj_3_1_" },
					{ "time": 0.1333, "name": null },
					{ "time": 0.2333, "name": null }
				]
			},
			"renzhe_sb_gj_3_2_": {
				"attachment": [
					{ "time": 0, "name": null },
					{ "time": 0.1, "name": "renzhe_sb_gj_3_2_" },
					{ "time": 0.1333, "name": null },
					{ "time": 0.2333, "name": null }
				]
			},
			"renzhe_sb_gj_3_3_": {
				"attachment": [
					{ "time": 0, "name": null },
					{ "time": 0.1, "name": "renzhe_sb_gj_3_3_" },
					{ "time": 0.1333, "name": null },
					{ "time": 0.2333, "name": null }
				]
			},
			"renzhe_sb_gj_3_4_": {
				"attachment": [
					{ "time": 0, "name": null },
					{ "time": 0.1, "name": "renzhe_sb_gj_3_4_" },
					{ "time": 0.1333, "name": null },
					{ "time": 0.2333, "name": null }
				]
			},
			"renzhe_sb_gj_3_5_": {
				"attachment": [
					{ "time": 0, "name": null },
					{ "time": 0.1, "name": "renzhe_sb_gj_3_5_" },
					{ "time": 0.1333, "name": null },
					{ "time": 0.2333, "name": null }
				]
			},
			"renzhe_sb_gj_3_6_": {
				"attachment": [
					{ "time": 0, "name": null },
					{ "time": 0.1, "name": "renzhe_sb_gj_3_6_" },
					{ "time": 0.1333, "name": null },
					{ "time": 0.2333, "name": null }
				]
			},
			"renzhe_sb_gj_4_1_": {
				"attachment": [
					{ "time": 0, "name": null },
					{ "time": 0.1333, "name": "renzhe_sb_gj_4_1_" },
					{ "time": 0.1666, "name": null },
					{ "time": 0.2333, "name": null }
				]
			},
			"renzhe_sb_gj_4_2_": {
				"attachment": [
					{ "time": 0, "name": null },
					{ "time": 0.1333, "name": "renzhe_sb_gj_4_2_" },
					{ "time": 0.1666, "name": null },
					{ "time": 0.2333, "name": null }
				]
			},
			"renzhe_sb_gj_4_3_": {
				"attachment": [
					{ "time": 0, "name": null },
					{ "time": 0.1333, "name": "renzhe_sb_gj_4_3_" },
					{ "time": 0.1666, "name": null },
					{ "time": 0.2333, "name": null }
				]
			},
			"renzhe_sb_gj_4_4_": {
				"attachment": [
					{ "time": 0, "name": null },
					{ "time": 0.1333, "name": "renzhe_sb_gj_4_4_" },
					{ "time": 0.1666, "name": null },
					{ "time": 0.2333, "name": null }
				]
			},
			"renzhe_sb_gj_4_5_": {
				"attachment": [
					{ "time": 0, "name": null },
					{ "time": 0.1333, "name": "renzhe_sb_gj_4_5_" },
					{ "time": 0.1666, "name": null },
					{ "time": 0.2333, "name": null }
				]
			},
			"renzhe_sb_gj_5_1_": {
				"attachment": [
					{ "time": 0, "name": null },
					{ "time": 0.1666, "name": "renzhe_sb_gj_5_1_" },
					{ "time": 0.2, "name": null },
					{ "time": 0.2333, "name": null }
				]
			},
			"renzhe_sb_gj_5_2_": {
				"attachment": [
					{ "time": 0, "name": null },
					{ "time": 0.1666, "name": "renzhe_sb_gj_5_2_" },
					{ "time": 0.2, "name": null },
					{ "time": 0.2333, "name": null }
				]
			},
			"renzhe_sb_gj_5_3_": {
				"attachment": [
					{ "time": 0, "name": null },
					{ "time": 0.1666, "name": "renzhe_sb_gj_5_3_" },
					{ "time": 0.2, "name": null },
					{ "time": 0.2333, "name": null }
				]
			},
			"renzhe_sb_gj_5_4_": {
				"attachment": [
					{ "time": 0, "name": null },
					{ "time": 0.1666, "name": "renzhe_sb_gj_5_4_" },
					{ "time": 0.2, "name": null },
					{ "time": 0.2333, "name": null }
				]
			},
			"renzhe_sb_gj_5_5_": {
				"attachment": [
					{ "time": 0, "name": null },
					{ "time": 0.1666, "name": "renzhe_sb_gj_5_5_" },
					{ "time": 0.2, "name": null },
					{ "time": 0.2333, "name": null }
				]
			},
			"renzhe_sb_gj_5_6_": {
				"attachment": [
					{ "time": 0, "name": null },
					{ "time": 0.1666, "name": "renzhe_sb_gj_5_6_" },
					{ "time": 0.2, "name": null },
					{ "time": 0.2333, "name": null }
				]
			},
			"renzhe_sb_gj_6_1_": {
				"attachment": [
					{ "time": 0, "name": null },
					{ "time": 0.2, "name": "renzhe_sb_gj_6_1_" },
					{ "time": 0.2333, "name": null }
				]
			},
			"renzhe_sb_gj_6_2_": {
				"attachment": [
					{ "time": 0, "name": null },
					{ "time": 0.2, "name": "renzhe_sb_gj_6_2_" },
					{ "time": 0.2333, "name": null }
				]
			},
			"renzhe_sb_gj_6_3_": {
				"attachment": [
					{ "time": 0, "name": null },
					{ "time": 0.2, "name": "renzhe_sb_gj_6_3_" },
					{ "time": 0.2333, "name": null }
				]
			},
			"renzhe_sb_gj_6_4_": {
				"attachment": [
					{ "time": 0, "name": null },
					{ "time": 0.2, "name": "renzhe_sb_gj_6_4_" },
					{ "time": 0.2333, "name": null }
				]
			},
			"renzhe_sb_gj_6_5_": {
				"attachment": [
					{ "time": 0, "name": null },
					{ "time": 0.2, "name": "renzhe_sb_gj_6_5_" },
					{ "time": 0.2333, "name": null }
				]
			},
			"renzhe_sb_gj_7_1_": {
				"attachment": [
					{ "time": 0, "name": null },
					{ "time": 0.2333, "name": "renzhe_sb_gj_7_1_" }
				]
			},
			"renzhe_sb_gj_7_2_": {
				"attachment": [
					{ "time": 0, "name": null },
					{ "time": 0.2333, "name": "renzhe_sb_gj_7_2_" }
				]
			},
			"renzhe_sb_gj_7_3_": {
				"attachment": [
					{ "time": 0, "name": null },
					{ "time": 0.2333, "name": "renzhe_sb_gj_7_3_" }
				]
			},
			"renzhe_sb_gj_7_4_": {
				"attachment": [
					{ "time": 0, "name": null },
					{ "time": 0.2333, "name": "renzhe_sb_gj_7_4_" }
				]
			},
			"renzhe_sb_gj_7_5_": {
				"attachment": [
					{ "time": 0, "name": null },
					{ "time": 0.2333, "name": "renzhe_sb_gj_7_5_" }
				]
			},
			"siwang_0_": {
				"attachment": [
					{ "time": 0, "name": null },
					{ "time": 0.2333, "name": null }
				]
			}
		}
	},
	"sw": {
		"slots": {
			"renzhe_sb_dj_1_1_": {
				"attachment": [
					{ "time": 0, "name": "renzhe_sb_dj_1_1_" },
					{ "time": 0.2333, "name": "renzhe_sb_dj_1_1_" }
				],
				"color": [
					{ "time": 0, "color": "ffffffff" },
					{ "time": 0.2333, "color": "ffffff00" }
				]
			},
			"renzhe_sb_dj_1_2_": {
				"attachment": [
					{ "time": 0, "name": "renzhe_sb_dj_1_2_" },
					{ "time": 0.2333, "name": "renzhe_sb_dj_1_2_" }
				],
				"color": [
					{ "time": 0, "color": "ffffffff" },
					{ "time": 0.2333, "color": "ffffff00" }
				]
			},
			"renzhe_sb_dj_1_3_": {
				"attachment": [
					{ "time": 0, "name": "renzhe_sb_dj_1_3_" },
					{ "time": 0.2333, "name": "renzhe_sb_dj_1_3_" }
				],
				"color": [
					{ "time": 0, "color": "ffffffff" },
					{ "time": 0.2333, "color": "ffffff00" }
				]
			},
			"renzhe_sb_dj_1_4_": {
				"attachment": [
					{ "time": 0, "name": "renzhe_sb_dj_1_4_" },
					{ "time": 0.2333, "name": "renzhe_sb_dj_1_4_" }
				],
				"color": [
					{ "time": 0, "color": "ffffffff" },
					{ "time": 0.2333, "color": "ffffff00" }
				]
			},
			"renzhe_sb_dj_1_5_": {
				"attachment": [
					{ "time": 0, "name": "renzhe_sb_dj_1_5_" },
					{ "time": 0.2333, "name": "renzhe_sb_dj_1_5_" }
				],
				"color": [
					{ "time": 0, "color": "ffffffff" },
					{ "time": 0.2333, "color": "ffffff00" }
				]
			},
			"renzhe_sb_dj_2_1_": {
				"attachment": [
					{ "time": 0, "name": null },
					{ "time": 0.2333, "name": null }
				]
			},
			"renzhe_sb_dj_2_2_": {
				"attachment": [
					{ "time": 0, "name": null },
					{ "time": 0.2333, "name": null }
				]
			},
			"renzhe_sb_dj_2_3_": {
				"attachment": [
					{ "time": 0, "name": null },
					{ "time": 0.2333, "name": null }
				]
			},
			"renzhe_sb_dj_2_4_": {
				"attachment": [
					{ "time": 0, "name": null },
					{ "time": 0.2333, "name": null }
				]
			},
			"renzhe_sb_dj_2_5_": {
				"attachment": [
					{ "time": 0, "name": null },
					{ "time": 0.2333, "name": null }
				]
			},
			"renzhe_sb_dj_3_1_": {
				"attachment": [
					{ "time": 0, "name": null },
					{ "time": 0.2333, "name": null }
				]
			},
			"renzhe_sb_dj_3_2_": {
				"attachment": [
					{ "time": 0, "name": null },
					{ "time": 0.2333, "name": null }
				]
			},
			"renzhe_sb_dj_3_3_": {
				"attachment": [
					{ "time": 0, "name": null },
					{ "time": 0.2333, "name": null }
				]
			},
			"renzhe_sb_dj_3_4_": {
				"attachment": [
					{ "time": 0, "name": null },
					{ "time": 0.2333, "name": null }
				]
			},
			"renzhe_sb_dj_3_5_": {
				"attachment": [
					{ "time": 0, "name": null },
					{ "time": 0.2333, "name": null }
				]
			},
			"renzhe_sb_dj_4_1_": {
				"attachment": [
					{ "time": 0, "name": null },
					{ "time": 0.2333, "name": null }
				]
			},
			"renzhe_sb_dj_4_2_": {
				"attachment": [
					{ "time": 0, "name": null },
					{ "time": 0.2333, "name": null }
				]
			},
			"renzhe_sb_dj_4_3_": {
				"attachment": [
					{ "time": 0, "name": null },
					{ "time": 0.2333, "name": null }
				]
			},
			"renzhe_sb_dj_4_4_": {
				"attachment": [
					{ "time": 0, "name": null },
					{ "time": 0.2333, "name": null }
				]
			},
			"renzhe_sb_dj_4_5_": {
				"attachment": [
					{ "time": 0, "name": null },
					{ "time": 0.2333, "name": null }
				]
			},
			"renzhe_sb_dj_5_1_": {
				"attachment": [
					{ "time": 0, "name": null },
					{ "time": 0.2333, "name": null }
				]
			},
			"renzhe_sb_dj_5_2_": {
				"attachment": [
					{ "time": 0, "name": null },
					{ "time": 0.2333, "name": null }
				]
			},
			"renzhe_sb_dj_5_3_": {
				"attachment": [
					{ "time": 0, "name": null },
					{ "time": 0.2333, "name": null }
				]
			},
			"renzhe_sb_dj_5_4_": {
				"attachment": [
					{ "time": 0, "name": null },
					{ "time": 0.2333, "name": null }
				]
			},
			"renzhe_sb_dj_5_5_": {
				"attachment": [
					{ "time": 0, "name": null },
					{ "time": 0.2333, "name": null }
				]
			},
			"renzhe_sb_dj_6_1_": {
				"attachment": [
					{ "time": 0, "name": null },
					{ "time": 0.2333, "name": null }
				]
			},
			"renzhe_sb_dj_6_2_": {
				"attachment": [
					{ "time": 0, "name": null },
					{ "time": 0.2333, "name": null }
				]
			},
			"renzhe_sb_dj_6_3_": {
				"attachment": [
					{ "time": 0, "name": null },
					{ "time": 0.2333, "name": null }
				]
			},
			"renzhe_sb_dj_6_4_": {
				"attachment": [
					{ "time": 0, "name": null },
					{ "time": 0.2333, "name": null }
				]
			},
			"renzhe_sb_dj_6_5_": {
				"attachment": [
					{ "time": 0, "name": null },
					{ "time": 0.2333, "name": null }
				]
			},
			"renzhe_sb_dj_7_1_": {
				"attachment": [
					{ "time": 0, "name": null },
					{ "time": 0.2333, "name": null }
				]
			},
			"renzhe_sb_dj_7_2_": {
				"attachment": [
					{ "time": 0, "name": null },
					{ "time": 0.2333, "name": null }
				]
			},
			"renzhe_sb_dj_7_3_": {
				"attachment": [
					{ "time": 0, "name": null },
					{ "time": 0.2333, "name": null }
				]
			},
			"renzhe_sb_dj_7_4_": {
				"attachment": [
					{ "time": 0, "name": null },
					{ "time": 0.2333, "name": null }
				]
			},
			"renzhe_sb_dj_7_5_": {
				"attachment": [
					{ "time": 0, "name": null },
					{ "time": 0.2333, "name": null }
				]
			},
			"renzhe_sb_gj_0_1_": {
				"attachment": [
					{ "time": 0, "name": null },
					{ "time": 0.2333, "name": null }
				]
			},
			"renzhe_sb_gj_0_2_": {
				"attachment": [
					{ "time": 0, "name": null },
					{ "time": 0.2333, "name": null }
				]
			},
			"renzhe_sb_gj_0_3_": {
				"attachment": [
					{ "time": 0, "name": null },
					{ "time": 0.2333, "name": null }
				]
			},
			"renzhe_sb_gj_0_4_": {
				"attachment": [
					{ "time": 0, "name": null },
					{ "time": 0.2333, "name": null }
				]
			},
			"renzhe_sb_gj_0_5_": {
				"attachment": [
					{ "time": 0, "name": null },
					{ "time": 0.2333, "name": null }
				]
			},
			"renzhe_sb_gj_0_6_": {
				"attachment": [
					{ "time": 0, "name": null },
					{ "time": 0.2333, "name": null }
				]
			},
			"renzhe_sb_gj_1_1_": {
				"attachment": [
					{ "time": 0, "name": null },
					{ "time": 0.2333, "name": null }
				]
			},
			"renzhe_sb_gj_1_2_": {
				"attachment": [
					{ "time": 0, "name": null },
					{ "time": 0.2333, "name": null }
				]
			},
			"renzhe_sb_gj_1_3_": {
				"attachment": [
					{ "time": 0, "name": null },
					{ "time": 0.2333, "name": null }
				]
			},
			"renzhe_sb_gj_1_4_": {
				"attachment": [
					{ "time": 0, "name": null },
					{ "time": 0.2333, "name": null }
				]
			},
			"renzhe_sb_gj_2_1_": {
				"attachment": [
					{ "time": 0, "name": null },
					{ "time": 0.2333, "name": null }
				]
			},
			"renzhe_sb_gj_2_2_": {
				"attachment": [
					{ "time": 0, "name": null },
					{ "time": 0.2333, "name": null }
				]
			},
			"renzhe_sb_gj_2_3_": {
				"attachment": [
					{ "time": 0, "name": null },
					{ "time": 0.2333, "name": null }
				]
			},
			"renzhe_sb_gj_2_4_": {
				"attachment": [
					{ "time": 0, "name": null },
					{ "time": 0.2333, "name": null }
				]
			},
			"renzhe_sb_gj_2_5_": {
				"attachment": [
					{ "time": 0, "name": null },
					{ "time": 0.2333, "name": null }
				]
			},
			"renzhe_sb_gj_2_6_": {
				"attachment": [
					{ "time": 0, "name": null },
					{ "time": 0.2333, "name": null }
				]
			},
			"renzhe_sb_gj_3_1_": {
				"attachment": [
					{ "time": 0, "name": null },
					{ "time": 0.2333, "name": null }
				]
			},
			"renzhe_sb_gj_3_2_": {
				"attachment": [
					{ "time": 0, "name": null },
					{ "time": 0.2333, "name": null }
				]
			},
			"renzhe_sb_gj_3_3_": {
				"attachment": [
					{ "time": 0, "name": null },
					{ "time": 0.2333, "name": null }
				]
			},
			"renzhe_sb_gj_3_4_": {
				"attachment": [
					{ "time": 0, "name": null },
					{ "time": 0.2333, "name": null }
				]
			},
			"renzhe_sb_gj_3_5_": {
				"attachment": [
					{ "time": 0, "name": null },
					{ "time": 0.2333, "name": null }
				]
			},
			"renzhe_sb_gj_3_6_": {
				"attachment": [
					{ "time": 0, "name": null },
					{ "time": 0.2333, "name": null }
				]
			},
			"renzhe_sb_gj_4_1_": {
				"attachment": [
					{ "time": 0, "name": null },
					{ "time": 0.2333, "name": null }
				]
			},
			"renzhe_sb_gj_4_2_": {
				"attachment": [
					{ "time": 0, "name": null },
					{ "time": 0.2333, "name": null }
				]
			},
			"renzhe_sb_gj_4_3_": {
				"attachment": [
					{ "time": 0, "name": null },
					{ "time": 0.2333, "name": null }
				]
			},
			"renzhe_sb_gj_4_4_": {
				"attachment": [
					{ "time": 0, "name": null },
					{ "time": 0.2333, "name": null }
				]
			},
			"renzhe_sb_gj_4_5_": {
				"attachment": [
					{ "time": 0, "name": null },
					{ "time": 0.2333, "name": null }
				]
			},
			"renzhe_sb_gj_5_1_": {
				"attachment": [
					{ "time": 0, "name": null },
					{ "time": 0.2333, "name": null }
				]
			},
			"renzhe_sb_gj_5_2_": {
				"attachment": [
					{ "time": 0, "name": null },
					{ "time": 0.2333, "name": null }
				]
			},
			"renzhe_sb_gj_5_3_": {
				"attachment": [
					{ "time": 0, "name": null },
					{ "time": 0.2333, "name": null }
				]
			},
			"renzhe_sb_gj_5_4_": {
				"attachment": [
					{ "time": 0, "name": null },
					{ "time": 0.2333, "name": null }
				]
			},
			"renzhe_sb_gj_5_5_": {
				"attachment": [
					{ "time": 0, "name": null },
					{ "time": 0.2333, "name": null }
				]
			},
			"renzhe_sb_gj_5_6_": {
				"attachment": [
					{ "time": 0, "name": null },
					{ "time": 0.2333, "name": null }
				]
			},
			"renzhe_sb_gj_6_1_": {
				"attachment": [
					{ "time": 0, "name": null },
					{ "time": 0.2333, "name": null }
				]
			},
			"renzhe_sb_gj_6_2_": {
				"attachment": [
					{ "time": 0, "name": null },
					{ "time": 0.2333, "name": null }
				]
			},
			"renzhe_sb_gj_6_3_": {
				"attachment": [
					{ "time": 0, "name": null },
					{ "time": 0.2333, "name": null }
				]
			},
			"renzhe_sb_gj_6_4_": {
				"attachment": [
					{ "time": 0, "name": null },
					{ "time": 0.2333, "name": null }
				]
			},
			"renzhe_sb_gj_6_5_": {
				"attachment": [
					{ "time": 0, "name": null },
					{ "time": 0.2333, "name": null }
				]
			},
			"renzhe_sb_gj_7_1_": {
				"attachment": [
					{ "time": 0, "name": null },
					{ "time": 0.2333, "name": null }
				]
			},
			"renzhe_sb_gj_7_2_": {
				"attachment": [
					{ "time": 0, "name": null },
					{ "time": 0.2333, "name": null }
				]
			},
			"renzhe_sb_gj_7_3_": {
				"attachment": [
					{ "time": 0, "name": null },
					{ "time": 0.2333, "name": null }
				]
			},
			"renzhe_sb_gj_7_4_": {
				"attachment": [
					{ "time": 0, "name": null },
					{ "time": 0.2333, "name": null }
				]
			},
			"renzhe_sb_gj_7_5_": {
				"attachment": [
					{ "time": 0, "name": null },
					{ "time": 0.2333, "name": null }
				]
			},
			"siwang_0_": {
				"attachment": [
					{ "time": 0, "name": null },
					{ "time": 0.0333, "name": "siwang_0_" },
					{ "time": 0.0666, "name": "siwang_2_" },
					{ "time": 0.1, "name": "siwang_3_" },
					{ "time": 0.1333, "name": "siwang_4_" },
					{ "time": 0.1666, "name": "siwang_5_" },
					{ "time": 0.2, "name": "siwang_6_" },
					{ "time": 0.2333, "name": "siwang_6_" }
				]
			}
		},
		"bones": {
			"bone": {
				"rotate": [
					{ "time": 0.2333, "angle": 0 }
				],
				"translate": [
					{ "time": 0.2333, "x": 0, "y": 0 }
				],
				"scale": [
					{ "time": 0.2333, "x": 1, "y": 1 }
				]
			}
		}
	}
}
}