{
"skeleton": { "hash": "Ukl5VW445xZf4yAk3e2XV1eQq44", "spine": "2.1.27", "width": 0, "height": 0 },
"bones": [
	{ "name": "root" },
	{ "name": "bone", "parent": "root", "x": -1.53, "y": 162.09 },
	{ "name": "bone2", "parent": "root", "x": -0.81, "y": 48.3 },
	{ "name": "bone3", "parent": "root", "x": -0.01, "y": -3.88 }
],
"slots": [
	{ "name": "jingyingzhen_", "bone": "bone3", "blend": "additive" },
	{ "name": "sxg_sb_gj_wq02_7_2_", "bone": "bone", "color": "f9d7ffff" },
	{ "name": "sxg_sb_gj_wq02_7_1_", "bone": "bone", "color": "f9d7ffff" },
	{ "name": "sxg_sb_dj_wq01_0_2_", "bone": "bone", "color": "f9d7ffff" },
	{ "name": "sxg_sb_dj_wq01_0_1_", "bone": "bone", "color": "f9d7ffff" },
	{ "name": "sxg_sb_dj_wq01_1_2_", "bone": "bone", "color": "f9d7ffff" },
	{ "name": "sxg_sb_dj_wq01_1_1_", "bone": "bone", "color": "f9d7ffff" },
	{ "name": "sxg_sb_dj_wq01_2_2_", "bone": "bone", "color": "f9d7ffff" },
	{ "name": "sxg_sb_dj_wq01_2_1_", "bone": "bone", "color": "f9d7ffff" },
	{ "name": "sxg_sb_dj_wq01_3_2_", "bone": "bone", "color": "f9d7ffff" },
	{ "name": "sxg_sb_dj_wq01_3_1_", "bone": "bone", "color": "f9d7ffff" },
	{ "name": "sxg_sb_dj_wq01_4_2_", "bone": "bone", "color": "f9d7ffff" },
	{ "name": "sxg_sb_dj_wq01_4_1_", "bone": "bone", "color": "f9d7ffff" },
	{ "name": "sxg_sb_dj_wq01_5_2_", "bone": "bone", "color": "f9d7ffff" },
	{ "name": "sxg_sb_dj_wq01_5_1_", "bone": "bone", "color": "f9d7ffff" },
	{ "name": "sxg_sb_dj_wq01_6_2_", "bone": "bone", "color": "f9d7ffff" },
	{ "name": "sxg_sb_dj_wq01_6_1_", "bone": "bone", "color": "f9d7ffff" },
	{ "name": "sxg_sb_dj_wq01_7_2_", "bone": "bone", "color": "f9d7ffff" },
	{ "name": "sxg_sb_dj_wq01_7_1_", "bone": "bone", "color": "f9d7ffff" },
	{ "name": "sxg_sb_dj_wq02_0_2_", "bone": "bone", "color": "f9d7ffff" },
	{ "name": "sxg_sb_dj_wq02_0_1_", "bone": "bone", "color": "f9d7ffff" },
	{ "name": "sxg_sb_dj_wq02_1_2_", "bone": "bone", "color": "f9d7ffff" },
	{ "name": "sxg_sb_dj_wq02_1_1_", "bone": "bone", "color": "f9d7ffff" },
	{ "name": "sxg_sb_dj_wq02_2_3_", "bone": "bone", "color": "f9d7ffff" },
	{ "name": "sxg_sb_dj_wq02_2_2_", "bone": "bone", "color": "f9d7ffff" },
	{ "name": "sxg_sb_dj_wq02_2_1_", "bone": "bone", "color": "f9d7ffff" },
	{ "name": "sxg_sb_dj_wq02_3_3_", "bone": "bone", "color": "f9d7ffff" },
	{ "name": "sxg_sb_dj_wq02_3_2_", "bone": "bone", "color": "f9d7ffff" },
	{ "name": "sxg_sb_dj_wq02_3_1_", "bone": "bone", "color": "f9d7ffff" },
	{ "name": "sxg_sb_dj_wq02_4_3_", "bone": "bone", "color": "f9d7ffff" },
	{ "name": "sxg_sb_dj_wq02_4_2_", "bone": "bone", "color": "f9d7ffff" },
	{ "name": "sxg_sb_dj_wq02_4_1_", "bone": "bone", "color": "f9d7ffff" },
	{ "name": "sxg_sb_dj_wq02_5_3_", "bone": "bone", "color": "f9d7ffff" },
	{ "name": "sxg_sb_dj_wq02_5_2_", "bone": "bone", "color": "f9d7ffff" },
	{ "name": "sxg_sb_dj_wq02_5_1_", "bone": "bone", "color": "f9d7ffff" },
	{ "name": "sxg_sb_dj_wq02_6_3_", "bone": "bone", "color": "f9d7ffff" },
	{ "name": "sxg_sb_dj_wq02_6_2_", "bone": "bone", "color": "f9d7ffff" },
	{ "name": "sxg_sb_dj_wq02_6_1_", "bone": "bone", "color": "f9d7ffff" },
	{ "name": "sxg_sb_dj_wq02_7_3_", "bone": "bone", "color": "f9d7ffff" },
	{ "name": "sxg_sb_dj_wq02_7_2_", "bone": "bone", "color": "f9d7ffff" },
	{ "name": "sxg_sb_gj_wq01_0_2_", "bone": "bone", "color": "f9d7ffff" },
	{ "name": "sxg_sb_gj_wq01_0_1_", "bone": "bone", "color": "f9d7ffff" },
	{ "name": "sxg_sb_gj_wq01_1_2_", "bone": "bone", "color": "f9d7ffff" },
	{ "name": "sxg_sb_gj_wq01_1_1_", "bone": "bone", "color": "f9d7ffff" },
	{ "name": "sxg_sb_gj_wq01_2_2_", "bone": "bone", "color": "f9d7ffff" },
	{ "name": "sxg_sb_gj_wq01_2_1_", "bone": "bone", "color": "f9d7ffff" },
	{ "name": "sxg_sb_gj_wq01_3_2_", "bone": "bone", "color": "f9d7ffff" },
	{ "name": "sxg_sb_gj_wq01_3_1_", "bone": "bone", "color": "f9d7ffff" },
	{ "name": "sxg_sb_gj_wq01_4_2_", "bone": "bone", "color": "f9d7ffff" },
	{ "name": "sxg_sb_gj_wq01_4_1_", "bone": "bone", "color": "f9d7ffff" },
	{ "name": "sxg_sb_gj_wq01_5_2_", "bone": "bone", "color": "f9d7ffff" },
	{ "name": "sxg_sb_gj_wq01_5_1_", "bone": "bone", "color": "f9d7ffff" },
	{ "name": "sxg_sb_gj_wq01_6_3_", "bone": "bone", "color": "f9d7ffff" },
	{ "name": "sxg_sb_gj_wq01_6_2_", "bone": "bone", "color": "f9d7ffff" },
	{ "name": "sxg_sb_gj_wq01_6_1_", "bone": "bone", "color": "f9d7ffff" },
	{ "name": "sxg_sb_gj_wq01_7_2_", "bone": "bone", "color": "f9d7ffff" },
	{ "name": "sxg_sb_gj_wq01_7_1_", "bone": "bone", "color": "f9d7ffff" },
	{ "name": "sxg_sb_gj_wq02_0_3_", "bone": "bone", "color": "f9d7ffff" },
	{ "name": "sxg_sb_gj_wq02_0_2_", "bone": "bone", "color": "f9d7ffff" },
	{ "name": "sxg_sb_gj_wq02_0_1_", "bone": "bone", "color": "f9d7ffff" },
	{ "name": "sxg_sb_gj_wq02_1_3_", "bone": "bone", "color": "f9d7ffff" },
	{ "name": "sxg_sb_gj_wq02_1_2_", "bone": "bone", "color": "f9d7ffff" },
	{ "name": "sxg_sb_gj_wq02_1_1_", "bone": "bone", "color": "f9d7ffff" },
	{ "name": "sxg_sb_gj_wq02_2_2_", "bone": "bone", "color": "f9d7ffff" },
	{ "name": "sxg_sb_gj_wq02_2_1_", "bone": "bone", "color": "f9d7ffff" },
	{ "name": "sxg_sb_gj_wq02_3_2_", "bone": "bone", "color": "f9d7ffff" },
	{ "name": "sxg_sb_gj_wq02_3_1_", "bone": "bone", "color": "f9d7ffff" },
	{ "name": "sxg_sb_gj_wq02_4_2_", "bone": "bone", "color": "f9d7ffff" },
	{ "name": "sxg_sb_gj_wq02_4_1_", "bone": "bone", "color": "f9d7ffff" },
	{ "name": "sxg_sb_gj_wq02_5_3_", "bone": "bone", "color": "f9d7ffff" },
	{ "name": "sxg_sb_gj_wq02_5_2_", "bone": "bone", "color": "f9d7ffff" },
	{ "name": "sxg_sb_gj_wq02_5_1_", "bone": "bone", "color": "f9d7ffff" },
	{ "name": "sxg_sb_gj_wq02_6_3_", "bone": "bone", "color": "f9d7ffff" },
	{ "name": "sxg_sb_gj_wq02_6_2_", "bone": "bone", "color": "f9d7ffff" },
	{ "name": "sxg_sb_gj_wq02_6_1_", "bone": "bone", "color": "f9d7ffff" },
	{ "name": "sxg_sb_dj_wq02_7_1_", "bone": "bone", "color": "f9d7ffff" },
	{ "name": "sxg_sb_dj_st_0_3_", "bone": "bone", "color": "f9d7ffff" },
	{ "name": "sxg_sb_dj_st_0_2_", "bone": "bone", "color": "f9d7ffff" },
	{ "name": "sxg_sb_dj_st_0_1_", "bone": "bone", "color": "f9d7ffff" },
	{ "name": "sxg_sb_dj_st_1_3_", "bone": "bone", "color": "f9d7ffff" },
	{ "name": "sxg_sb_dj_st_1_2_", "bone": "bone", "color": "f9d7ffff" },
	{ "name": "sxg_sb_dj_st_1_1_", "bone": "bone", "color": "f9d7ffff" },
	{ "name": "sxg_sb_dj_st_2_3_", "bone": "bone", "color": "f9d7ffff" },
	{ "name": "sxg_sb_dj_st_2_2_", "bone": "bone", "color": "f9d7ffff" },
	{ "name": "sxg_sb_dj_st_2_1_", "bone": "bone", "color": "f9d7ffff" },
	{ "name": "sxg_sb_dj_st_3_3_", "bone": "bone", "color": "f9d7ffff" },
	{ "name": "sxg_sb_dj_st_3_2_", "bone": "bone", "color": "f9d7ffff" },
	{ "name": "sxg_sb_dj_st_3_1_", "bone": "bone", "color": "f9d7ffff" },
	{ "name": "sxg_sb_dj_st_4_2_", "bone": "bone", "color": "f9d7ffff" },
	{ "name": "sxg_sb_dj_st_4_1_", "bone": "bone", "color": "f9d7ffff" },
	{ "name": "sxg_sb_dj_st_5_2_", "bone": "bone", "color": "f9d7ffff" },
	{ "name": "sxg_sb_dj_st_5_1_", "bone": "bone", "color": "f9d7ffff" },
	{ "name": "sxg_sb_dj_st_6_3_", "bone": "bone", "color": "f9d7ffff" },
	{ "name": "sxg_sb_dj_st_6_2_", "bone": "bone", "color": "f9d7ffff" },
	{ "name": "sxg_sb_dj_st_6_1_", "bone": "bone", "color": "f9d7ffff" },
	{ "name": "sxg_sb_dj_st_7_3_", "bone": "bone", "color": "f9d7ffff" },
	{ "name": "sxg_sb_dj_st_7_2_", "bone": "bone", "color": "f9d7ffff" },
	{ "name": "sxg_sb_dj_st_7_1_", "bone": "bone", "color": "f9d7ffff" },
	{ "name": "sxg_sb_gj_st_0_2_", "bone": "bone", "color": "f9d7ffff" },
	{ "name": "sxg_sb_gj_st_0_1_", "bone": "bone", "color": "f9d7ffff" },
	{ "name": "sxg_sb_gj_st_1_2_", "bone": "bone", "color": "f9d7ffff" },
	{ "name": "sxg_sb_gj_st_1_1_", "bone": "bone", "color": "f9d7ffff" },
	{ "name": "sxg_sb_gj_st_2_2_", "bone": "bone", "color": "f9d7ffff" },
	{ "name": "sxg_sb_gj_st_2_1_", "bone": "bone", "color": "f9d7ffff" },
	{ "name": "sxg_sb_gj_st_3_2_", "bone": "bone", "color": "f9d7ffff" },
	{ "name": "sxg_sb_gj_st_3_1_", "bone": "bone", "color": "f9d7ffff" },
	{ "name": "sxg_sb_gj_st_4_2_", "bone": "bone", "color": "f9d7ffff" },
	{ "name": "sxg_sb_gj_st_4_1_", "bone": "bone", "color": "f9d7ffff" },
	{ "name": "sxg_sb_gj_st_5_2_", "bone": "bone", "color": "f9d7ffff" },
	{ "name": "sxg_sb_gj_st_5_1_", "bone": "bone", "color": "f9d7ffff" },
	{ "name": "sxg_sb_gj_st_6_2_", "bone": "bone", "color": "f9d7ffff" },
	{ "name": "sxg_sb_gj_st_6_1_", "bone": "bone", "color": "f9d7ffff" },
	{ "name": "sxg_sb_gj_st_7_2_", "bone": "bone", "color": "f9d7ffff" },
	{ "name": "sxg_sb_gj_st_7_1_", "bone": "bone", "color": "f9d7ffff" },
	{ "name": "siwang_0_", "bone": "bone2" }
],
"skins": {
	"default": {
		"jingyingzhen_": {
			"jingyingzhen_": { "width": 140, "height": 149 }
		},
		"siwang_0_": {
			"siwang_0_": { "width": 165, "height": 156 },
			"siwang_1_": { "width": 165, "height": 156 },
			"siwang_2_": { "width": 165, "height": 156 },
			"siwang_3_": { "width": 165, "height": 156 },
			"siwang_4_": { "width": 165, "height": 156 },
			"siwang_5_": { "width": 165, "height": 156 },
			"siwang_6_": { "width": 165, "height": 156 }
		},
		"sxg_sb_dj_st_0_1_": {
			"sxg_sb_dj_st_0_1_": { "x": -1.26, "y": -144.44, "width": 44, "height": 84 }
		},
		"sxg_sb_dj_st_0_2_": {
			"sxg_sb_dj_st_0_2_": { "x": -14.76, "y": -77.94, "width": 37, "height": 49 }
		},
		"sxg_sb_dj_st_0_3_": {
			"sxg_sb_dj_st_0_3_": { "x": 52.23, "y": -121.44, "width": 63, "height": 26 }
		},
		"sxg_sb_dj_st_1_1_": {
			"sxg_sb_dj_st_1_1_": { "x": -0.26, "y": -141.94, "width": 46, "height": 91 }
		},
		"sxg_sb_dj_st_1_2_": {
			"sxg_sb_dj_st_1_2_": { "x": -28.26, "y": -78.44, "width": 46, "height": 36 }
		},
		"sxg_sb_dj_st_1_3_": {
			"sxg_sb_dj_st_1_3_": { "x": 49.23, "y": -135.94, "width": 53, "height": 31 }
		},
		"sxg_sb_dj_st_2_1_": {
			"sxg_sb_dj_st_2_1_": { "x": 1.23, "y": -142.44, "width": 49, "height": 90 }
		},
		"sxg_sb_dj_st_2_2_": {
			"sxg_sb_dj_st_2_2_": { "x": -28.26, "y": -79.94, "width": 64, "height": 35 }
		},
		"sxg_sb_dj_st_2_3_": {
			"sxg_sb_dj_st_2_3_": { "x": 45.23, "y": -134.44, "width": 39, "height": 42 }
		},
		"sxg_sb_dj_st_3_1_": {
			"sxg_sb_dj_st_3_1_": { "x": 0.23, "y": -141.44, "width": 47, "height": 92 }
		},
		"sxg_sb_dj_st_3_2_": {
			"sxg_sb_dj_st_3_2_": { "x": -13.26, "y": -76.44, "width": 60, "height": 38 }
		},
		"sxg_sb_dj_st_3_3_": {
			"sxg_sb_dj_st_3_3_": { "x": 45.73, "y": -120.94, "width": 44, "height": 39 }
		},
		"sxg_sb_dj_st_4_1_": {
			"sxg_sb_dj_st_4_1_": { "x": 2.23, "y": -142.44, "width": 49, "height": 90 }
		},
		"sxg_sb_dj_st_4_2_": {
			"sxg_sb_dj_st_4_2_": { "x": 27.23, "y": -84.94, "width": 91, "height": 73 }
		},
		"sxg_sb_dj_st_5_1_": {
			"sxg_sb_dj_st_5_1_": { "x": 3.23, "y": -141.94, "width": 51, "height": 89 }
		},
		"sxg_sb_dj_st_5_2_": {
			"sxg_sb_dj_st_5_2_": { "x": 37.73, "y": -74.94, "width": 86, "height": 83 }
		},
		"sxg_sb_dj_st_6_1_": {
			"sxg_sb_dj_st_6_1_": { "x": 3.73, "y": -141.94, "width": 50, "height": 89 }
		},
		"sxg_sb_dj_st_6_2_": {
			"sxg_sb_dj_st_6_2_": { "x": 17.73, "y": -60.94, "width": 44, "height": 77 }
		},
		"sxg_sb_dj_st_6_3_": {
			"sxg_sb_dj_st_6_3_": { "x": 57.23, "y": -101.94, "width": 57, "height": 43 }
		},
		"sxg_sb_dj_st_7_1_": {
			"sxg_sb_dj_st_7_1_": { "x": -0.76, "y": -143.44, "width": 43, "height": 88 }
		},
		"sxg_sb_dj_st_7_2_": {
			"sxg_sb_dj_st_7_2_": { "x": 4.73, "y": -65.44, "width": 42, "height": 68 }
		},
		"sxg_sb_dj_st_7_3_": {
			"sxg_sb_dj_st_7_3_": { "x": 53.23, "y": -108.94, "width": 65, "height": 43 }
		},
		"sxg_sb_dj_wq01_0_1_": {
			"sxg_sb_dj_wq01_0_1_": { "x": -53.26, "y": -142.44, "width": 98, "height": 28 }
		},
		"sxg_sb_dj_wq01_0_2_": {
			"sxg_sb_dj_wq01_0_2_": { "x": 19.23, "y": -123.94, "width": 47, "height": 15 }
		},
		"sxg_sb_dj_wq01_1_1_": {
			"sxg_sb_dj_wq01_1_1_": { "x": -55.76, "y": -145.44, "width": 93, "height": 28 }
		},
		"sxg_sb_dj_wq01_1_2_": {
			"sxg_sb_dj_wq01_1_2_": { "x": 16.23, "y": -126.44, "width": 51, "height": 16 }
		},
		"sxg_sb_dj_wq01_2_1_": {
			"sxg_sb_dj_wq01_2_1_": { "x": -57.26, "y": -147.94, "width": 90, "height": 29 }
		},
		"sxg_sb_dj_wq01_2_2_": {
			"sxg_sb_dj_wq01_2_2_": { "x": 14.73, "y": -128.94, "width": 54, "height": 17 }
		},
		"sxg_sb_dj_wq01_3_1_": {
			"sxg_sb_dj_wq01_3_1_": { "x": -58.76, "y": -149.94, "width": 89, "height": 29 }
		},
		"sxg_sb_dj_wq01_3_2_": {
			"sxg_sb_dj_wq01_3_2_": { "x": 13.73, "y": -130.44, "width": 56, "height": 18 }
		},
		"sxg_sb_dj_wq01_4_1_": {
			"sxg_sb_dj_wq01_4_1_": { "x": -60.26, "y": -150.94, "width": 86, "height": 27 }
		},
		"sxg_sb_dj_wq01_4_2_": {
			"sxg_sb_dj_wq01_4_2_": { "x": 12.23, "y": -132.44, "width": 59, "height": 18 }
		},
		"sxg_sb_dj_wq01_5_1_": {
			"sxg_sb_dj_wq01_5_1_": { "x": -56.76, "y": -148.44, "width": 93, "height": 26 }
		},
		"sxg_sb_dj_wq01_5_2_": {
			"sxg_sb_dj_wq01_5_2_": { "x": 16.23, "y": -131.44, "width": 53, "height": 16 }
		},
		"sxg_sb_dj_wq01_6_1_": {
			"sxg_sb_dj_wq01_6_1_": { "x": -59.26, "y": -146.94, "width": 88, "height": 25 }
		},
		"sxg_sb_dj_wq01_6_2_": {
			"sxg_sb_dj_wq01_6_2_": { "x": 13.73, "y": -130.44, "width": 58, "height": 16 }
		},
		"sxg_sb_dj_wq01_7_1_": {
			"sxg_sb_dj_wq01_7_1_": { "x": -60.76, "y": -145.94, "width": 85, "height": 25 }
		},
		"sxg_sb_dj_wq01_7_2_": {
			"sxg_sb_dj_wq01_7_2_": { "x": 12.23, "y": -128.44, "width": 61, "height": 18 }
		},
		"sxg_sb_dj_wq02_0_1_": {
			"sxg_sb_dj_wq02_0_1_": { "x": -73.76, "y": -164.94, "width": 83, "height": 77 }
		},
		"sxg_sb_dj_wq02_0_2_": {
			"sxg_sb_dj_wq02_0_2_": { "x": -6.76, "y": -113.94, "width": 51, "height": 53 }
		},
		"sxg_sb_dj_wq02_1_1_": {
			"sxg_sb_dj_wq02_1_1_": { "x": -75.76, "y": -167.44, "width": 79, "height": 78 }
		},
		"sxg_sb_dj_wq02_1_2_": {
			"sxg_sb_dj_wq02_1_2_": { "x": -9.26, "y": -116.44, "width": 54, "height": 54 }
		},
		"sxg_sb_dj_wq02_2_1_": {
			"sxg_sb_dj_wq02_2_1_": { "x": -78.76, "y": -169.94, "width": 73, "height": 79 }
		},
		"sxg_sb_dj_wq02_2_2_": {
			"sxg_sb_dj_wq02_2_2_": { "x": -18.26, "y": -131.94, "width": 48, "height": 33 }
		},
		"sxg_sb_dj_wq02_2_3_": {
			"sxg_sb_dj_wq02_2_3_": { "x": 9.73, "y": -103.44, "width": 16, "height": 24 }
		},
		"sxg_sb_dj_wq02_3_1_": {
			"sxg_sb_dj_wq02_3_1_": { "x": -77.26, "y": -171.44, "width": 76, "height": 80 }
		},
		"sxg_sb_dj_wq02_3_2_": {
			"sxg_sb_dj_wq02_3_2_": { "x": -17.76, "y": -136.44, "width": 43, "height": 24 }
		},
		"sxg_sb_dj_wq02_3_3_": {
			"sxg_sb_dj_wq02_3_3_": { "x": 7.73, "y": -108.44, "width": 18, "height": 32 }
		},
		"sxg_sb_dj_wq02_4_1_": {
			"sxg_sb_dj_wq02_4_1_": { "x": -78.26, "y": -171.94, "width": 76, "height": 79 }
		},
		"sxg_sb_dj_wq02_4_2_": {
			"sxg_sb_dj_wq02_4_2_": { "x": -18.76, "y": -137.94, "width": 43, "height": 23 }
		},
		"sxg_sb_dj_wq02_4_3_": {
			"sxg_sb_dj_wq02_4_3_": { "x": 6.73, "y": -110.44, "width": 20, "height": 32 }
		},
		"sxg_sb_dj_wq02_5_1_": {
			"sxg_sb_dj_wq02_5_1_": { "x": -78.76, "y": -169.94, "width": 75, "height": 79 }
		},
		"sxg_sb_dj_wq02_5_2_": {
			"sxg_sb_dj_wq02_5_2_": { "x": -17.76, "y": -134.94, "width": 47, "height": 29 }
		},
		"sxg_sb_dj_wq02_5_3_": {
			"sxg_sb_dj_wq02_5_3_": { "x": 9.73, "y": -107.44, "width": 16, "height": 26 }
		},
		"sxg_sb_dj_wq02_6_1_": {
			"sxg_sb_dj_wq02_6_1_": { "x": -80.26, "y": -167.94, "width": 72, "height": 77 }
		},
		"sxg_sb_dj_wq02_6_2_": {
			"sxg_sb_dj_wq02_6_2_": { "x": -19.26, "y": -135.44, "width": 50, "height": 26 }
		},
		"sxg_sb_dj_wq02_6_3_": {
			"sxg_sb_dj_wq02_6_3_": { "x": 9.73, "y": -107.94, "width": 18, "height": 29 }
		},
		"sxg_sb_dj_wq02_7_1_": {
			"sxg_sb_dj_wq02_7_1_": { "x": -79.76, "y": -165.94, "width": 73, "height": 77 }
		},
		"sxg_sb_dj_wq02_7_2_": {
			"sxg_sb_dj_wq02_7_2_": { "x": -18.76, "y": -131.44, "width": 49, "height": 30 }
		},
		"sxg_sb_dj_wq02_7_3_": {
			"sxg_sb_dj_wq02_7_3_": { "x": 10.23, "y": -103.44, "width": 17, "height": 26 }
		},
		"sxg_sb_gj_st_0_1_": {
			"sxg_sb_gj_st_0_1_": { "x": -36.76, "y": -88.44, "width": 71, "height": 38 }
		},
		"sxg_sb_gj_st_0_2_": {
			"sxg_sb_gj_st_0_2_": { "x": 18.23, "y": -147.44, "width": 83, "height": 80 }
		},
		"sxg_sb_gj_st_1_1_": {
			"sxg_sb_gj_st_1_1_": { "x": -6.76, "y": -163.94, "width": 61, "height": 71 }
		},
		"sxg_sb_gj_st_1_2_": {
			"sxg_sb_gj_st_1_2_": { "x": -15.26, "y": -91.94, "width": 56, "height": 73 }
		},
		"sxg_sb_gj_st_2_1_": {
			"sxg_sb_gj_st_2_1_": { "x": -2.26, "y": -156.44, "width": 62, "height": 68 }
		},
		"sxg_sb_gj_st_2_2_": {
			"sxg_sb_gj_st_2_2_": { "x": -1.76, "y": -82.44, "width": 39, "height": 80 }
		},
		"sxg_sb_gj_st_3_1_": {
			"sxg_sb_gj_st_3_1_": { "x": -34.76, "y": -165.44, "width": 83, "height": 72 }
		},
		"sxg_sb_gj_st_3_2_": {
			"sxg_sb_gj_st_3_2_": { "x": 29.23, "y": -132.94, "width": 45, "height": 61 }
		},
		"sxg_sb_gj_st_4_1_": {
			"sxg_sb_gj_st_4_1_": { "x": -73.26, "y": -157.94, "width": 76, "height": 49 }
		},
		"sxg_sb_gj_st_4_2_": {
			"sxg_sb_gj_st_4_2_": { "x": 10.73, "y": -171.44, "width": 92, "height": 54 }
		},
		"sxg_sb_gj_st_5_1_": {
			"sxg_sb_gj_st_5_1_": { "x": -53.26, "y": -103.94, "width": 90, "height": 29 }
		},
		"sxg_sb_gj_st_5_2_": {
			"sxg_sb_gj_st_5_2_": { "x": 4.73, "y": -162.94, "width": 78, "height": 89 }
		},
		"sxg_sb_gj_st_6_1_": {
			"sxg_sb_gj_st_6_1_": { "x": -48.76, "y": -92.44, "width": 75, "height": 36 }
		},
		"sxg_sb_gj_st_6_2_": {
			"sxg_sb_gj_st_6_2_": { "x": 0.23, "y": -156.44, "width": 67, "height": 92 }
		},
		"sxg_sb_gj_st_7_1_": {
			"sxg_sb_gj_st_7_1_": { "x": -48.76, "y": -89.44, "width": 73, "height": 46 }
		},
		"sxg_sb_gj_st_7_2_": {
			"sxg_sb_gj_st_7_2_": { "x": 1.23, "y": -154.94, "width": 75, "height": 85 }
		},
		"sxg_sb_gj_wq01_0_1_": {
			"sxg_sb_gj_wq01_0_1_": { "x": -61.26, "y": -143.94, "width": 82, "height": 25 }
		},
		"sxg_sb_gj_wq01_0_2_": {
			"sxg_sb_gj_wq01_0_2_": { "x": 11.23, "y": -125.94, "width": 63, "height": 19 }
		},
		"sxg_sb_gj_wq01_1_1_": {
			"sxg_sb_gj_wq01_1_1_": { "x": -68.26, "y": -119.94, "width": 70, "height": 19 }
		},
		"sxg_sb_gj_wq01_1_2_": {
			"sxg_sb_gj_wq01_1_2_": { "x": 1.73, "y": -103.94, "width": 70, "height": 21 }
		},
		"sxg_sb_gj_wq01_2_1_": {
			"sxg_sb_gj_wq01_2_1_": { "x": -53.26, "y": -93.44, "width": 64, "height": 26 }
		},
		"sxg_sb_gj_wq01_2_2_": {
			"sxg_sb_gj_wq01_2_2_": { "x": 5.23, "y": -72.94, "width": 53, "height": 21 }
		},
		"sxg_sb_gj_wq01_3_1_": {
			"sxg_sb_gj_wq01_3_1_": { "x": -87.76, "y": -216.44, "width": 35, "height": 36 }
		},
		"sxg_sb_gj_wq01_3_2_": {
			"sxg_sb_gj_wq01_3_2_": { "x": -62.76, "y": -185.94, "width": 23, "height": 25 }
		},
		"sxg_sb_gj_wq01_4_1_": {
			"sxg_sb_gj_wq01_4_1_": { "x": -88.26, "y": -197.94, "width": 42, "height": 39 }
		},
		"sxg_sb_gj_wq01_4_2_": {
			"sxg_sb_gj_wq01_4_2_": { "x": -53.26, "y": -168.44, "width": 28, "height": 28 }
		},
		"sxg_sb_gj_wq01_5_1_": {
			"sxg_sb_gj_wq01_5_1_": { "x": -73.26, "y": -152.44, "width": 66, "height": 26 }
		},
		"sxg_sb_gj_wq01_5_2_": {
			"sxg_sb_gj_wq01_5_2_": { "x": -5.26, "y": -131.44, "width": 70, "height": 24 }
		},
		"sxg_sb_gj_wq01_6_1_": {
			"sxg_sb_gj_wq01_6_1_": { "x": -70.76, "y": -142.94, "width": 67, "height": 25 }
		},
		"sxg_sb_gj_wq01_6_2_": {
			"sxg_sb_gj_wq01_6_2_": { "x": -16.76, "y": -131.44, "width": 41, "height": 12 }
		},
		"sxg_sb_gj_wq01_6_3_": {
			"sxg_sb_gj_wq01_6_3_": { "x": 21.23, "y": -123.44, "width": 35, "height": 12 }
		},
		"sxg_sb_gj_wq01_7_1_": {
			"sxg_sb_gj_wq01_7_1_": { "x": -72.26, "y": -145.94, "width": 74, "height": 25 }
		},
		"sxg_sb_gj_wq01_7_2_": {
			"sxg_sb_gj_wq01_7_2_": { "x": -0.26, "y": -129.44, "width": 70, "height": 20 }
		},
		"sxg_sb_gj_wq02_0_1_": {
			"sxg_sb_gj_wq02_0_1_": { "x": -62.26, "y": -147.94, "width": 74, "height": 77 }
		},
		"sxg_sb_gj_wq02_0_2_": {
			"sxg_sb_gj_wq02_0_2_": { "x": 1.73, "y": -127.44, "width": 54, "height": 18 }
		},
		"sxg_sb_gj_wq02_0_3_": {
			"sxg_sb_gj_wq02_0_3_": { "x": 39.73, "y": -110.44, "width": 22, "height": 28 }
		},
		"sxg_sb_gj_wq02_1_1_": {
			"sxg_sb_gj_wq02_1_1_": { "x": -62.76, "y": -122.44, "width": 71, "height": 54 }
		},
		"sxg_sb_gj_wq02_1_2_": {
			"sxg_sb_gj_wq02_1_2_": { "x": -1.26, "y": -104.94, "width": 52, "height": 17 }
		},
		"sxg_sb_gj_wq02_1_3_": {
			"sxg_sb_gj_wq02_1_3_": { "x": 36.73, "y": -90.44, "width": 24, "height": 24 }
		},
		"sxg_sb_gj_wq02_2_1_": {
			"sxg_sb_gj_wq02_2_1_": { "x": -50.26, "y": -91.44, "width": 88, "height": 34 }
		},
		"sxg_sb_gj_wq02_2_2_": {
			"sxg_sb_gj_wq02_2_2_": { "x": 23.73, "y": -70.94, "width": 60, "height": 15 }
		},
		"sxg_sb_gj_wq02_3_1_": {
			"sxg_sb_gj_wq02_3_1_": { "x": -91.26, "y": -218.44, "width": 60, "height": 68 }
		},
		"sxg_sb_gj_wq02_3_2_": {
			"sxg_sb_gj_wq02_3_2_": { "x": -49.26, "y": -172.44, "width": 24, "height": 36 }
		},
		"sxg_sb_gj_wq02_4_1_": {
			"sxg_sb_gj_wq02_4_1_": { "x": -89.26, "y": -201.94, "width": 60, "height": 67 }
		},
		"sxg_sb_gj_wq02_4_2_": {
			"sxg_sb_gj_wq02_4_2_": { "x": -42.26, "y": -155.44, "width": 34, "height": 42 }
		},
		"sxg_sb_gj_wq02_5_1_": {
			"sxg_sb_gj_wq02_5_1_": { "x": -68.76, "y": -155.94, "width": 69, "height": 79 }
		},
		"sxg_sb_gj_wq02_5_2_": {
			"sxg_sb_gj_wq02_5_2_": { "x": -8.76, "y": -131.94, "width": 51, "height": 19 }
		},
		"sxg_sb_gj_wq02_5_3_": {
			"sxg_sb_gj_wq02_5_3_": { "x": 27.23, "y": -112.44, "width": 21, "height": 30 }
		},
		"sxg_sb_gj_wq02_6_1_": {
			"sxg_sb_gj_wq02_6_1_": { "x": -66.76, "y": -146.44, "width": 67, "height": 80 }
		},
		"sxg_sb_gj_wq02_6_2_": {
			"sxg_sb_gj_wq02_6_2_": { "x": -4.26, "y": -128.44, "width": 58, "height": 14 }
		},
		"sxg_sb_gj_wq02_6_3_": {
			"sxg_sb_gj_wq02_6_3_": { "x": 36.23, "y": -111.44, "width": 23, "height": 28 }
		},
		"sxg_sb_gj_wq02_7_1_": {
			"sxg_sb_gj_wq02_7_1_": { "x": -55.26, "y": -149.44, "width": 102, "height": 78 }
		},
		"sxg_sb_gj_wq02_7_2_": {
			"sxg_sb_gj_wq02_7_2_": { "x": 19.23, "y": -116.94, "width": 47, "height": 37 }
		}
	}
},
"animations": {
	"dj": {
		"slots": {
			"jingyingzhen_": {
				"attachment": [
					{ "time": 0, "name": "jingyingzhen_" },
					{ "time": 0.2333, "name": "jingyingzhen_" }
				],
				"color": [
					{ "time": 0, "color": "ffffff00" },
					{ "time": 0.0666, "color": "ffffffa5" },
					{ "time": 0.1666, "color": "ffffff00", "curve": "stepped" },
					{ "time": 0.2333, "color": "ffffff00" }
				]
			},
			"siwang_0_": {
				"attachment": [
					{ "time": 0, "name": null },
					{ "time": 0.2333, "name": null }
				]
			},
			"sxg_sb_dj_st_0_1_": {
				"attachment": [
					{ "time": 0, "name": "sxg_sb_dj_st_0_1_" },
					{ "time": 0.0333, "name": null },
					{ "time": 0.2333, "name": null }
				]
			},
			"sxg_sb_dj_st_0_2_": {
				"attachment": [
					{ "time": 0, "name": "sxg_sb_dj_st_0_2_" },
					{ "time": 0.0333, "name": null },
					{ "time": 0.2333, "name": null }
				]
			},
			"sxg_sb_dj_st_0_3_": {
				"attachment": [
					{ "time": 0, "name": "sxg_sb_dj_st_0_3_" },
					{ "time": 0.0333, "name": null },
					{ "time": 0.2333, "name": null }
				]
			},
			"sxg_sb_dj_st_1_1_": {
				"attachment": [
					{ "time": 0, "name": null },
					{ "time": 0.0333, "name": "sxg_sb_dj_st_1_1_" },
					{ "time": 0.0666, "name": null },
					{ "time": 0.2333, "name": null }
				]
			},
			"sxg_sb_dj_st_1_2_": {
				"attachment": [
					{ "time": 0, "name": null },
					{ "time": 0.0333, "name": "sxg_sb_dj_st_1_2_" },
					{ "time": 0.0666, "name": null },
					{ "time": 0.2333, "name": null }
				]
			},
			"sxg_sb_dj_st_1_3_": {
				"attachment": [
					{ "time": 0, "name": null },
					{ "time": 0.0333, "name": "sxg_sb_dj_st_1_3_" },
					{ "time": 0.0666, "name": null },
					{ "time": 0.2333, "name": null }
				]
			},
			"sxg_sb_dj_st_2_1_": {
				"attachment": [
					{ "time": 0, "name": null },
					{ "time": 0.0666, "name": "sxg_sb_dj_st_2_1_" },
					{ "time": 0.1, "name": null },
					{ "time": 0.2333, "name": null }
				]
			},
			"sxg_sb_dj_st_2_2_": {
				"attachment": [
					{ "time": 0, "name": null },
					{ "time": 0.0666, "name": "sxg_sb_dj_st_2_2_" },
					{ "time": 0.1, "name": null },
					{ "time": 0.2333, "name": null }
				]
			},
			"sxg_sb_dj_st_2_3_": {
				"attachment": [
					{ "time": 0, "name": null },
					{ "time": 0.0666, "name": "sxg_sb_dj_st_2_3_" },
					{ "time": 0.1, "name": null },
					{ "time": 0.2333, "name": null }
				]
			},
			"sxg_sb_dj_st_3_1_": {
				"attachment": [
					{ "time": 0, "name": null },
					{ "time": 0.1, "name": "sxg_sb_dj_st_3_1_" },
					{ "time": 0.1333, "name": null },
					{ "time": 0.2333, "name": null }
				]
			},
			"sxg_sb_dj_st_3_2_": {
				"attachment": [
					{ "time": 0, "name": null },
					{ "time": 0.1, "name": "sxg_sb_dj_st_3_2_" },
					{ "time": 0.1333, "name": null },
					{ "time": 0.2333, "name": null }
				]
			},
			"sxg_sb_dj_st_3_3_": {
				"attachment": [
					{ "time": 0, "name": null },
					{ "time": 0.1, "name": "sxg_sb_dj_st_3_3_" },
					{ "time": 0.1333, "name": null },
					{ "time": 0.2333, "name": null }
				]
			},
			"sxg_sb_dj_st_4_1_": {
				"attachment": [
					{ "time": 0, "name": null },
					{ "time": 0.1333, "name": "sxg_sb_dj_st_4_1_" },
					{ "time": 0.1666, "name": null },
					{ "time": 0.2333, "name": null }
				]
			},
			"sxg_sb_dj_st_4_2_": {
				"attachment": [
					{ "time": 0, "name": null },
					{ "time": 0.1333, "name": "sxg_sb_dj_st_4_2_" },
					{ "time": 0.1666, "name": null },
					{ "time": 0.2333, "name": null }
				]
			},
			"sxg_sb_dj_st_5_1_": {
				"attachment": [
					{ "time": 0, "name": null },
					{ "time": 0.1666, "name": "sxg_sb_dj_st_5_1_" },
					{ "time": 0.2, "name": null },
					{ "time": 0.2333, "name": null }
				]
			},
			"sxg_sb_dj_st_5_2_": {
				"attachment": [
					{ "time": 0, "name": null },
					{ "time": 0.1666, "name": "sxg_sb_dj_st_5_2_" },
					{ "time": 0.2, "name": null },
					{ "time": 0.2333, "name": null }
				]
			},
			"sxg_sb_dj_st_6_1_": {
				"attachment": [
					{ "time": 0, "name": null },
					{ "time": 0.2, "name": "sxg_sb_dj_st_6_1_" },
					{ "time": 0.2333, "name": null }
				]
			},
			"sxg_sb_dj_st_6_2_": {
				"attachment": [
					{ "time": 0, "name": null },
					{ "time": 0.2, "name": "sxg_sb_dj_st_6_2_" },
					{ "time": 0.2333, "name": null }
				]
			},
			"sxg_sb_dj_st_6_3_": {
				"attachment": [
					{ "time": 0, "name": null },
					{ "time": 0.2, "name": "sxg_sb_dj_st_6_3_" },
					{ "time": 0.2333, "name": null }
				]
			},
			"sxg_sb_dj_st_7_1_": {
				"attachment": [
					{ "time": 0, "name": null },
					{ "time": 0.2333, "name": "sxg_sb_dj_st_7_1_" }
				]
			},
			"sxg_sb_dj_st_7_2_": {
				"attachment": [
					{ "time": 0, "name": null },
					{ "time": 0.2333, "name": "sxg_sb_dj_st_7_2_" }
				]
			},
			"sxg_sb_dj_st_7_3_": {
				"attachment": [
					{ "time": 0, "name": null },
					{ "time": 0.2333, "name": "sxg_sb_dj_st_7_3_" }
				]
			},
			"sxg_sb_dj_wq01_0_1_": {
				"attachment": [
					{ "time": 0, "name": null },
					{ "time": 0.0333, "name": null },
					{ "time": 0.2333, "name": null }
				]
			},
			"sxg_sb_dj_wq01_0_2_": {
				"attachment": [
					{ "time": 0, "name": null },
					{ "time": 0.0333, "name": null },
					{ "time": 0.2333, "name": null }
				]
			},
			"sxg_sb_dj_wq01_1_1_": {
				"attachment": [
					{ "time": 0, "name": null },
					{ "time": 0.0333, "name": null },
					{ "time": 0.0666, "name": null },
					{ "time": 0.2333, "name": null }
				]
			},
			"sxg_sb_dj_wq01_1_2_": {
				"attachment": [
					{ "time": 0, "name": null },
					{ "time": 0.0333, "name": null },
					{ "time": 0.0666, "name": null },
					{ "time": 0.2333, "name": null }
				]
			},
			"sxg_sb_dj_wq01_2_1_": {
				"attachment": [
					{ "time": 0, "name": null },
					{ "time": 0.0666, "name": null },
					{ "time": 0.1, "name": null },
					{ "time": 0.2333, "name": null }
				]
			},
			"sxg_sb_dj_wq01_2_2_": {
				"attachment": [
					{ "time": 0, "name": null },
					{ "time": 0.0666, "name": null },
					{ "time": 0.1, "name": null },
					{ "time": 0.2333, "name": null }
				]
			},
			"sxg_sb_dj_wq01_3_1_": {
				"attachment": [
					{ "time": 0, "name": null },
					{ "time": 0.1, "name": null },
					{ "time": 0.1333, "name": null },
					{ "time": 0.2333, "name": null }
				]
			},
			"sxg_sb_dj_wq01_3_2_": {
				"attachment": [
					{ "time": 0, "name": null },
					{ "time": 0.1, "name": null },
					{ "time": 0.1333, "name": null },
					{ "time": 0.2333, "name": null }
				]
			},
			"sxg_sb_dj_wq01_4_1_": {
				"attachment": [
					{ "time": 0, "name": null },
					{ "time": 0.1333, "name": null },
					{ "time": 0.1666, "name": null },
					{ "time": 0.2333, "name": null }
				]
			},
			"sxg_sb_dj_wq01_4_2_": {
				"attachment": [
					{ "time": 0, "name": null },
					{ "time": 0.1333, "name": null },
					{ "time": 0.1666, "name": null },
					{ "time": 0.2333, "name": null }
				]
			},
			"sxg_sb_dj_wq01_5_1_": {
				"attachment": [
					{ "time": 0, "name": null },
					{ "time": 0.1666, "name": null },
					{ "time": 0.2, "name": null },
					{ "time": 0.2333, "name": null }
				]
			},
			"sxg_sb_dj_wq01_5_2_": {
				"attachment": [
					{ "time": 0, "name": null },
					{ "time": 0.1666, "name": null },
					{ "time": 0.2, "name": null },
					{ "time": 0.2333, "name": null }
				]
			},
			"sxg_sb_dj_wq01_6_1_": {
				"attachment": [
					{ "time": 0, "name": null },
					{ "time": 0.2, "name": null },
					{ "time": 0.2333, "name": null }
				]
			},
			"sxg_sb_dj_wq01_6_2_": {
				"attachment": [
					{ "time": 0, "name": null },
					{ "time": 0.2, "name": null },
					{ "time": 0.2333, "name": null }
				]
			},
			"sxg_sb_dj_wq01_7_1_": {
				"attachment": [
					{ "time": 0, "name": null },
					{ "time": 0.2333, "name": null }
				]
			},
			"sxg_sb_dj_wq01_7_2_": {
				"attachment": [
					{ "time": 0, "name": null },
					{ "time": 0.2333, "name": null }
				]
			},
			"sxg_sb_dj_wq02_0_1_": {
				"attachment": [
					{ "time": 0, "name": "sxg_sb_dj_wq02_0_1_" },
					{ "time": 0.0333, "name": null },
					{ "time": 0.2333, "name": null }
				]
			},
			"sxg_sb_dj_wq02_0_2_": {
				"attachment": [
					{ "time": 0, "name": "sxg_sb_dj_wq02_0_2_" },
					{ "time": 0.0333, "name": null },
					{ "time": 0.2333, "name": null }
				]
			},
			"sxg_sb_dj_wq02_1_1_": {
				"attachment": [
					{ "time": 0, "name": null },
					{ "time": 0.0333, "name": "sxg_sb_dj_wq02_1_1_" },
					{ "time": 0.0666, "name": null },
					{ "time": 0.2333, "name": null }
				]
			},
			"sxg_sb_dj_wq02_1_2_": {
				"attachment": [
					{ "time": 0, "name": null },
					{ "time": 0.0333, "name": "sxg_sb_dj_wq02_1_2_" },
					{ "time": 0.0666, "name": null },
					{ "time": 0.2333, "name": null }
				]
			},
			"sxg_sb_dj_wq02_2_1_": {
				"attachment": [
					{ "time": 0, "name": null },
					{ "time": 0.0666, "name": "sxg_sb_dj_wq02_2_1_" },
					{ "time": 0.1, "name": null },
					{ "time": 0.2333, "name": null }
				]
			},
			"sxg_sb_dj_wq02_2_2_": {
				"attachment": [
					{ "time": 0, "name": null },
					{ "time": 0.0666, "name": "sxg_sb_dj_wq02_2_2_" },
					{ "time": 0.1, "name": null },
					{ "time": 0.2333, "name": null }
				]
			},
			"sxg_sb_dj_wq02_2_3_": {
				"attachment": [
					{ "time": 0, "name": null },
					{ "time": 0.0666, "name": "sxg_sb_dj_wq02_2_3_" },
					{ "time": 0.1, "name": null },
					{ "time": 0.2333, "name": null }
				]
			},
			"sxg_sb_dj_wq02_3_1_": {
				"attachment": [
					{ "time": 0, "name": null },
					{ "time": 0.1, "name": "sxg_sb_dj_wq02_3_1_" },
					{ "time": 0.1333, "name": null },
					{ "time": 0.2333, "name": null }
				]
			},
			"sxg_sb_dj_wq02_3_2_": {
				"attachment": [
					{ "time": 0, "name": null },
					{ "time": 0.1, "name": "sxg_sb_dj_wq02_3_2_" },
					{ "time": 0.1333, "name": null },
					{ "time": 0.2333, "name": null }
				]
			},
			"sxg_sb_dj_wq02_3_3_": {
				"attachment": [
					{ "time": 0, "name": null },
					{ "time": 0.1, "name": "sxg_sb_dj_wq02_3_3_" },
					{ "time": 0.1333, "name": null },
					{ "time": 0.2333, "name": null }
				]
			},
			"sxg_sb_dj_wq02_4_1_": {
				"attachment": [
					{ "time": 0, "name": null },
					{ "time": 0.1333, "name": "sxg_sb_dj_wq02_4_1_" },
					{ "time": 0.1666, "name": null },
					{ "time": 0.2333, "name": null }
				]
			},
			"sxg_sb_dj_wq02_4_2_": {
				"attachment": [
					{ "time": 0, "name": null },
					{ "time": 0.1333, "name": "sxg_sb_dj_wq02_4_2_" },
					{ "time": 0.1666, "name": null },
					{ "time": 0.2333, "name": null }
				]
			},
			"sxg_sb_dj_wq02_4_3_": {
				"attachment": [
					{ "time": 0, "name": null },
					{ "time": 0.1333, "name": "sxg_sb_dj_wq02_4_3_" },
					{ "time": 0.1666, "name": null },
					{ "time": 0.2333, "name": null }
				]
			},
			"sxg_sb_dj_wq02_5_1_": {
				"attachment": [
					{ "time": 0, "name": null },
					{ "time": 0.1666, "name": "sxg_sb_dj_wq02_5_1_" },
					{ "time": 0.2, "name": null },
					{ "time": 0.2333, "name": null }
				]
			},
			"sxg_sb_dj_wq02_5_2_": {
				"attachment": [
					{ "time": 0, "name": null },
					{ "time": 0.1666, "name": "sxg_sb_dj_wq02_5_2_" },
					{ "time": 0.2, "name": null },
					{ "time": 0.2333, "name": null }
				]
			},
			"sxg_sb_dj_wq02_5_3_": {
				"attachment": [
					{ "time": 0, "name": null },
					{ "time": 0.1666, "name": "sxg_sb_dj_wq02_5_3_" },
					{ "time": 0.2, "name": null },
					{ "time": 0.2333, "name": null }
				]
			},
			"sxg_sb_dj_wq02_6_1_": {
				"attachment": [
					{ "time": 0, "name": null },
					{ "time": 0.2, "name": "sxg_sb_dj_wq02_6_1_" },
					{ "time": 0.2333, "name": null }
				]
			},
			"sxg_sb_dj_wq02_6_2_": {
				"attachment": [
					{ "time": 0, "name": null },
					{ "time": 0.2, "name": "sxg_sb_dj_wq02_6_2_" },
					{ "time": 0.2333, "name": null }
				]
			},
			"sxg_sb_dj_wq02_6_3_": {
				"attachment": [
					{ "time": 0, "name": null },
					{ "time": 0.2, "name": "sxg_sb_dj_wq02_6_3_" },
					{ "time": 0.2333, "name": null }
				]
			},
			"sxg_sb_dj_wq02_7_1_": {
				"attachment": [
					{ "time": 0, "name": null },
					{ "time": 0.2333, "name": "sxg_sb_dj_wq02_7_1_" }
				]
			},
			"sxg_sb_dj_wq02_7_2_": {
				"attachment": [
					{ "time": 0, "name": null },
					{ "time": 0.2333, "name": "sxg_sb_dj_wq02_7_2_" }
				]
			},
			"sxg_sb_dj_wq02_7_3_": {
				"attachment": [
					{ "time": 0, "name": null },
					{ "time": 0.2333, "name": "sxg_sb_dj_wq02_7_3_" }
				]
			},
			"sxg_sb_gj_st_0_1_": {
				"attachment": [
					{ "time": 0, "name": null },
					{ "time": 0.2333, "name": null }
				]
			},
			"sxg_sb_gj_st_0_2_": {
				"attachment": [
					{ "time": 0, "name": null },
					{ "time": 0.2333, "name": null }
				]
			},
			"sxg_sb_gj_st_1_1_": {
				"attachment": [
					{ "time": 0, "name": null },
					{ "time": 0.2333, "name": null }
				]
			},
			"sxg_sb_gj_st_1_2_": {
				"attachment": [
					{ "time": 0, "name": null },
					{ "time": 0.2333, "name": null }
				]
			},
			"sxg_sb_gj_st_2_1_": {
				"attachment": [
					{ "time": 0, "name": null },
					{ "time": 0.2333, "name": null }
				]
			},
			"sxg_sb_gj_st_2_2_": {
				"attachment": [
					{ "time": 0, "name": null },
					{ "time": 0.2333, "name": null }
				]
			},
			"sxg_sb_gj_st_3_1_": {
				"attachment": [
					{ "time": 0, "name": null },
					{ "time": 0.2333, "name": null }
				]
			},
			"sxg_sb_gj_st_3_2_": {
				"attachment": [
					{ "time": 0, "name": null },
					{ "time": 0.2333, "name": null }
				]
			},
			"sxg_sb_gj_st_4_1_": {
				"attachment": [
					{ "time": 0, "name": null },
					{ "time": 0.2333, "name": null }
				]
			},
			"sxg_sb_gj_st_4_2_": {
				"attachment": [
					{ "time": 0, "name": null },
					{ "time": 0.2333, "name": null }
				]
			},
			"sxg_sb_gj_st_5_1_": {
				"attachment": [
					{ "time": 0, "name": null },
					{ "time": 0.2333, "name": null }
				]
			},
			"sxg_sb_gj_st_5_2_": {
				"attachment": [
					{ "time": 0, "name": null },
					{ "time": 0.2333, "name": null }
				]
			},
			"sxg_sb_gj_st_6_1_": {
				"attachment": [
					{ "time": 0, "name": null },
					{ "time": 0.2333, "name": null }
				]
			},
			"sxg_sb_gj_st_6_2_": {
				"attachment": [
					{ "time": 0, "name": null },
					{ "time": 0.2333, "name": null }
				]
			},
			"sxg_sb_gj_st_7_1_": {
				"attachment": [
					{ "time": 0, "name": null },
					{ "time": 0.2333, "name": null }
				]
			},
			"sxg_sb_gj_st_7_2_": {
				"attachment": [
					{ "time": 0, "name": null },
					{ "time": 0.2333, "name": null }
				]
			},
			"sxg_sb_gj_wq01_0_1_": {
				"attachment": [
					{ "time": 0, "name": null },
					{ "time": 0.2333, "name": null }
				]
			},
			"sxg_sb_gj_wq01_0_2_": {
				"attachment": [
					{ "time": 0, "name": null },
					{ "time": 0.2333, "name": null }
				]
			},
			"sxg_sb_gj_wq01_1_1_": {
				"attachment": [
					{ "time": 0, "name": null },
					{ "time": 0.2333, "name": null }
				]
			},
			"sxg_sb_gj_wq01_1_2_": {
				"attachment": [
					{ "time": 0, "name": null },
					{ "time": 0.2333, "name": null }
				]
			},
			"sxg_sb_gj_wq01_2_1_": {
				"attachment": [
					{ "time": 0, "name": null },
					{ "time": 0.2333, "name": null }
				]
			},
			"sxg_sb_gj_wq01_2_2_": {
				"attachment": [
					{ "time": 0, "name": null },
					{ "time": 0.2333, "name": null }
				]
			},
			"sxg_sb_gj_wq01_3_1_": {
				"attachment": [
					{ "time": 0, "name": null },
					{ "time": 0.2333, "name": null }
				]
			},
			"sxg_sb_gj_wq01_3_2_": {
				"attachment": [
					{ "time": 0, "name": null },
					{ "time": 0.2333, "name": null }
				]
			},
			"sxg_sb_gj_wq01_4_1_": {
				"attachment": [
					{ "time": 0, "name": null },
					{ "time": 0.2333, "name": null }
				]
			},
			"sxg_sb_gj_wq01_4_2_": {
				"attachment": [
					{ "time": 0, "name": null },
					{ "time": 0.2333, "name": null }
				]
			},
			"sxg_sb_gj_wq01_5_1_": {
				"attachment": [
					{ "time": 0, "name": null },
					{ "time": 0.2333, "name": null }
				]
			},
			"sxg_sb_gj_wq01_5_2_": {
				"attachment": [
					{ "time": 0, "name": null },
					{ "time": 0.2333, "name": null }
				]
			},
			"sxg_sb_gj_wq01_6_1_": {
				"attachment": [
					{ "time": 0, "name": null },
					{ "time": 0.2333, "name": null }
				]
			},
			"sxg_sb_gj_wq01_6_2_": {
				"attachment": [
					{ "time": 0, "name": null },
					{ "time": 0.2333, "name": null }
				]
			},
			"sxg_sb_gj_wq01_6_3_": {
				"attachment": [
					{ "time": 0, "name": null },
					{ "time": 0.2333, "name": null }
				]
			},
			"sxg_sb_gj_wq01_7_1_": {
				"attachment": [
					{ "time": 0, "name": null },
					{ "time": 0.2333, "name": null }
				]
			},
			"sxg_sb_gj_wq01_7_2_": {
				"attachment": [
					{ "time": 0, "name": null },
					{ "time": 0.2333, "name": null }
				]
			},
			"sxg_sb_gj_wq02_0_1_": {
				"attachment": [
					{ "time": 0, "name": null },
					{ "time": 0.2333, "name": null }
				]
			},
			"sxg_sb_gj_wq02_0_2_": {
				"attachment": [
					{ "time": 0, "name": null },
					{ "time": 0.2333, "name": null }
				]
			},
			"sxg_sb_gj_wq02_0_3_": {
				"attachment": [
					{ "time": 0, "name": null },
					{ "time": 0.2333, "name": null }
				]
			},
			"sxg_sb_gj_wq02_1_1_": {
				"attachment": [
					{ "time": 0, "name": null },
					{ "time": 0.2333, "name": null }
				]
			},
			"sxg_sb_gj_wq02_1_2_": {
				"attachment": [
					{ "time": 0, "name": null },
					{ "time": 0.2333, "name": null }
				]
			},
			"sxg_sb_gj_wq02_1_3_": {
				"attachment": [
					{ "time": 0, "name": null },
					{ "time": 0.2333, "name": null }
				]
			},
			"sxg_sb_gj_wq02_2_1_": {
				"attachment": [
					{ "time": 0, "name": null },
					{ "time": 0.2333, "name": null }
				]
			},
			"sxg_sb_gj_wq02_2_2_": {
				"attachment": [
					{ "time": 0, "name": null },
					{ "time": 0.2333, "name": null }
				]
			},
			"sxg_sb_gj_wq02_3_1_": {
				"attachment": [
					{ "time": 0, "name": null },
					{ "time": 0.2333, "name": null }
				]
			},
			"sxg_sb_gj_wq02_3_2_": {
				"attachment": [
					{ "time": 0, "name": null },
					{ "time": 0.2333, "name": null }
				]
			},
			"sxg_sb_gj_wq02_4_1_": {
				"attachment": [
					{ "time": 0, "name": null },
					{ "time": 0.2333, "name": null }
				]
			},
			"sxg_sb_gj_wq02_4_2_": {
				"attachment": [
					{ "time": 0, "name": null },
					{ "time": 0.2333, "name": null }
				]
			},
			"sxg_sb_gj_wq02_5_1_": {
				"attachment": [
					{ "time": 0, "name": null },
					{ "time": 0.2333, "name": null }
				]
			},
			"sxg_sb_gj_wq02_5_2_": {
				"attachment": [
					{ "time": 0, "name": null },
					{ "time": 0.2333, "name": null }
				]
			},
			"sxg_sb_gj_wq02_5_3_": {
				"attachment": [
					{ "time": 0, "name": null },
					{ "time": 0.2333, "name": null }
				]
			},
			"sxg_sb_gj_wq02_6_1_": {
				"attachment": [
					{ "time": 0, "name": null },
					{ "time": 0.2333, "name": null }
				]
			},
			"sxg_sb_gj_wq02_6_2_": {
				"attachment": [
					{ "time": 0, "name": null },
					{ "time": 0.2333, "name": null }
				]
			},
			"sxg_sb_gj_wq02_6_3_": {
				"attachment": [
					{ "time": 0, "name": null },
					{ "time": 0.2333, "name": null }
				]
			},
			"sxg_sb_gj_wq02_7_1_": {
				"attachment": [
					{ "time": 0, "name": null },
					{ "time": 0.2333, "name": null }
				]
			},
			"sxg_sb_gj_wq02_7_2_": {
				"attachment": [
					{ "time": 0, "name": null },
					{ "time": 0.2333, "name": null }
				]
			}
		},
		"bones": {
			"bone": {
				"rotate": [
					{ "time": 0, "angle": 0 }
				],
				"translate": [
					{ "time": 0, "x": 0, "y": 0 }
				],
				"scale": [
					{ "time": 0, "x": 1, "y": 1 }
				]
			},
			"bone3": {
				"scale": [
					{ "time": 0, "x": 1, "y": 0.461 },
					{ "time": 0.1666, "x": 1.192, "y": 0.55 },
					{ "time": 0.2333, "x": 1, "y": 0.461 }
				]
			}
		}
	},
	"gj": {
		"slots": {
			"jingyingzhen_": {
				"attachment": [
					{ "time": 0, "name": "jingyingzhen_" },
					{ "time": 0.2333, "name": "jingyingzhen_" }
				],
				"color": [
					{ "time": 0, "color": "ffffff00" },
					{ "time": 0.0666, "color": "ffffffa5" },
					{ "time": 0.1666, "color": "ffffff00", "curve": "stepped" },
					{ "time": 0.2333, "color": "ffffff00" }
				]
			},
			"sxg_sb_dj_st_0_1_": {
				"attachment": [
					{ "time": 0, "name": null },
					{ "time": 0.2333, "name": null }
				]
			},
			"sxg_sb_dj_st_0_2_": {
				"attachment": [
					{ "time": 0, "name": null },
					{ "time": 0.2333, "name": null }
				]
			},
			"sxg_sb_dj_st_0_3_": {
				"attachment": [
					{ "time": 0, "name": null },
					{ "time": 0.2333, "name": null }
				]
			},
			"sxg_sb_dj_st_1_1_": {
				"attachment": [
					{ "time": 0, "name": null },
					{ "time": 0.2333, "name": null }
				]
			},
			"sxg_sb_dj_st_1_2_": {
				"attachment": [
					{ "time": 0, "name": null },
					{ "time": 0.2333, "name": null }
				]
			},
			"sxg_sb_dj_st_1_3_": {
				"attachment": [
					{ "time": 0, "name": null },
					{ "time": 0.2333, "name": null }
				]
			},
			"sxg_sb_dj_st_2_1_": {
				"attachment": [
					{ "time": 0, "name": null },
					{ "time": 0.2333, "name": null }
				]
			},
			"sxg_sb_dj_st_2_2_": {
				"attachment": [
					{ "time": 0, "name": null },
					{ "time": 0.2333, "name": null }
				]
			},
			"sxg_sb_dj_st_2_3_": {
				"attachment": [
					{ "time": 0, "name": null },
					{ "time": 0.2333, "name": null }
				]
			},
			"sxg_sb_dj_st_3_1_": {
				"attachment": [
					{ "time": 0, "name": null },
					{ "time": 0.2333, "name": null }
				]
			},
			"sxg_sb_dj_st_3_2_": {
				"attachment": [
					{ "time": 0, "name": null },
					{ "time": 0.2333, "name": null }
				]
			},
			"sxg_sb_dj_st_3_3_": {
				"attachment": [
					{ "time": 0, "name": null },
					{ "time": 0.2333, "name": null }
				]
			},
			"sxg_sb_dj_st_4_1_": {
				"attachment": [
					{ "time": 0, "name": null },
					{ "time": 0.2333, "name": null }
				]
			},
			"sxg_sb_dj_st_4_2_": {
				"attachment": [
					{ "time": 0, "name": null },
					{ "time": 0.2333, "name": null }
				]
			},
			"sxg_sb_dj_st_5_1_": {
				"attachment": [
					{ "time": 0, "name": null },
					{ "time": 0.2333, "name": null }
				]
			},
			"sxg_sb_dj_st_5_2_": {
				"attachment": [
					{ "time": 0, "name": null },
					{ "time": 0.2333, "name": null }
				]
			},
			"sxg_sb_dj_st_6_1_": {
				"attachment": [
					{ "time": 0, "name": null },
					{ "time": 0.2333, "name": null }
				]
			},
			"sxg_sb_dj_st_6_2_": {
				"attachment": [
					{ "time": 0, "name": null },
					{ "time": 0.2333, "name": null }
				]
			},
			"sxg_sb_dj_st_6_3_": {
				"attachment": [
					{ "time": 0, "name": null },
					{ "time": 0.2333, "name": null }
				]
			},
			"sxg_sb_dj_st_7_1_": {
				"attachment": [
					{ "time": 0, "name": null },
					{ "time": 0.2333, "name": null }
				]
			},
			"sxg_sb_dj_st_7_2_": {
				"attachment": [
					{ "time": 0, "name": null },
					{ "time": 0.2333, "name": null }
				]
			},
			"sxg_sb_dj_st_7_3_": {
				"attachment": [
					{ "time": 0, "name": null },
					{ "time": 0.2333, "name": null }
				]
			},
			"sxg_sb_dj_wq01_0_1_": {
				"attachment": [
					{ "time": 0, "name": null },
					{ "time": 0.2333, "name": null }
				]
			},
			"sxg_sb_dj_wq01_0_2_": {
				"attachment": [
					{ "time": 0, "name": null },
					{ "time": 0.2333, "name": null }
				]
			},
			"sxg_sb_dj_wq01_1_1_": {
				"attachment": [
					{ "time": 0, "name": null },
					{ "time": 0.2333, "name": null }
				]
			},
			"sxg_sb_dj_wq01_1_2_": {
				"attachment": [
					{ "time": 0, "name": null },
					{ "time": 0.2333, "name": null }
				]
			},
			"sxg_sb_dj_wq01_2_1_": {
				"attachment": [
					{ "time": 0, "name": null },
					{ "time": 0.2333, "name": null }
				]
			},
			"sxg_sb_dj_wq01_2_2_": {
				"attachment": [
					{ "time": 0, "name": null },
					{ "time": 0.2333, "name": null }
				]
			},
			"sxg_sb_dj_wq01_3_1_": {
				"attachment": [
					{ "time": 0, "name": null },
					{ "time": 0.2333, "name": null }
				]
			},
			"sxg_sb_dj_wq01_3_2_": {
				"attachment": [
					{ "time": 0, "name": null },
					{ "time": 0.2333, "name": null }
				]
			},
			"sxg_sb_dj_wq01_4_1_": {
				"attachment": [
					{ "time": 0, "name": null },
					{ "time": 0.2333, "name": null }
				]
			},
			"sxg_sb_dj_wq01_4_2_": {
				"attachment": [
					{ "time": 0, "name": null },
					{ "time": 0.2333, "name": null }
				]
			},
			"sxg_sb_dj_wq01_5_1_": {
				"attachment": [
					{ "time": 0, "name": null },
					{ "time": 0.2333, "name": null }
				]
			},
			"sxg_sb_dj_wq01_5_2_": {
				"attachment": [
					{ "time": 0, "name": null },
					{ "time": 0.2333, "name": null }
				]
			},
			"sxg_sb_dj_wq01_6_1_": {
				"attachment": [
					{ "time": 0, "name": null },
					{ "time": 0.2333, "name": null }
				]
			},
			"sxg_sb_dj_wq01_6_2_": {
				"attachment": [
					{ "time": 0, "name": null },
					{ "time": 0.2333, "name": null }
				]
			},
			"sxg_sb_dj_wq01_7_1_": {
				"attachment": [
					{ "time": 0, "name": null },
					{ "time": 0.2333, "name": null }
				]
			},
			"sxg_sb_dj_wq01_7_2_": {
				"attachment": [
					{ "time": 0, "name": null },
					{ "time": 0.2333, "name": null }
				]
			},
			"sxg_sb_dj_wq02_0_1_": {
				"attachment": [
					{ "time": 0, "name": null },
					{ "time": 0.2333, "name": null }
				]
			},
			"sxg_sb_dj_wq02_0_2_": {
				"attachment": [
					{ "time": 0, "name": null },
					{ "time": 0.2333, "name": null }
				]
			},
			"sxg_sb_dj_wq02_1_1_": {
				"attachment": [
					{ "time": 0, "name": null },
					{ "time": 0.2333, "name": null }
				]
			},
			"sxg_sb_dj_wq02_1_2_": {
				"attachment": [
					{ "time": 0, "name": null },
					{ "time": 0.2333, "name": null }
				]
			},
			"sxg_sb_dj_wq02_2_1_": {
				"attachment": [
					{ "time": 0, "name": null },
					{ "time": 0.2333, "name": null }
				]
			},
			"sxg_sb_dj_wq02_2_2_": {
				"attachment": [
					{ "time": 0, "name": null },
					{ "time": 0.2333, "name": null }
				]
			},
			"sxg_sb_dj_wq02_2_3_": {
				"attachment": [
					{ "time": 0, "name": null },
					{ "time": 0.2333, "name": null }
				]
			},
			"sxg_sb_dj_wq02_3_1_": {
				"attachment": [
					{ "time": 0, "name": null },
					{ "time": 0.2333, "name": null }
				]
			},
			"sxg_sb_dj_wq02_3_2_": {
				"attachment": [
					{ "time": 0, "name": null },
					{ "time": 0.2333, "name": null }
				]
			},
			"sxg_sb_dj_wq02_3_3_": {
				"attachment": [
					{ "time": 0, "name": null },
					{ "time": 0.2333, "name": null }
				]
			},
			"sxg_sb_dj_wq02_4_1_": {
				"attachment": [
					{ "time": 0, "name": null },
					{ "time": 0.2333, "name": null }
				]
			},
			"sxg_sb_dj_wq02_4_2_": {
				"attachment": [
					{ "time": 0, "name": null },
					{ "time": 0.2333, "name": null }
				]
			},
			"sxg_sb_dj_wq02_4_3_": {
				"attachment": [
					{ "time": 0, "name": null },
					{ "time": 0.2333, "name": null }
				]
			},
			"sxg_sb_dj_wq02_5_1_": {
				"attachment": [
					{ "time": 0, "name": null },
					{ "time": 0.2333, "name": null }
				]
			},
			"sxg_sb_dj_wq02_5_2_": {
				"attachment": [
					{ "time": 0, "name": null },
					{ "time": 0.2333, "name": null }
				]
			},
			"sxg_sb_dj_wq02_5_3_": {
				"attachment": [
					{ "time": 0, "name": null },
					{ "time": 0.2333, "name": null }
				]
			},
			"sxg_sb_dj_wq02_6_1_": {
				"attachment": [
					{ "time": 0, "name": null },
					{ "time": 0.2333, "name": null }
				]
			},
			"sxg_sb_dj_wq02_6_2_": {
				"attachment": [
					{ "time": 0, "name": null },
					{ "time": 0.2333, "name": null }
				]
			},
			"sxg_sb_dj_wq02_6_3_": {
				"attachment": [
					{ "time": 0, "name": null },
					{ "time": 0.2333, "name": null }
				]
			},
			"sxg_sb_dj_wq02_7_1_": {
				"attachment": [
					{ "time": 0, "name": null },
					{ "time": 0.2333, "name": null }
				]
			},
			"sxg_sb_dj_wq02_7_2_": {
				"attachment": [
					{ "time": 0, "name": null },
					{ "time": 0.2333, "name": null }
				]
			},
			"sxg_sb_dj_wq02_7_3_": {
				"attachment": [
					{ "time": 0, "name": null },
					{ "time": 0.2333, "name": null }
				]
			},
			"sxg_sb_gj_st_0_1_": {
				"attachment": [
					{ "time": 0, "name": "sxg_sb_gj_st_0_1_" },
					{ "time": 0.0333, "name": null },
					{ "time": 0.2333, "name": null }
				]
			},
			"sxg_sb_gj_st_0_2_": {
				"attachment": [
					{ "time": 0, "name": "sxg_sb_gj_st_0_2_" },
					{ "time": 0.0333, "name": null },
					{ "time": 0.2333, "name": null }
				]
			},
			"sxg_sb_gj_st_1_1_": {
				"attachment": [
					{ "time": 0, "name": null },
					{ "time": 0.0333, "name": "sxg_sb_gj_st_1_1_" },
					{ "time": 0.0666, "name": null },
					{ "time": 0.2333, "name": null }
				]
			},
			"sxg_sb_gj_st_1_2_": {
				"attachment": [
					{ "time": 0, "name": null },
					{ "time": 0.0333, "name": "sxg_sb_gj_st_1_2_" },
					{ "time": 0.0666, "name": null },
					{ "time": 0.2333, "name": null }
				]
			},
			"sxg_sb_gj_st_2_1_": {
				"attachment": [
					{ "time": 0, "name": null },
					{ "time": 0.0666, "name": "sxg_sb_gj_st_2_1_" },
					{ "time": 0.1, "name": null },
					{ "time": 0.2333, "name": null }
				]
			},
			"sxg_sb_gj_st_2_2_": {
				"attachment": [
					{ "time": 0, "name": null },
					{ "time": 0.0666, "name": "sxg_sb_gj_st_2_2_" },
					{ "time": 0.1, "name": null },
					{ "time": 0.2333, "name": null }
				]
			},
			"sxg_sb_gj_st_3_1_": {
				"attachment": [
					{ "time": 0, "name": null },
					{ "time": 0.1, "name": "sxg_sb_gj_st_3_1_" },
					{ "time": 0.1333, "name": null },
					{ "time": 0.2333, "name": null }
				]
			},
			"sxg_sb_gj_st_3_2_": {
				"attachment": [
					{ "time": 0, "name": null },
					{ "time": 0.1, "name": "sxg_sb_gj_st_3_2_" },
					{ "time": 0.1333, "name": null },
					{ "time": 0.2333, "name": null }
				]
			},
			"sxg_sb_gj_st_4_1_": {
				"attachment": [
					{ "time": 0, "name": null },
					{ "time": 0.1333, "name": "sxg_sb_gj_st_4_1_" },
					{ "time": 0.1666, "name": null },
					{ "time": 0.2333, "name": null }
				]
			},
			"sxg_sb_gj_st_4_2_": {
				"attachment": [
					{ "time": 0, "name": null },
					{ "time": 0.1333, "name": "sxg_sb_gj_st_4_2_" },
					{ "time": 0.1666, "name": null },
					{ "time": 0.2333, "name": null }
				]
			},
			"sxg_sb_gj_st_5_1_": {
				"attachment": [
					{ "time": 0, "name": null },
					{ "time": 0.1666, "name": "sxg_sb_gj_st_5_1_" },
					{ "time": 0.2, "name": null },
					{ "time": 0.2333, "name": null }
				]
			},
			"sxg_sb_gj_st_5_2_": {
				"attachment": [
					{ "time": 0, "name": null },
					{ "time": 0.1666, "name": "sxg_sb_gj_st_5_2_" },
					{ "time": 0.2, "name": null },
					{ "time": 0.2333, "name": null }
				]
			},
			"sxg_sb_gj_st_6_1_": {
				"attachment": [
					{ "time": 0, "name": null },
					{ "time": 0.2, "name": "sxg_sb_gj_st_6_1_" },
					{ "time": 0.2333, "name": null }
				]
			},
			"sxg_sb_gj_st_6_2_": {
				"attachment": [
					{ "time": 0, "name": null },
					{ "time": 0.2, "name": "sxg_sb_gj_st_6_2_" },
					{ "time": 0.2333, "name": null }
				]
			},
			"sxg_sb_gj_st_7_1_": {
				"attachment": [
					{ "time": 0, "name": null },
					{ "time": 0.2333, "name": "sxg_sb_gj_st_7_1_" }
				]
			},
			"sxg_sb_gj_st_7_2_": {
				"attachment": [
					{ "time": 0, "name": null },
					{ "time": 0.0333, "name": null },
					{ "time": 0.2333, "name": "sxg_sb_gj_st_7_2_" }
				]
			},
			"sxg_sb_gj_wq01_0_1_": {
				"attachment": [
					{ "time": 0, "name": null },
					{ "time": 0.0333, "name": null },
					{ "time": 0.2333, "name": null }
				]
			},
			"sxg_sb_gj_wq01_0_2_": {
				"attachment": [
					{ "time": 0, "name": null },
					{ "time": 0.0333, "name": null },
					{ "time": 0.2333, "name": null }
				]
			},
			"sxg_sb_gj_wq01_1_1_": {
				"attachment": [
					{ "time": 0, "name": null },
					{ "time": 0.0333, "name": null },
					{ "time": 0.0666, "name": null },
					{ "time": 0.2333, "name": null }
				]
			},
			"sxg_sb_gj_wq01_1_2_": {
				"attachment": [
					{ "time": 0, "name": null },
					{ "time": 0.0333, "name": null },
					{ "time": 0.0666, "name": null },
					{ "time": 0.2333, "name": null }
				]
			},
			"sxg_sb_gj_wq01_2_1_": {
				"attachment": [
					{ "time": 0, "name": null },
					{ "time": 0.0666, "name": null },
					{ "time": 0.1, "name": null },
					{ "time": 0.2333, "name": null }
				]
			},
			"sxg_sb_gj_wq01_2_2_": {
				"attachment": [
					{ "time": 0, "name": null },
					{ "time": 0.0666, "name": null },
					{ "time": 0.1, "name": null },
					{ "time": 0.2333, "name": null }
				]
			},
			"sxg_sb_gj_wq01_3_1_": {
				"attachment": [
					{ "time": 0, "name": null },
					{ "time": 0.1, "name": null },
					{ "time": 0.1333, "name": null },
					{ "time": 0.2333, "name": null }
				]
			},
			"sxg_sb_gj_wq01_3_2_": {
				"attachment": [
					{ "time": 0, "name": null },
					{ "time": 0.1, "name": null },
					{ "time": 0.1333, "name": null },
					{ "time": 0.2333, "name": null }
				]
			},
			"sxg_sb_gj_wq01_4_1_": {
				"attachment": [
					{ "time": 0, "name": null },
					{ "time": 0.1333, "name": null },
					{ "time": 0.1666, "name": null },
					{ "time": 0.2333, "name": null }
				]
			},
			"sxg_sb_gj_wq01_4_2_": {
				"attachment": [
					{ "time": 0, "name": null },
					{ "time": 0.1333, "name": null },
					{ "time": 0.1666, "name": null },
					{ "time": 0.2333, "name": null }
				]
			},
			"sxg_sb_gj_wq01_5_1_": {
				"attachment": [
					{ "time": 0, "name": null },
					{ "time": 0.1666, "name": null },
					{ "time": 0.2, "name": null },
					{ "time": 0.2333, "name": null }
				]
			},
			"sxg_sb_gj_wq01_5_2_": {
				"attachment": [
					{ "time": 0, "name": null },
					{ "time": 0.1666, "name": null },
					{ "time": 0.2, "name": null },
					{ "time": 0.2333, "name": null }
				]
			},
			"sxg_sb_gj_wq01_6_1_": {
				"attachment": [
					{ "time": 0, "name": null },
					{ "time": 0.2, "name": null },
					{ "time": 0.2333, "name": null }
				]
			},
			"sxg_sb_gj_wq01_6_2_": {
				"attachment": [
					{ "time": 0, "name": null },
					{ "time": 0.2, "name": null },
					{ "time": 0.2333, "name": null }
				]
			},
			"sxg_sb_gj_wq01_6_3_": {
				"attachment": [
					{ "time": 0, "name": null },
					{ "time": 0.2333, "name": "sxg_sb_gj_wq01_6_3_" }
				]
			},
			"sxg_sb_gj_wq01_7_1_": {
				"attachment": [
					{ "time": 0, "name": null },
					{ "time": 0.2333, "name": "sxg_sb_gj_wq01_7_1_" }
				]
			},
			"sxg_sb_gj_wq01_7_2_": {
				"attachment": [
					{ "time": 0, "name": null },
					{ "time": 0.2333, "name": null }
				]
			},
			"sxg_sb_gj_wq02_0_1_": {
				"attachment": [
					{ "time": 0, "name": "sxg_sb_gj_wq02_0_1_" },
					{ "time": 0.0333, "name": null },
					{ "time": 0.2333, "name": null }
				]
			},
			"sxg_sb_gj_wq02_0_2_": {
				"attachment": [
					{ "time": 0, "name": "sxg_sb_gj_wq02_0_2_" },
					{ "time": 0.0333, "name": null },
					{ "time": 0.2333, "name": null }
				]
			},
			"sxg_sb_gj_wq02_0_3_": {
				"attachment": [
					{ "time": 0, "name": "sxg_sb_gj_wq02_0_3_" },
					{ "time": 0.0333, "name": null },
					{ "time": 0.2333, "name": null }
				]
			},
			"sxg_sb_gj_wq02_1_1_": {
				"attachment": [
					{ "time": 0, "name": null },
					{ "time": 0.0333, "name": "sxg_sb_gj_wq02_1_1_" },
					{ "time": 0.0666, "name": null },
					{ "time": 0.2333, "name": null }
				]
			},
			"sxg_sb_gj_wq02_1_2_": {
				"attachment": [
					{ "time": 0, "name": null },
					{ "time": 0.0333, "name": "sxg_sb_gj_wq02_1_2_" },
					{ "time": 0.0666, "name": null },
					{ "time": 0.2333, "name": null }
				]
			},
			"sxg_sb_gj_wq02_1_3_": {
				"attachment": [
					{ "time": 0, "name": null },
					{ "time": 0.0333, "name": "sxg_sb_gj_wq02_1_3_" },
					{ "time": 0.0666, "name": null },
					{ "time": 0.2333, "name": null }
				]
			},
			"sxg_sb_gj_wq02_2_1_": {
				"attachment": [
					{ "time": 0, "name": null },
					{ "time": 0.0666, "name": "sxg_sb_gj_wq02_2_1_" },
					{ "time": 0.1, "name": null },
					{ "time": 0.2333, "name": null }
				]
			},
			"sxg_sb_gj_wq02_2_2_": {
				"attachment": [
					{ "time": 0, "name": null },
					{ "time": 0.0666, "name": "sxg_sb_gj_wq02_2_2_" },
					{ "time": 0.1, "name": null },
					{ "time": 0.2333, "name": null }
				]
			},
			"sxg_sb_gj_wq02_3_1_": {
				"attachment": [
					{ "time": 0, "name": null },
					{ "time": 0.1, "name": "sxg_sb_gj_wq02_3_1_" },
					{ "time": 0.1333, "name": null },
					{ "time": 0.2333, "name": null }
				]
			},
			"sxg_sb_gj_wq02_3_2_": {
				"attachment": [
					{ "time": 0, "name": null },
					{ "time": 0.1, "name": "sxg_sb_gj_wq02_3_2_" },
					{ "time": 0.1333, "name": null },
					{ "time": 0.2333, "name": null }
				]
			},
			"sxg_sb_gj_wq02_4_1_": {
				"attachment": [
					{ "time": 0, "name": null },
					{ "time": 0.1333, "name": "sxg_sb_gj_wq02_4_1_" },
					{ "time": 0.1666, "name": null },
					{ "time": 0.2333, "name": null }
				]
			},
			"sxg_sb_gj_wq02_4_2_": {
				"attachment": [
					{ "time": 0, "name": null },
					{ "time": 0.1333, "name": "sxg_sb_gj_wq02_4_2_" },
					{ "time": 0.1666, "name": null },
					{ "time": 0.2333, "name": null }
				]
			},
			"sxg_sb_gj_wq02_5_1_": {
				"attachment": [
					{ "time": 0, "name": null },
					{ "time": 0.1666, "name": "sxg_sb_gj_wq02_5_1_" },
					{ "time": 0.2, "name": null },
					{ "time": 0.2333, "name": null }
				]
			},
			"sxg_sb_gj_wq02_5_2_": {
				"attachment": [
					{ "time": 0, "name": null },
					{ "time": 0.1666, "name": "sxg_sb_gj_wq02_5_2_" },
					{ "time": 0.2, "name": null },
					{ "time": 0.2333, "name": null }
				]
			},
			"sxg_sb_gj_wq02_5_3_": {
				"attachment": [
					{ "time": 0, "name": null },
					{ "time": 0.1666, "name": "sxg_sb_gj_wq02_5_3_" },
					{ "time": 0.2, "name": null },
					{ "time": 0.2333, "name": null }
				]
			},
			"sxg_sb_gj_wq02_6_1_": {
				"attachment": [
					{ "time": 0, "name": null },
					{ "time": 0.2, "name": "sxg_sb_gj_wq02_6_1_" },
					{ "time": 0.2333, "name": null }
				]
			},
			"sxg_sb_gj_wq02_6_2_": {
				"attachment": [
					{ "time": 0, "name": null },
					{ "time": 0.2, "name": "sxg_sb_gj_wq02_6_2_" },
					{ "time": 0.2333, "name": null }
				]
			},
			"sxg_sb_gj_wq02_6_3_": {
				"attachment": [
					{ "time": 0, "name": null },
					{ "time": 0.2, "name": "sxg_sb_gj_wq02_6_3_" },
					{ "time": 0.2333, "name": null }
				]
			},
			"sxg_sb_gj_wq02_7_1_": {
				"attachment": [
					{ "time": 0, "name": null },
					{ "time": 0.2333, "name": "sxg_sb_gj_wq02_7_1_" }
				]
			},
			"sxg_sb_gj_wq02_7_2_": {
				"attachment": [
					{ "time": 0, "name": null },
					{ "time": 0.2333, "name": "sxg_sb_gj_wq02_7_2_" }
				]
			}
		},
		"bones": {
			"bone3": {
				"scale": [
					{ "time": 0, "x": 1, "y": 0.461 },
					{ "time": 0.1666, "x": 1.192, "y": 0.55 },
					{ "time": 0.2333, "x": 1, "y": 0.461 }
				]
			}
		}
	},
	"sw": {
		"slots": {
			"jingyingzhen_": {
				"attachment": [
					{ "time": 0, "name": "jingyingzhen_" }
				],
				"color": [
					{ "time": 0, "color": "ffffffff" },
					{ "time": 0.2, "color": "ffffff00" }
				]
			},
			"siwang_0_": {
				"attachment": [
					{ "time": 0, "name": null },
					{ "time": 0.0333, "name": "siwang_0_" },
					{ "time": 0.0666, "name": "siwang_1_" },
					{ "time": 0.1, "name": "siwang_2_" },
					{ "time": 0.1333, "name": "siwang_3_" },
					{ "time": 0.1666, "name": "siwang_4_" },
					{ "time": 0.2, "name": "siwang_5_" },
					{ "time": 0.2333, "name": null }
				]
			},
			"sxg_sb_dj_st_0_1_": {
				"attachment": [
					{ "time": 0, "name": "sxg_sb_dj_st_0_1_" },
					{ "time": 0.2333, "name": "sxg_sb_dj_st_0_1_" }
				],
				"color": [
					{ "time": 0, "color": "ffffffff" },
					{ "time": 0.2333, "color": "ffffff00" }
				]
			},
			"sxg_sb_dj_st_0_2_": {
				"attachment": [
					{ "time": 0, "name": "sxg_sb_dj_st_0_2_" },
					{ "time": 0.2333, "name": "sxg_sb_dj_st_0_2_" }
				],
				"color": [
					{ "time": 0, "color": "ffffffff" },
					{ "time": 0.2333, "color": "ffffff00" }
				]
			},
			"sxg_sb_dj_st_0_3_": {
				"attachment": [
					{ "time": 0, "name": "sxg_sb_dj_st_0_3_" },
					{ "time": 0.2333, "name": "sxg_sb_dj_st_0_3_" }
				],
				"color": [
					{ "time": 0, "color": "ffffffff" },
					{ "time": 0.2333, "color": "ffffff00" }
				]
			},
			"sxg_sb_dj_st_1_1_": {
				"attachment": [
					{ "time": 0, "name": null },
					{ "time": 0.2333, "name": null }
				]
			},
			"sxg_sb_dj_st_1_2_": {
				"attachment": [
					{ "time": 0, "name": null },
					{ "time": 0.2333, "name": null }
				]
			},
			"sxg_sb_dj_st_1_3_": {
				"attachment": [
					{ "time": 0, "name": null },
					{ "time": 0.2333, "name": null }
				]
			},
			"sxg_sb_dj_st_2_1_": {
				"attachment": [
					{ "time": 0, "name": null },
					{ "time": 0.2333, "name": null }
				]
			},
			"sxg_sb_dj_st_2_2_": {
				"attachment": [
					{ "time": 0, "name": null },
					{ "time": 0.2333, "name": null }
				]
			},
			"sxg_sb_dj_st_2_3_": {
				"attachment": [
					{ "time": 0, "name": null },
					{ "time": 0.2333, "name": null }
				]
			},
			"sxg_sb_dj_st_3_1_": {
				"attachment": [
					{ "time": 0, "name": null },
					{ "time": 0.2333, "name": null }
				]
			},
			"sxg_sb_dj_st_3_2_": {
				"attachment": [
					{ "time": 0, "name": null },
					{ "time": 0.2333, "name": null }
				]
			},
			"sxg_sb_dj_st_3_3_": {
				"attachment": [
					{ "time": 0, "name": null },
					{ "time": 0.2333, "name": null }
				]
			},
			"sxg_sb_dj_st_4_1_": {
				"attachment": [
					{ "time": 0, "name": null },
					{ "time": 0.2333, "name": null }
				]
			},
			"sxg_sb_dj_st_4_2_": {
				"attachment": [
					{ "time": 0, "name": null },
					{ "time": 0.2333, "name": null }
				]
			},
			"sxg_sb_dj_st_5_1_": {
				"attachment": [
					{ "time": 0, "name": null },
					{ "time": 0.2333, "name": null }
				]
			},
			"sxg_sb_dj_st_5_2_": {
				"attachment": [
					{ "time": 0, "name": null },
					{ "time": 0.2333, "name": null }
				]
			},
			"sxg_sb_dj_st_6_1_": {
				"attachment": [
					{ "time": 0, "name": null },
					{ "time": 0.2333, "name": null }
				]
			},
			"sxg_sb_dj_st_6_2_": {
				"attachment": [
					{ "time": 0, "name": null },
					{ "time": 0.2333, "name": null }
				]
			},
			"sxg_sb_dj_st_6_3_": {
				"attachment": [
					{ "time": 0, "name": null },
					{ "time": 0.2333, "name": null }
				]
			},
			"sxg_sb_dj_st_7_1_": {
				"attachment": [
					{ "time": 0, "name": null },
					{ "time": 0.2333, "name": null }
				]
			},
			"sxg_sb_dj_st_7_2_": {
				"attachment": [
					{ "time": 0, "name": null },
					{ "time": 0.2333, "name": null }
				]
			},
			"sxg_sb_dj_st_7_3_": {
				"attachment": [
					{ "time": 0, "name": null },
					{ "time": 0.2333, "name": null }
				]
			},
			"sxg_sb_dj_wq01_0_1_": {
				"attachment": [
					{ "time": 0, "name": null },
					{ "time": 0.2333, "name": "sxg_sb_dj_wq01_0_1_" }
				],
				"color": [
					{ "time": 0, "color": "ffffffff" },
					{ "time": 0.2333, "color": "ffffff00" }
				]
			},
			"sxg_sb_dj_wq01_0_2_": {
				"attachment": [
					{ "time": 0, "name": null },
					{ "time": 0.2333, "name": "sxg_sb_dj_wq01_0_2_" }
				],
				"color": [
					{ "time": 0, "color": "ffffffff" },
					{ "time": 0.2333, "color": "ffffff00" }
				]
			},
			"sxg_sb_dj_wq01_1_1_": {
				"attachment": [
					{ "time": 0, "name": null },
					{ "time": 0.2333, "name": null }
				]
			},
			"sxg_sb_dj_wq01_1_2_": {
				"attachment": [
					{ "time": 0, "name": null },
					{ "time": 0.2333, "name": null }
				]
			},
			"sxg_sb_dj_wq01_2_1_": {
				"attachment": [
					{ "time": 0, "name": null },
					{ "time": 0.2333, "name": null }
				]
			},
			"sxg_sb_dj_wq01_2_2_": {
				"attachment": [
					{ "time": 0, "name": null },
					{ "time": 0.2333, "name": null }
				]
			},
			"sxg_sb_dj_wq01_3_1_": {
				"attachment": [
					{ "time": 0, "name": null },
					{ "time": 0.2333, "name": null }
				]
			},
			"sxg_sb_dj_wq01_3_2_": {
				"attachment": [
					{ "time": 0, "name": null },
					{ "time": 0.2333, "name": null }
				]
			},
			"sxg_sb_dj_wq01_4_1_": {
				"attachment": [
					{ "time": 0, "name": null },
					{ "time": 0.2333, "name": null }
				]
			},
			"sxg_sb_dj_wq01_4_2_": {
				"attachment": [
					{ "time": 0, "name": null },
					{ "time": 0.2333, "name": null }
				]
			},
			"sxg_sb_dj_wq01_5_1_": {
				"attachment": [
					{ "time": 0, "name": null },
					{ "time": 0.2333, "name": null }
				]
			},
			"sxg_sb_dj_wq01_5_2_": {
				"attachment": [
					{ "time": 0, "name": null },
					{ "time": 0.2333, "name": null }
				]
			},
			"sxg_sb_dj_wq01_6_1_": {
				"attachment": [
					{ "time": 0, "name": null },
					{ "time": 0.2333, "name": null }
				]
			},
			"sxg_sb_dj_wq01_6_2_": {
				"attachment": [
					{ "time": 0, "name": null },
					{ "time": 0.2333, "name": null }
				]
			},
			"sxg_sb_dj_wq01_7_1_": {
				"attachment": [
					{ "time": 0, "name": null },
					{ "time": 0.2333, "name": null }
				]
			},
			"sxg_sb_dj_wq01_7_2_": {
				"attachment": [
					{ "time": 0, "name": null },
					{ "time": 0.2333, "name": null }
				]
			},
			"sxg_sb_dj_wq02_0_1_": {
				"attachment": [
					{ "time": 0, "name": "sxg_sb_dj_wq02_0_1_" },
					{ "time": 0.2333, "name": null }
				],
				"color": [
					{ "time": 0, "color": "f9d7ffff" },
					{ "time": 0.2333, "color": "f9d7ff00" }
				]
			},
			"sxg_sb_dj_wq02_0_2_": {
				"attachment": [
					{ "time": 0, "name": "sxg_sb_dj_wq02_0_2_" },
					{ "time": 0.2333, "name": null }
				],
				"color": [
					{ "time": 0, "color": "f9d7ffff" },
					{ "time": 0.2333, "color": "f9d7ff00" }
				]
			},
			"sxg_sb_dj_wq02_1_1_": {
				"attachment": [
					{ "time": 0, "name": null },
					{ "time": 0.2333, "name": null }
				]
			},
			"sxg_sb_dj_wq02_1_2_": {
				"attachment": [
					{ "time": 0, "name": null },
					{ "time": 0.2333, "name": null }
				]
			},
			"sxg_sb_dj_wq02_2_1_": {
				"attachment": [
					{ "time": 0, "name": null },
					{ "time": 0.2333, "name": null }
				]
			},
			"sxg_sb_dj_wq02_2_2_": {
				"attachment": [
					{ "time": 0, "name": null },
					{ "time": 0.2333, "name": null }
				]
			},
			"sxg_sb_dj_wq02_2_3_": {
				"attachment": [
					{ "time": 0, "name": null },
					{ "time": 0.2333, "name": null }
				]
			},
			"sxg_sb_dj_wq02_3_1_": {
				"attachment": [
					{ "time": 0, "name": null },
					{ "time": 0.2333, "name": null }
				]
			},
			"sxg_sb_dj_wq02_3_2_": {
				"attachment": [
					{ "time": 0, "name": null },
					{ "time": 0.2333, "name": null }
				]
			},
			"sxg_sb_dj_wq02_3_3_": {
				"attachment": [
					{ "time": 0, "name": null },
					{ "time": 0.2333, "name": null }
				]
			},
			"sxg_sb_dj_wq02_4_1_": {
				"attachment": [
					{ "time": 0, "name": null },
					{ "time": 0.2333, "name": null }
				]
			},
			"sxg_sb_dj_wq02_4_2_": {
				"attachment": [
					{ "time": 0, "name": null },
					{ "time": 0.2333, "name": null }
				]
			},
			"sxg_sb_dj_wq02_4_3_": {
				"attachment": [
					{ "time": 0, "name": null },
					{ "time": 0.2333, "name": null }
				]
			},
			"sxg_sb_dj_wq02_5_1_": {
				"attachment": [
					{ "time": 0, "name": null },
					{ "time": 0.2333, "name": null }
				]
			},
			"sxg_sb_dj_wq02_5_2_": {
				"attachment": [
					{ "time": 0, "name": null },
					{ "time": 0.2333, "name": null }
				]
			},
			"sxg_sb_dj_wq02_5_3_": {
				"attachment": [
					{ "time": 0, "name": null },
					{ "time": 0.2333, "name": null }
				]
			},
			"sxg_sb_dj_wq02_6_1_": {
				"attachment": [
					{ "time": 0, "name": null },
					{ "time": 0.2333, "name": null }
				]
			},
			"sxg_sb_dj_wq02_6_2_": {
				"attachment": [
					{ "time": 0, "name": null },
					{ "time": 0.2333, "name": null }
				]
			},
			"sxg_sb_dj_wq02_6_3_": {
				"attachment": [
					{ "time": 0, "name": null },
					{ "time": 0.2333, "name": null }
				]
			},
			"sxg_sb_dj_wq02_7_1_": {
				"attachment": [
					{ "time": 0, "name": null },
					{ "time": 0.2333, "name": null }
				]
			},
			"sxg_sb_dj_wq02_7_2_": {
				"attachment": [
					{ "time": 0, "name": null },
					{ "time": 0.2333, "name": null }
				]
			},
			"sxg_sb_dj_wq02_7_3_": {
				"attachment": [
					{ "time": 0, "name": null },
					{ "time": 0.2333, "name": null }
				]
			},
			"sxg_sb_gj_st_0_1_": {
				"attachment": [
					{ "time": 0, "name": null },
					{ "time": 0.2333, "name": null }
				]
			},
			"sxg_sb_gj_st_0_2_": {
				"attachment": [
					{ "time": 0, "name": null },
					{ "time": 0.2333, "name": null }
				]
			},
			"sxg_sb_gj_st_1_1_": {
				"attachment": [
					{ "time": 0, "name": null },
					{ "time": 0.2333, "name": null }
				]
			},
			"sxg_sb_gj_st_1_2_": {
				"attachment": [
					{ "time": 0, "name": null },
					{ "time": 0.2333, "name": null }
				]
			},
			"sxg_sb_gj_st_2_1_": {
				"attachment": [
					{ "time": 0, "name": null },
					{ "time": 0.2333, "name": null }
				]
			},
			"sxg_sb_gj_st_2_2_": {
				"attachment": [
					{ "time": 0, "name": null },
					{ "time": 0.2333, "name": null }
				]
			},
			"sxg_sb_gj_st_3_1_": {
				"attachment": [
					{ "time": 0, "name": null },
					{ "time": 0.2333, "name": null }
				]
			},
			"sxg_sb_gj_st_3_2_": {
				"attachment": [
					{ "time": 0, "name": null },
					{ "time": 0.2333, "name": null }
				]
			},
			"sxg_sb_gj_st_4_1_": {
				"attachment": [
					{ "time": 0, "name": null },
					{ "time": 0.2333, "name": null }
				]
			},
			"sxg_sb_gj_st_4_2_": {
				"attachment": [
					{ "time": 0, "name": null },
					{ "time": 0.2333, "name": null }
				]
			},
			"sxg_sb_gj_st_5_1_": {
				"attachment": [
					{ "time": 0, "name": null },
					{ "time": 0.2333, "name": null }
				]
			},
			"sxg_sb_gj_st_5_2_": {
				"attachment": [
					{ "time": 0, "name": null },
					{ "time": 0.2333, "name": null }
				]
			},
			"sxg_sb_gj_st_6_1_": {
				"attachment": [
					{ "time": 0, "name": null },
					{ "time": 0.2333, "name": null }
				]
			},
			"sxg_sb_gj_st_6_2_": {
				"attachment": [
					{ "time": 0, "name": null },
					{ "time": 0.2333, "name": null }
				]
			},
			"sxg_sb_gj_st_7_1_": {
				"attachment": [
					{ "time": 0, "name": null },
					{ "time": 0.2333, "name": null }
				]
			},
			"sxg_sb_gj_st_7_2_": {
				"attachment": [
					{ "time": 0, "name": null },
					{ "time": 0.2333, "name": null }
				]
			},
			"sxg_sb_gj_wq01_0_1_": {
				"attachment": [
					{ "time": 0, "name": null },
					{ "time": 0.2333, "name": null }
				]
			},
			"sxg_sb_gj_wq01_0_2_": {
				"attachment": [
					{ "time": 0, "name": null },
					{ "time": 0.2333, "name": null }
				]
			},
			"sxg_sb_gj_wq01_1_1_": {
				"attachment": [
					{ "time": 0, "name": null },
					{ "time": 0.2333, "name": null }
				]
			},
			"sxg_sb_gj_wq01_1_2_": {
				"attachment": [
					{ "time": 0, "name": null },
					{ "time": 0.2333, "name": null }
				]
			},
			"sxg_sb_gj_wq01_2_1_": {
				"attachment": [
					{ "time": 0, "name": null },
					{ "time": 0.2333, "name": null }
				]
			},
			"sxg_sb_gj_wq01_2_2_": {
				"attachment": [
					{ "time": 0, "name": null },
					{ "time": 0.2333, "name": null }
				]
			},
			"sxg_sb_gj_wq01_3_1_": {
				"attachment": [
					{ "time": 0, "name": null },
					{ "time": 0.2333, "name": null }
				]
			},
			"sxg_sb_gj_wq01_3_2_": {
				"attachment": [
					{ "time": 0, "name": null },
					{ "time": 0.2333, "name": null }
				]
			},
			"sxg_sb_gj_wq01_4_1_": {
				"attachment": [
					{ "time": 0, "name": null },
					{ "time": 0.2333, "name": null }
				]
			},
			"sxg_sb_gj_wq01_4_2_": {
				"attachment": [
					{ "time": 0, "name": null },
					{ "time": 0.2333, "name": null }
				]
			},
			"sxg_sb_gj_wq01_5_1_": {
				"attachment": [
					{ "time": 0, "name": null },
					{ "time": 0.2333, "name": null }
				]
			},
			"sxg_sb_gj_wq01_5_2_": {
				"attachment": [
					{ "time": 0, "name": null },
					{ "time": 0.2333, "name": null }
				]
			},
			"sxg_sb_gj_wq01_6_1_": {
				"attachment": [
					{ "time": 0, "name": null },
					{ "time": 0.2333, "name": null }
				]
			},
			"sxg_sb_gj_wq01_6_2_": {
				"attachment": [
					{ "time": 0, "name": null },
					{ "time": 0.2333, "name": null }
				]
			},
			"sxg_sb_gj_wq01_6_3_": {
				"attachment": [
					{ "time": 0, "name": null },
					{ "time": 0.2333, "name": null }
				]
			},
			"sxg_sb_gj_wq01_7_1_": {
				"attachment": [
					{ "time": 0, "name": null },
					{ "time": 0.2333, "name": null }
				]
			},
			"sxg_sb_gj_wq01_7_2_": {
				"attachment": [
					{ "time": 0, "name": null },
					{ "time": 0.2333, "name": null }
				]
			},
			"sxg_sb_gj_wq02_0_1_": {
				"attachment": [
					{ "time": 0, "name": null },
					{ "time": 0.2333, "name": null }
				]
			},
			"sxg_sb_gj_wq02_0_2_": {
				"attachment": [
					{ "time": 0, "name": null },
					{ "time": 0.2333, "name": null }
				]
			},
			"sxg_sb_gj_wq02_0_3_": {
				"attachment": [
					{ "time": 0, "name": null },
					{ "time": 0.2333, "name": null }
				]
			},
			"sxg_sb_gj_wq02_1_1_": {
				"attachment": [
					{ "time": 0, "name": null },
					{ "time": 0.2333, "name": null }
				]
			},
			"sxg_sb_gj_wq02_1_2_": {
				"attachment": [
					{ "time": 0, "name": null },
					{ "time": 0.2333, "name": null }
				]
			},
			"sxg_sb_gj_wq02_1_3_": {
				"attachment": [
					{ "time": 0, "name": null },
					{ "time": 0.2333, "name": null }
				]
			},
			"sxg_sb_gj_wq02_2_1_": {
				"attachment": [
					{ "time": 0, "name": null },
					{ "time": 0.2333, "name": null }
				]
			},
			"sxg_sb_gj_wq02_2_2_": {
				"attachment": [
					{ "time": 0, "name": null },
					{ "time": 0.2333, "name": null }
				]
			},
			"sxg_sb_gj_wq02_3_1_": {
				"attachment": [
					{ "time": 0, "name": null },
					{ "time": 0.2333, "name": null }
				]
			},
			"sxg_sb_gj_wq02_3_2_": {
				"attachment": [
					{ "time": 0, "name": null },
					{ "time": 0.2333, "name": null }
				]
			},
			"sxg_sb_gj_wq02_4_1_": {
				"attachment": [
					{ "time": 0, "name": null },
					{ "time": 0.2333, "name": null }
				]
			},
			"sxg_sb_gj_wq02_4_2_": {
				"attachment": [
					{ "time": 0, "name": null },
					{ "time": 0.2333, "name": null }
				]
			},
			"sxg_sb_gj_wq02_5_1_": {
				"attachment": [
					{ "time": 0, "name": null },
					{ "time": 0.2333, "name": null }
				]
			},
			"sxg_sb_gj_wq02_5_2_": {
				"attachment": [
					{ "time": 0, "name": null },
					{ "time": 0.2333, "name": null }
				]
			},
			"sxg_sb_gj_wq02_5_3_": {
				"attachment": [
					{ "time": 0, "name": null },
					{ "time": 0.2333, "name": null }
				]
			},
			"sxg_sb_gj_wq02_6_1_": {
				"attachment": [
					{ "time": 0, "name": null },
					{ "time": 0.2333, "name": null }
				]
			},
			"sxg_sb_gj_wq02_6_2_": {
				"attachment": [
					{ "time": 0, "name": null },
					{ "time": 0.2333, "name": null }
				]
			},
			"sxg_sb_gj_wq02_6_3_": {
				"attachment": [
					{ "time": 0, "name": null },
					{ "time": 0.2333, "name": null }
				]
			},
			"sxg_sb_gj_wq02_7_1_": {
				"attachment": [
					{ "time": 0, "name": null },
					{ "time": 0.2333, "name": null }
				]
			},
			"sxg_sb_gj_wq02_7_2_": {
				"attachment": [
					{ "time": 0, "name": null },
					{ "time": 0.2333, "name": null }
				]
			}
		},
		"bones": {
			"bone": {
				"rotate": [
					{ "time": 0, "angle": 0, "curve": "stepped" },
					{ "time": 0.2333, "angle": 0 }
				],
				"translate": [
					{ "time": 0, "x": 0, "y": 0, "curve": "stepped" },
					{ "time": 0.2333, "x": 0, "y": 0 }
				],
				"scale": [
					{ "time": 0, "x": 1, "y": 1, "curve": "stepped" },
					{ "time": 0.2333, "x": 1, "y": 1 }
				]
			},
			"bone2": {
				"translate": [
					{ "time": 0, "x": 0, "y": -40.95 }
				]
			},
			"bone3": {
				"scale": [
					{ "time": 0, "x": 1, "y": 0.461 }
				]
			}
		}
	}
}
}