{
"skeleton": { "hash": "DZdwZSWpY4JTnoGvi7vKC/f3/yE", "spine": "2.1.27", "width": 0, "height": 0 },
"bones": [
	{ "name": "root" }
],
"slots": [
	{ "name": "rm_dz_dj_maozi_0_", "bone": "root", "attachment": "rm_dz_dj_maozi_0_" },
	{ "name": "rm_dz_dj_maozi_1_", "bone": "root", "attachment": "rm_dz_dj_maozi_1_" },
	{ "name": "rm_dz_dj_maozi_2_", "bone": "root", "attachment": "rm_dz_dj_maozi_2_" },
	{ "name": "rm_dz_dj_maozi_3_", "bone": "root", "attachment": "rm_dz_dj_maozi_3_" },
	{ "name": "rm_dz_dj_maozi_4_", "bone": "root", "attachment": "rm_dz_dj_maozi_4_" },
	{ "name": "rm_dz_dj_wuqi_0_", "bone": "root", "attachment": "rm_dz_dj_wuqi_0_" },
	{ "name": "rm_dz_dj_wuqi_1_", "bone": "root", "attachment": "rm_dz_dj_wuqi_1_" },
	{ "name": "rm_dz_dj_wuqi_2_", "bone": "root", "attachment": "rm_dz_dj_wuqi_2_" },
	{ "name": "rm_dz_dj_wuqi_3_", "bone": "root", "attachment": "rm_dz_dj_wuqi_3_" },
	{ "name": "rm_dz_dj_wuqi_4_", "bone": "root", "attachment": "rm_dz_dj_wuqi_4_" },
	{ "name": "rm_dz_gj_maozi_1_", "bone": "root", "attachment": "rm_dz_gj_maozi_1_" },
	{ "name": "rm_dz_gj_maozi_2_", "bone": "root", "attachment": "rm_dz_gj_maozi_2_" },
	{ "name": "rm_dz_gj_maozi_3_", "bone": "root", "attachment": "rm_dz_gj_maozi_3_" },
	{ "name": "rm_dz_gj_maozi_4_", "bone": "root", "attachment": "rm_dz_gj_maozi_4_" },
	{ "name": "rm_dz_gj_wuqi_1_", "bone": "root", "attachment": "rm_dz_gj_wuqi_1_" },
	{ "name": "rm_dz_gj_wuqi_2_", "bone": "root", "attachment": "rm_dz_gj_wuqi_2_" },
	{ "name": "rm_dz_gj_wuqi_3_", "bone": "root", "attachment": "rm_dz_gj_wuqi_3_" },
	{ "name": "rm_dz_gj_wuqi_4_", "bone": "root", "attachment": "rm_dz_gj_wuqi_4_" },
	{ "name": "rm_qianseshenti_dj_0_", "bone": "root", "attachment": "rm_qianseshenti_dj_0_" },
	{ "name": "rm_qianseshenti_dj_1_", "bone": "root", "attachment": "rm_qianseshenti_dj_1_" },
	{ "name": "rm_qianseshenti_dj_2_", "bone": "root", "attachment": "rm_qianseshenti_dj_2_" },
	{ "name": "rm_qianseshenti_dj_3_", "bone": "root", "attachment": "rm_qianseshenti_dj_3_" },
	{ "name": "rm_qianseshenti_dj_4_", "bone": "root", "attachment": "rm_qianseshenti_dj_4_" },
	{ "name": "rm_qianseshenti_gj_1_", "bone": "root", "attachment": "rm_qianseshenti_gj_1_" },
	{ "name": "rm_qianseshenti_gj_2_", "bone": "root", "attachment": "rm_qianseshenti_gj_2_" },
	{ "name": "rm_qianseshenti_gj_3_", "bone": "root", "attachment": "rm_qianseshenti_gj_3_" },
	{ "name": "rm_qianseshenti_gj_4_", "bone": "root", "attachment": "rm_qianseshenti_gj_4_" },
	{ "name": "rm_sl_dj_fuzi_0_", "bone": "root", "attachment": "rm_sl_dj_fuzi_0_" },
	{ "name": "rm_sl_dj_fuzi_1_", "bone": "root", "attachment": "rm_sl_dj_fuzi_1_" },
	{ "name": "rm_sl_dj_fuzi_2_", "bone": "root", "attachment": "rm_sl_dj_fuzi_2_" },
	{ "name": "rm_sl_dj_fuzi_3_", "bone": "root", "attachment": "rm_sl_dj_fuzi_3_" },
	{ "name": "rm_sl_dj_fuzi_4_", "bone": "root", "attachment": "rm_sl_dj_fuzi_4_" },
	{ "name": "rm_sl_dj_maozi_0_", "bone": "root", "attachment": "rm_sl_dj_maozi_0_" },
	{ "name": "rm_sl_dj_maozi_1_", "bone": "root", "attachment": "rm_sl_dj_maozi_1_" },
	{ "name": "rm_sl_dj_maozi_2_", "bone": "root", "attachment": "rm_sl_dj_maozi_2_" },
	{ "name": "rm_sl_dj_maozi_3_", "bone": "root", "attachment": "rm_sl_dj_maozi_3_" },
	{ "name": "rm_sl_dj_maozi_4_", "bone": "root", "attachment": "rm_sl_dj_maozi_4_" },
	{ "name": "rm_sl_dj_youjianjia_0_", "bone": "root", "attachment": "rm_sl_dj_youjianjia_0_" },
	{ "name": "rm_sl_dj_youjianjia_1_", "bone": "root", "attachment": "rm_sl_dj_youjianjia_1_" },
	{ "name": "rm_sl_dj_youjianjia_2_", "bone": "root", "attachment": "rm_sl_dj_youjianjia_2_" },
	{ "name": "rm_sl_dj_youjianjia_3_", "bone": "root", "attachment": "rm_sl_dj_youjianjia_3_" },
	{ "name": "rm_sl_dj_youjianjia_4_", "bone": "root", "attachment": "rm_sl_dj_youjianjia_4_" },
	{ "name": "rm_sl_dj_zuojianjia_0_", "bone": "root", "attachment": "rm_sl_dj_zuojianjia_0_" },
	{ "name": "rm_sl_dj_zuojianjia_1_", "bone": "root", "attachment": "rm_sl_dj_zuojianjia_1_" },
	{ "name": "rm_sl_dj_zuojianjia_2_", "bone": "root", "attachment": "rm_sl_dj_zuojianjia_2_" },
	{ "name": "rm_sl_dj_zuojianjia_3_", "bone": "root", "attachment": "rm_sl_dj_zuojianjia_3_" },
	{ "name": "rm_sl_dj_zuojianjia_4_", "bone": "root", "attachment": "rm_sl_dj_zuojianjia_4_" },
	{ "name": "rm_sl_gj_fuzi_1_", "bone": "root", "attachment": "rm_sl_gj_fuzi_1_" },
	{ "name": "rm_sl_gj_fuzi_2_", "bone": "root", "attachment": "rm_sl_gj_fuzi_2_" },
	{ "name": "rm_sl_gj_fuzi_3_", "bone": "root", "attachment": "rm_sl_gj_fuzi_3_" },
	{ "name": "rm_sl_gj_fuzi_4_", "bone": "root", "attachment": "rm_sl_gj_fuzi_4_" },
	{ "name": "rm_sl_gj_maozi_1_", "bone": "root", "attachment": "rm_sl_gj_maozi_1_" },
	{ "name": "rm_sl_gj_maozi_2_", "bone": "root", "attachment": "rm_sl_gj_maozi_2_" },
	{ "name": "rm_sl_gj_maozi_3_", "bone": "root", "attachment": "rm_sl_gj_maozi_3_" },
	{ "name": "rm_sl_gj_maozi_4_", "bone": "root", "attachment": "rm_sl_gj_maozi_4_" },
	{ "name": "rm_sl_gj_youjianjia_1_", "bone": "root", "attachment": "rm_sl_gj_youjianjia_1_" },
	{ "name": "rm_sl_gj_youjianjia_2_", "bone": "root", "attachment": "rm_sl_gj_youjianjia_2_" },
	{ "name": "rm_sl_gj_youjianjia_3_", "bone": "root", "attachment": "rm_sl_gj_youjianjia_3_" },
	{ "name": "rm_sl_gj_youjianjia_4_", "bone": "root", "attachment": "rm_sl_gj_youjianjia_4_" },
	{ "name": "rm_sl_gj_zuojianjia_1_", "bone": "root", "attachment": "rm_sl_gj_zuojianjia_1_" },
	{ "name": "rm_sl_gj_zuojianjia_2_", "bone": "root", "attachment": "rm_sl_gj_zuojianjia_2_" },
	{ "name": "rm_sl_gj_zuojianjia_3_", "bone": "root", "attachment": "rm_sl_gj_zuojianjia_3_" },
	{ "name": "rm_sl_gj_zuojianjia_4_", "bone": "root", "attachment": "rm_sl_gj_zuojianjia_4_" },
	{ "name": "siwang_0_", "bone": "root", "attachment": "siwang_0_" },
	{ "name": "siwang_1_", "bone": "root", "attachment": "siwang_1_" },
	{ "name": "siwang_2_", "bone": "root", "attachment": "siwang_2_" },
	{ "name": "siwang_3_", "bone": "root", "attachment": "siwang_3_" },
	{ "name": "siwang_4_", "bone": "root", "attachment": "siwang_4_" },
	{ "name": "siwang_5_", "bone": "root", "attachment": "siwang_5_" },
	{ "name": "siwang_6_", "bone": "root", "attachment": "siwang_6_" }
],
"skins": {
	"default": {
		"rm_qianseshenti_dj_0_": {
			"rm_qianseshenti_dj_0_": { "x": 8.12, "y": 46.71, "width": 60, "height": 110 }
		},
		"rm_qianseshenti_dj_1_": {
			"rm_qianseshenti_dj_1_": { "x": 8.12, "y": 46.71, "width": 60, "height": 110 }
		},
		"rm_qianseshenti_dj_2_": {
			"rm_qianseshenti_dj_2_": { "x": 7.62, "y": 47.21, "width": 60, "height": 110 }
		},
		"rm_qianseshenti_dj_3_": {
			"rm_qianseshenti_dj_3_": { "x": 8.62, "y": 47.21, "width": 60, "height": 110 }
		},
		"rm_qianseshenti_dj_4_": {
			"rm_qianseshenti_dj_4_": { "x": 8.12, "y": 46.71, "width": 60, "height": 110 }
		},
		"rm_qianseshenti_gj_1_": {
			"rm_qianseshenti_gj_1_": { "x": 25.62, "y": 71.71, "width": 150, "height": 150 }
		},
		"rm_qianseshenti_gj_2_": {
			"rm_qianseshenti_gj_2_": { "x": 5.12, "y": 53.71, "width": 150, "height": 150 }
		},
		"rm_qianseshenti_gj_3_": {
			"rm_qianseshenti_gj_3_": { "x": 4.12, "y": 45.71, "width": 150, "height": 150 }
		},
		"rm_qianseshenti_gj_4_": {
			"rm_qianseshenti_gj_4_": { "x": 7.62, "y": 38.71, "width": 150, "height": 150 }
		},
		"siwang_0_": {
			"siwang_0_": { "x": 17.12, "y": 75.71, "width": 98, "height": 119 }
		},
		"siwang_1_": {
			"siwang_1_": { "x": 17.12, "y": 69.71, "width": 114, "height": 133 }
		},
		"siwang_2_": {
			"siwang_2_": { "x": 18.12, "y": 65.71, "width": 124, "height": 135 }
		},
		"siwang_3_": {
			"siwang_3_": { "x": 0.12, "y": 62.21, "width": 156, "height": 134 }
		},
		"siwang_4_": {
			"siwang_4_": { "x": 0.12, "y": 63.21, "width": 158, "height": 136 }
		},
		"siwang_5_": {
			"siwang_5_": { "x": -2.87, "y": 59.71, "width": 152, "height": 145 }
		},
		"siwang_6_": {
			"siwang_6_": { "x": 8.12, "y": 23.71, "width": 94, "height": 57 }
		}
	}
},
"animations": {
	"dj": {
		"slots": {
			"rm_dz_dj_maozi_0_": {
				"attachment": [
					{ "time": 0, "name": "rm_dz_dj_maozi_0_" },
					{ "time": 0.0666, "name": null }
				]
			},
			"rm_dz_dj_maozi_1_": {
				"attachment": [
					{ "time": 0, "name": null },
					{ "time": 0.0666, "name": "rm_dz_dj_maozi_1_" },
					{ "time": 0.1, "name": null }
				]
			},
			"rm_dz_dj_maozi_2_": {
				"attachment": [
					{ "time": 0, "name": null },
					{ "time": 0.1, "name": "rm_dz_dj_maozi_2_" },
					{ "time": 0.1666, "name": null }
				]
			},
			"rm_dz_dj_maozi_3_": {
				"attachment": [
					{ "time": 0, "name": null },
					{ "time": 0.1666, "name": "rm_dz_dj_maozi_3_" },
					{ "time": 0.2333, "name": null }
				]
			},
			"rm_dz_dj_maozi_4_": {
				"attachment": [
					{ "time": 0, "name": null },
					{ "time": 0.2333, "name": "rm_dz_dj_maozi_4_" }
				]
			},
			"rm_dz_dj_wuqi_0_": {
				"attachment": [
					{ "time": 0, "name": "rm_dz_dj_wuqi_0_" },
					{ "time": 0.0666, "name": null }
				]
			},
			"rm_dz_dj_wuqi_1_": {
				"attachment": [
					{ "time": 0, "name": null },
					{ "time": 0.0666, "name": "rm_dz_dj_wuqi_1_" },
					{ "time": 0.1, "name": null }
				]
			},
			"rm_dz_dj_wuqi_2_": {
				"attachment": [
					{ "time": 0, "name": null },
					{ "time": 0.1, "name": "rm_dz_dj_wuqi_2_" },
					{ "time": 0.1666, "name": null }
				]
			},
			"rm_dz_dj_wuqi_3_": {
				"attachment": [
					{ "time": 0, "name": null },
					{ "time": 0.1666, "name": "rm_dz_dj_wuqi_3_" },
					{ "time": 0.2333, "name": null }
				]
			},
			"rm_dz_dj_wuqi_4_": {
				"attachment": [
					{ "time": 0, "name": null },
					{ "time": 0.2333, "name": "rm_dz_dj_wuqi_4_" }
				]
			},
			"rm_dz_gj_maozi_1_": {
				"attachment": [
					{ "time": 0, "name": null }
				]
			},
			"rm_dz_gj_maozi_2_": {
				"attachment": [
					{ "time": 0, "name": null }
				]
			},
			"rm_dz_gj_maozi_3_": {
				"attachment": [
					{ "time": 0, "name": null }
				]
			},
			"rm_dz_gj_maozi_4_": {
				"attachment": [
					{ "time": 0, "name": null }
				]
			},
			"rm_dz_gj_wuqi_1_": {
				"attachment": [
					{ "time": 0, "name": null }
				]
			},
			"rm_dz_gj_wuqi_2_": {
				"attachment": [
					{ "time": 0, "name": null }
				]
			},
			"rm_dz_gj_wuqi_3_": {
				"attachment": [
					{ "time": 0, "name": null }
				]
			},
			"rm_dz_gj_wuqi_4_": {
				"attachment": [
					{ "time": 0, "name": null }
				]
			},
			"rm_qianseshenti_dj_0_": {
				"attachment": [
					{ "time": 0, "name": "rm_qianseshenti_dj_0_" },
					{ "time": 0.0666, "name": null }
				]
			},
			"rm_qianseshenti_dj_1_": {
				"attachment": [
					{ "time": 0, "name": null },
					{ "time": 0.0666, "name": "rm_qianseshenti_dj_1_" },
					{ "time": 0.1, "name": null }
				]
			},
			"rm_qianseshenti_dj_2_": {
				"attachment": [
					{ "time": 0, "name": null },
					{ "time": 0.1, "name": "rm_qianseshenti_dj_2_" },
					{ "time": 0.1666, "name": null }
				]
			},
			"rm_qianseshenti_dj_3_": {
				"attachment": [
					{ "time": 0, "name": null },
					{ "time": 0.1666, "name": "rm_qianseshenti_dj_3_" },
					{ "time": 0.2333, "name": null }
				]
			},
			"rm_qianseshenti_dj_4_": {
				"attachment": [
					{ "time": 0, "name": null },
					{ "time": 0.2333, "name": "rm_qianseshenti_dj_4_" }
				]
			},
			"rm_qianseshenti_gj_1_": {
				"attachment": [
					{ "time": 0, "name": null }
				]
			},
			"rm_qianseshenti_gj_2_": {
				"attachment": [
					{ "time": 0, "name": null }
				]
			},
			"rm_qianseshenti_gj_3_": {
				"attachment": [
					{ "time": 0, "name": null }
				]
			},
			"rm_qianseshenti_gj_4_": {
				"attachment": [
					{ "time": 0, "name": null }
				]
			},
			"rm_sl_dj_fuzi_0_": {
				"attachment": [
					{ "time": 0, "name": null }
				]
			},
			"rm_sl_dj_fuzi_1_": {
				"attachment": [
					{ "time": 0, "name": null }
				]
			},
			"rm_sl_dj_fuzi_2_": {
				"attachment": [
					{ "time": 0, "name": null }
				]
			},
			"rm_sl_dj_fuzi_3_": {
				"attachment": [
					{ "time": 0, "name": null }
				]
			},
			"rm_sl_dj_fuzi_4_": {
				"attachment": [
					{ "time": 0, "name": null }
				]
			},
			"rm_sl_dj_maozi_0_": {
				"attachment": [
					{ "time": 0, "name": null }
				]
			},
			"rm_sl_dj_maozi_1_": {
				"attachment": [
					{ "time": 0, "name": null }
				]
			},
			"rm_sl_dj_maozi_2_": {
				"attachment": [
					{ "time": 0, "name": null }
				]
			},
			"rm_sl_dj_maozi_3_": {
				"attachment": [
					{ "time": 0, "name": null }
				]
			},
			"rm_sl_dj_maozi_4_": {
				"attachment": [
					{ "time": 0, "name": null }
				]
			},
			"rm_sl_dj_youjianjia_0_": {
				"attachment": [
					{ "time": 0, "name": null }
				]
			},
			"rm_sl_dj_youjianjia_1_": {
				"attachment": [
					{ "time": 0, "name": null }
				]
			},
			"rm_sl_dj_youjianjia_2_": {
				"attachment": [
					{ "time": 0, "name": null }
				]
			},
			"rm_sl_dj_youjianjia_3_": {
				"attachment": [
					{ "time": 0, "name": null }
				]
			},
			"rm_sl_dj_youjianjia_4_": {
				"attachment": [
					{ "time": 0, "name": null }
				]
			},
			"rm_sl_dj_zuojianjia_0_": {
				"attachment": [
					{ "time": 0, "name": null }
				]
			},
			"rm_sl_dj_zuojianjia_1_": {
				"attachment": [
					{ "time": 0, "name": null }
				]
			},
			"rm_sl_dj_zuojianjia_2_": {
				"attachment": [
					{ "time": 0, "name": null }
				]
			},
			"rm_sl_dj_zuojianjia_3_": {
				"attachment": [
					{ "time": 0, "name": null }
				]
			},
			"rm_sl_dj_zuojianjia_4_": {
				"attachment": [
					{ "time": 0, "name": null }
				]
			},
			"rm_sl_gj_fuzi_1_": {
				"attachment": [
					{ "time": 0, "name": null }
				]
			},
			"rm_sl_gj_fuzi_2_": {
				"attachment": [
					{ "time": 0, "name": null }
				]
			},
			"rm_sl_gj_fuzi_3_": {
				"attachment": [
					{ "time": 0, "name": null }
				]
			},
			"rm_sl_gj_fuzi_4_": {
				"attachment": [
					{ "time": 0, "name": null }
				]
			},
			"rm_sl_gj_maozi_1_": {
				"attachment": [
					{ "time": 0, "name": null }
				]
			},
			"rm_sl_gj_maozi_2_": {
				"attachment": [
					{ "time": 0, "name": null }
				]
			},
			"rm_sl_gj_maozi_3_": {
				"attachment": [
					{ "time": 0, "name": null }
				]
			},
			"rm_sl_gj_maozi_4_": {
				"attachment": [
					{ "time": 0, "name": null }
				]
			},
			"rm_sl_gj_youjianjia_1_": {
				"attachment": [
					{ "time": 0, "name": null }
				]
			},
			"rm_sl_gj_youjianjia_2_": {
				"attachment": [
					{ "time": 0, "name": null }
				]
			},
			"rm_sl_gj_youjianjia_3_": {
				"attachment": [
					{ "time": 0, "name": null }
				]
			},
			"rm_sl_gj_youjianjia_4_": {
				"attachment": [
					{ "time": 0, "name": null }
				]
			},
			"rm_sl_gj_zuojianjia_1_": {
				"attachment": [
					{ "time": 0, "name": null }
				]
			},
			"rm_sl_gj_zuojianjia_2_": {
				"attachment": [
					{ "time": 0, "name": null }
				]
			},
			"rm_sl_gj_zuojianjia_3_": {
				"attachment": [
					{ "time": 0, "name": null }
				]
			},
			"rm_sl_gj_zuojianjia_4_": {
				"attachment": [
					{ "time": 0, "name": null }
				]
			},
			"siwang_0_": {
				"attachment": [
					{ "time": 0, "name": null }
				]
			},
			"siwang_1_": {
				"attachment": [
					{ "time": 0, "name": null }
				]
			},
			"siwang_2_": {
				"attachment": [
					{ "time": 0, "name": null }
				]
			},
			"siwang_3_": {
				"attachment": [
					{ "time": 0, "name": null }
				]
			},
			"siwang_4_": {
				"attachment": [
					{ "time": 0, "name": null }
				]
			},
			"siwang_5_": {
				"attachment": [
					{ "time": 0, "name": null }
				]
			},
			"siwang_6_": {
				"attachment": [
					{ "time": 0, "name": null }
				]
			}
		},
		"drawOrder": [
			{
				"time": 0,
				"offsets": [
					{ "slot": "rm_dz_dj_maozi_0_", "offset": 52 },
					{ "slot": "rm_dz_dj_maozi_1_", "offset": 52 },
					{ "slot": "rm_dz_dj_maozi_2_", "offset": 52 },
					{ "slot": "rm_dz_dj_maozi_3_", "offset": 52 },
					{ "slot": "rm_dz_dj_maozi_4_", "offset": 52 },
					{ "slot": "rm_dz_dj_wuqi_0_", "offset": 52 },
					{ "slot": "rm_dz_dj_wuqi_1_", "offset": 52 },
					{ "slot": "rm_dz_dj_wuqi_2_", "offset": 52 },
					{ "slot": "rm_dz_dj_wuqi_3_", "offset": 52 },
					{ "slot": "rm_dz_dj_wuqi_4_", "offset": 52 },
					{ "slot": "rm_dz_gj_maozi_1_", "offset": 52 },
					{ "slot": "rm_dz_gj_maozi_2_", "offset": 52 },
					{ "slot": "rm_dz_gj_maozi_3_", "offset": 52 },
					{ "slot": "rm_dz_gj_maozi_4_", "offset": 52 },
					{ "slot": "rm_dz_gj_wuqi_1_", "offset": 52 },
					{ "slot": "rm_dz_gj_wuqi_2_", "offset": 52 },
					{ "slot": "rm_dz_gj_wuqi_3_", "offset": 52 },
					{ "slot": "rm_dz_gj_wuqi_4_", "offset": 52 }
				]
			}
		]
	},
	"gj": {
		"slots": {
			"rm_dz_dj_maozi_0_": {
				"attachment": [
					{ "time": 0, "name": "rm_dz_dj_maozi_0_" },
					{ "time": 0.0333, "name": null },
					{ "time": 0.2333, "name": "rm_dz_dj_maozi_0_" }
				]
			},
			"rm_dz_dj_maozi_1_": {
				"attachment": [
					{ "time": 0, "name": null },
					{ "time": 0.2333, "name": null }
				]
			},
			"rm_dz_dj_maozi_2_": {
				"attachment": [
					{ "time": 0, "name": null },
					{ "time": 0.2333, "name": null }
				]
			},
			"rm_dz_dj_maozi_3_": {
				"attachment": [
					{ "time": 0, "name": null },
					{ "time": 0.2333, "name": null }
				]
			},
			"rm_dz_dj_maozi_4_": {
				"attachment": [
					{ "time": 0, "name": null },
					{ "time": 0.2333, "name": null }
				]
			},
			"rm_dz_dj_wuqi_0_": {
				"attachment": [
					{ "time": 0, "name": "rm_dz_dj_wuqi_0_" },
					{ "time": 0.0333, "name": null },
					{ "time": 0.2333, "name": "rm_dz_dj_wuqi_0_" }
				]
			},
			"rm_dz_dj_wuqi_1_": {
				"attachment": [
					{ "time": 0, "name": null },
					{ "time": 0.2333, "name": null }
				]
			},
			"rm_dz_dj_wuqi_2_": {
				"attachment": [
					{ "time": 0, "name": null },
					{ "time": 0.2333, "name": null }
				]
			},
			"rm_dz_dj_wuqi_3_": {
				"attachment": [
					{ "time": 0, "name": null },
					{ "time": 0.2333, "name": null }
				]
			},
			"rm_dz_dj_wuqi_4_": {
				"attachment": [
					{ "time": 0, "name": null },
					{ "time": 0.2333, "name": null }
				]
			},
			"rm_dz_gj_maozi_1_": {
				"attachment": [
					{ "time": 0, "name": null },
					{ "time": 0.0333, "name": "rm_dz_gj_maozi_1_" },
					{ "time": 0.0666, "name": null },
					{ "time": 0.2333, "name": null }
				]
			},
			"rm_dz_gj_maozi_2_": {
				"attachment": [
					{ "time": 0, "name": null },
					{ "time": 0.0666, "name": "rm_dz_gj_maozi_2_" },
					{ "time": 0.1333, "name": null },
					{ "time": 0.2333, "name": null }
				]
			},
			"rm_dz_gj_maozi_3_": {
				"attachment": [
					{ "time": 0, "name": null },
					{ "time": 0.1333, "name": "rm_dz_gj_maozi_3_" },
					{ "time": 0.2, "name": null },
					{ "time": 0.2333, "name": null }
				]
			},
			"rm_dz_gj_maozi_4_": {
				"attachment": [
					{ "time": 0, "name": null },
					{ "time": 0.2, "name": "rm_dz_gj_maozi_4_" },
					{ "time": 0.2333, "name": null }
				]
			},
			"rm_dz_gj_wuqi_1_": {
				"attachment": [
					{ "time": 0, "name": null },
					{ "time": 0.0333, "name": "rm_dz_gj_wuqi_1_" },
					{ "time": 0.0666, "name": null },
					{ "time": 0.2333, "name": null }
				]
			},
			"rm_dz_gj_wuqi_2_": {
				"attachment": [
					{ "time": 0, "name": null },
					{ "time": 0.0666, "name": "rm_dz_gj_wuqi_2_" },
					{ "time": 0.1333, "name": null },
					{ "time": 0.2333, "name": null }
				]
			},
			"rm_dz_gj_wuqi_3_": {
				"attachment": [
					{ "time": 0, "name": null },
					{ "time": 0.1333, "name": "rm_dz_gj_wuqi_3_" },
					{ "time": 0.2, "name": null },
					{ "time": 0.2333, "name": null }
				]
			},
			"rm_dz_gj_wuqi_4_": {
				"attachment": [
					{ "time": 0, "name": null },
					{ "time": 0.2, "name": "rm_dz_gj_wuqi_4_" },
					{ "time": 0.2333, "name": null }
				]
			},
			"rm_qianseshenti_dj_0_": {
				"attachment": [
					{ "time": 0, "name": "rm_qianseshenti_dj_0_" },
					{ "time": 0.0333, "name": null },
					{ "time": 0.2333, "name": "rm_qianseshenti_dj_0_" }
				]
			},
			"rm_qianseshenti_dj_1_": {
				"attachment": [
					{ "time": 0, "name": null },
					{ "time": 0.2333, "name": null }
				]
			},
			"rm_qianseshenti_dj_2_": {
				"attachment": [
					{ "time": 0, "name": null },
					{ "time": 0.2333, "name": null }
				]
			},
			"rm_qianseshenti_dj_3_": {
				"attachment": [
					{ "time": 0, "name": null },
					{ "time": 0.2333, "name": null }
				]
			},
			"rm_qianseshenti_dj_4_": {
				"attachment": [
					{ "time": 0, "name": null },
					{ "time": 0.2333, "name": null }
				]
			},
			"rm_qianseshenti_gj_1_": {
				"attachment": [
					{ "time": 0, "name": null },
					{ "time": 0.0333, "name": "rm_qianseshenti_gj_1_" },
					{ "time": 0.0666, "name": null },
					{ "time": 0.2333, "name": null }
				]
			},
			"rm_qianseshenti_gj_2_": {
				"attachment": [
					{ "time": 0, "name": null },
					{ "time": 0.0666, "name": "rm_qianseshenti_gj_2_" },
					{ "time": 0.1333, "name": null },
					{ "time": 0.2333, "name": null }
				]
			},
			"rm_qianseshenti_gj_3_": {
				"attachment": [
					{ "time": 0, "name": null },
					{ "time": 0.1333, "name": "rm_qianseshenti_gj_3_" },
					{ "time": 0.2, "name": null },
					{ "time": 0.2333, "name": null }
				]
			},
			"rm_qianseshenti_gj_4_": {
				"attachment": [
					{ "time": 0, "name": null },
					{ "time": 0.2, "name": "rm_qianseshenti_gj_4_" },
					{ "time": 0.2333, "name": null }
				]
			},
			"rm_sl_dj_fuzi_0_": {
				"attachment": [
					{ "time": 0, "name": null },
					{ "time": 0.2333, "name": null }
				]
			},
			"rm_sl_dj_fuzi_1_": {
				"attachment": [
					{ "time": 0, "name": null },
					{ "time": 0.2333, "name": null }
				]
			},
			"rm_sl_dj_fuzi_2_": {
				"attachment": [
					{ "time": 0, "name": null },
					{ "time": 0.2333, "name": null }
				]
			},
			"rm_sl_dj_fuzi_3_": {
				"attachment": [
					{ "time": 0, "name": null },
					{ "time": 0.2333, "name": null }
				]
			},
			"rm_sl_dj_fuzi_4_": {
				"attachment": [
					{ "time": 0, "name": null },
					{ "time": 0.2333, "name": null }
				]
			},
			"rm_sl_dj_maozi_0_": {
				"attachment": [
					{ "time": 0, "name": null },
					{ "time": 0.2333, "name": null }
				]
			},
			"rm_sl_dj_maozi_1_": {
				"attachment": [
					{ "time": 0, "name": null },
					{ "time": 0.2333, "name": null }
				]
			},
			"rm_sl_dj_maozi_2_": {
				"attachment": [
					{ "time": 0, "name": null },
					{ "time": 0.2333, "name": null }
				]
			},
			"rm_sl_dj_maozi_3_": {
				"attachment": [
					{ "time": 0, "name": null },
					{ "time": 0.2333, "name": null }
				]
			},
			"rm_sl_dj_maozi_4_": {
				"attachment": [
					{ "time": 0, "name": null },
					{ "time": 0.2333, "name": null }
				]
			},
			"rm_sl_dj_youjianjia_0_": {
				"attachment": [
					{ "time": 0, "name": null },
					{ "time": 0.2333, "name": null }
				]
			},
			"rm_sl_dj_youjianjia_1_": {
				"attachment": [
					{ "time": 0, "name": null },
					{ "time": 0.2333, "name": null }
				]
			},
			"rm_sl_dj_youjianjia_2_": {
				"attachment": [
					{ "time": 0, "name": null },
					{ "time": 0.2333, "name": null }
				]
			},
			"rm_sl_dj_youjianjia_3_": {
				"attachment": [
					{ "time": 0, "name": null },
					{ "time": 0.2333, "name": null }
				]
			},
			"rm_sl_dj_youjianjia_4_": {
				"attachment": [
					{ "time": 0, "name": null },
					{ "time": 0.2333, "name": null }
				]
			},
			"rm_sl_dj_zuojianjia_0_": {
				"attachment": [
					{ "time": 0, "name": null },
					{ "time": 0.2333, "name": null }
				]
			},
			"rm_sl_dj_zuojianjia_1_": {
				"attachment": [
					{ "time": 0, "name": null },
					{ "time": 0.2333, "name": null }
				]
			},
			"rm_sl_dj_zuojianjia_2_": {
				"attachment": [
					{ "time": 0, "name": null },
					{ "time": 0.2333, "name": null }
				]
			},
			"rm_sl_dj_zuojianjia_3_": {
				"attachment": [
					{ "time": 0, "name": null },
					{ "time": 0.2333, "name": null }
				]
			},
			"rm_sl_dj_zuojianjia_4_": {
				"attachment": [
					{ "time": 0, "name": null },
					{ "time": 0.2333, "name": null }
				]
			},
			"rm_sl_gj_fuzi_1_": {
				"attachment": [
					{ "time": 0, "name": null },
					{ "time": 0.2333, "name": null }
				]
			},
			"rm_sl_gj_fuzi_2_": {
				"attachment": [
					{ "time": 0, "name": null },
					{ "time": 0.2333, "name": null }
				]
			},
			"rm_sl_gj_fuzi_3_": {
				"attachment": [
					{ "time": 0, "name": null },
					{ "time": 0.2333, "name": null }
				]
			},
			"rm_sl_gj_fuzi_4_": {
				"attachment": [
					{ "time": 0, "name": null },
					{ "time": 0.2333, "name": null }
				]
			},
			"rm_sl_gj_maozi_1_": {
				"attachment": [
					{ "time": 0, "name": null },
					{ "time": 0.2333, "name": null }
				]
			},
			"rm_sl_gj_maozi_2_": {
				"attachment": [
					{ "time": 0, "name": null },
					{ "time": 0.2333, "name": null }
				]
			},
			"rm_sl_gj_maozi_3_": {
				"attachment": [
					{ "time": 0, "name": null },
					{ "time": 0.2333, "name": null }
				]
			},
			"rm_sl_gj_maozi_4_": {
				"attachment": [
					{ "time": 0, "name": null },
					{ "time": 0.2333, "name": null }
				]
			},
			"rm_sl_gj_youjianjia_1_": {
				"attachment": [
					{ "time": 0, "name": null },
					{ "time": 0.2333, "name": null }
				]
			},
			"rm_sl_gj_youjianjia_2_": {
				"attachment": [
					{ "time": 0, "name": null },
					{ "time": 0.2333, "name": null }
				]
			},
			"rm_sl_gj_youjianjia_3_": {
				"attachment": [
					{ "time": 0, "name": null },
					{ "time": 0.2333, "name": null }
				]
			},
			"rm_sl_gj_youjianjia_4_": {
				"attachment": [
					{ "time": 0, "name": null },
					{ "time": 0.2333, "name": null }
				]
			},
			"rm_sl_gj_zuojianjia_1_": {
				"attachment": [
					{ "time": 0, "name": null },
					{ "time": 0.2333, "name": null }
				]
			},
			"rm_sl_gj_zuojianjia_2_": {
				"attachment": [
					{ "time": 0, "name": null },
					{ "time": 0.2333, "name": null }
				]
			},
			"rm_sl_gj_zuojianjia_3_": {
				"attachment": [
					{ "time": 0, "name": null },
					{ "time": 0.2333, "name": null }
				]
			},
			"rm_sl_gj_zuojianjia_4_": {
				"attachment": [
					{ "time": 0, "name": null },
					{ "time": 0.2333, "name": null }
				]
			},
			"siwang_0_": {
				"attachment": [
					{ "time": 0, "name": null },
					{ "time": 0.2333, "name": null }
				]
			},
			"siwang_1_": {
				"attachment": [
					{ "time": 0, "name": null },
					{ "time": 0.2333, "name": null }
				]
			},
			"siwang_2_": {
				"attachment": [
					{ "time": 0, "name": null },
					{ "time": 0.2333, "name": null }
				]
			},
			"siwang_3_": {
				"attachment": [
					{ "time": 0, "name": null },
					{ "time": 0.2333, "name": null }
				]
			},
			"siwang_4_": {
				"attachment": [
					{ "time": 0, "name": null },
					{ "time": 0.2333, "name": null }
				]
			},
			"siwang_5_": {
				"attachment": [
					{ "time": 0, "name": null },
					{ "time": 0.2333, "name": null }
				]
			},
			"siwang_6_": {
				"attachment": [
					{ "time": 0, "name": null },
					{ "time": 0.2333, "name": null }
				]
			}
		},
		"drawOrder": [
			{
				"time": 0,
				"offsets": [
					{ "slot": "rm_dz_dj_maozi_0_", "offset": 52 },
					{ "slot": "rm_dz_dj_maozi_1_", "offset": 52 },
					{ "slot": "rm_dz_dj_maozi_2_", "offset": 52 },
					{ "slot": "rm_dz_dj_maozi_3_", "offset": 52 },
					{ "slot": "rm_dz_dj_maozi_4_", "offset": 52 },
					{ "slot": "rm_dz_dj_wuqi_0_", "offset": 52 },
					{ "slot": "rm_dz_dj_wuqi_1_", "offset": 52 },
					{ "slot": "rm_dz_dj_wuqi_2_", "offset": 52 },
					{ "slot": "rm_dz_dj_wuqi_3_", "offset": 52 },
					{ "slot": "rm_dz_dj_wuqi_4_", "offset": 52 },
					{ "slot": "rm_dz_gj_maozi_1_", "offset": 52 },
					{ "slot": "rm_dz_gj_maozi_2_", "offset": 52 },
					{ "slot": "rm_dz_gj_maozi_3_", "offset": 52 },
					{ "slot": "rm_dz_gj_maozi_4_", "offset": 52 },
					{ "slot": "rm_dz_gj_wuqi_1_", "offset": 52 },
					{ "slot": "rm_dz_gj_wuqi_2_", "offset": 52 },
					{ "slot": "rm_dz_gj_wuqi_3_", "offset": 52 },
					{ "slot": "rm_dz_gj_wuqi_4_", "offset": 52 }
				]
			},
			{
				"time": 0.2333,
				"offsets": [
					{ "slot": "rm_dz_dj_maozi_0_", "offset": 52 },
					{ "slot": "rm_dz_dj_maozi_1_", "offset": 52 },
					{ "slot": "rm_dz_dj_maozi_2_", "offset": 52 },
					{ "slot": "rm_dz_dj_maozi_3_", "offset": 52 },
					{ "slot": "rm_dz_dj_maozi_4_", "offset": 52 },
					{ "slot": "rm_dz_dj_wuqi_0_", "offset": 52 },
					{ "slot": "rm_dz_dj_wuqi_1_", "offset": 52 },
					{ "slot": "rm_dz_dj_wuqi_2_", "offset": 52 },
					{ "slot": "rm_dz_dj_wuqi_3_", "offset": 52 },
					{ "slot": "rm_dz_dj_wuqi_4_", "offset": 52 },
					{ "slot": "rm_dz_gj_maozi_1_", "offset": 52 },
					{ "slot": "rm_dz_gj_maozi_2_", "offset": 52 },
					{ "slot": "rm_dz_gj_maozi_3_", "offset": 52 },
					{ "slot": "rm_dz_gj_maozi_4_", "offset": 52 },
					{ "slot": "rm_dz_gj_wuqi_1_", "offset": 52 },
					{ "slot": "rm_dz_gj_wuqi_2_", "offset": 52 },
					{ "slot": "rm_dz_gj_wuqi_3_", "offset": 52 },
					{ "slot": "rm_dz_gj_wuqi_4_", "offset": 52 }
				]
			}
		]
	},
	"sw": {
		"slots": {
			"rm_dz_dj_maozi_0_": {
				"attachment": [
					{ "time": 0, "name": "rm_dz_dj_maozi_0_" }
				],
				"color": [
					{ "time": 0, "color": "ffffffff" },
					{ "time": 0.2, "color": "ffffff00" }
				]
			},
			"rm_dz_dj_maozi_1_": {
				"attachment": [
					{ "time": 0, "name": null }
				],
				"color": [
					{ "time": 0, "color": "ffffffff" },
					{ "time": 0.2, "color": "ffffff00" }
				]
			},
			"rm_dz_dj_maozi_2_": {
				"attachment": [
					{ "time": 0, "name": null }
				],
				"color": [
					{ "time": 0, "color": "ffffffff" },
					{ "time": 0.2, "color": "ffffff00" }
				]
			},
			"rm_dz_dj_maozi_3_": {
				"attachment": [
					{ "time": 0, "name": null }
				],
				"color": [
					{ "time": 0, "color": "ffffffff" },
					{ "time": 0.2, "color": "ffffff00" }
				]
			},
			"rm_dz_dj_maozi_4_": {
				"attachment": [
					{ "time": 0, "name": null }
				],
				"color": [
					{ "time": 0, "color": "ffffffff" },
					{ "time": 0.2, "color": "ffffff00" }
				]
			},
			"rm_dz_dj_wuqi_0_": {
				"attachment": [
					{ "time": 0, "name": "rm_dz_dj_wuqi_0_" }
				],
				"color": [
					{ "time": 0, "color": "ffffffff" },
					{ "time": 0.2, "color": "ffffff00" }
				]
			},
			"rm_dz_dj_wuqi_1_": {
				"attachment": [
					{ "time": 0, "name": null }
				],
				"color": [
					{ "time": 0, "color": "ffffffff" },
					{ "time": 0.2, "color": "ffffff00" }
				]
			},
			"rm_dz_dj_wuqi_2_": {
				"attachment": [
					{ "time": 0, "name": null }
				],
				"color": [
					{ "time": 0, "color": "ffffffff" },
					{ "time": 0.2, "color": "ffffff00" }
				]
			},
			"rm_dz_dj_wuqi_3_": {
				"attachment": [
					{ "time": 0, "name": null }
				],
				"color": [
					{ "time": 0, "color": "ffffffff" },
					{ "time": 0.2, "color": "ffffff00" }
				]
			},
			"rm_dz_dj_wuqi_4_": {
				"attachment": [
					{ "time": 0, "name": null }
				],
				"color": [
					{ "time": 0, "color": "ffffffff" },
					{ "time": 0.2, "color": "ffffff00" }
				]
			},
			"rm_dz_gj_maozi_1_": {
				"attachment": [
					{ "time": 0, "name": null }
				],
				"color": [
					{ "time": 0, "color": "ffffffff" },
					{ "time": 0.2, "color": "ffffff00" }
				]
			},
			"rm_dz_gj_maozi_2_": {
				"attachment": [
					{ "time": 0, "name": null }
				],
				"color": [
					{ "time": 0, "color": "ffffffff" },
					{ "time": 0.2, "color": "ffffff00" }
				]
			},
			"rm_dz_gj_maozi_3_": {
				"attachment": [
					{ "time": 0, "name": null }
				],
				"color": [
					{ "time": 0, "color": "ffffffff" },
					{ "time": 0.2, "color": "ffffff00" }
				]
			},
			"rm_dz_gj_maozi_4_": {
				"attachment": [
					{ "time": 0, "name": null }
				],
				"color": [
					{ "time": 0, "color": "ffffffff" },
					{ "time": 0.2, "color": "ffffff00" }
				]
			},
			"rm_dz_gj_wuqi_1_": {
				"attachment": [
					{ "time": 0, "name": null }
				],
				"color": [
					{ "time": 0, "color": "ffffffff" },
					{ "time": 0.2, "color": "ffffff00" }
				]
			},
			"rm_dz_gj_wuqi_2_": {
				"attachment": [
					{ "time": 0, "name": null }
				],
				"color": [
					{ "time": 0, "color": "ffffffff" },
					{ "time": 0.2, "color": "ffffff00" }
				]
			},
			"rm_dz_gj_wuqi_3_": {
				"attachment": [
					{ "time": 0, "name": null }
				],
				"color": [
					{ "time": 0, "color": "ffffffff" },
					{ "time": 0.2, "color": "ffffff00" }
				]
			},
			"rm_dz_gj_wuqi_4_": {
				"attachment": [
					{ "time": 0, "name": null }
				],
				"color": [
					{ "time": 0, "color": "ffffffff" },
					{ "time": 0.2, "color": "ffffff00" }
				]
			},
			"rm_qianseshenti_dj_0_": {
				"attachment": [
					{ "time": 0, "name": "rm_qianseshenti_dj_0_" }
				],
				"color": [
					{ "time": 0, "color": "ffffffff" },
					{ "time": 0.2, "color": "ffffff00" }
				]
			},
			"rm_qianseshenti_dj_1_": {
				"attachment": [
					{ "time": 0, "name": null }
				],
				"color": [
					{ "time": 0, "color": "ffffffff" },
					{ "time": 0.2, "color": "ffffff00" }
				]
			},
			"rm_qianseshenti_dj_2_": {
				"attachment": [
					{ "time": 0, "name": null }
				],
				"color": [
					{ "time": 0, "color": "ffffffff" },
					{ "time": 0.2, "color": "ffffff00" }
				]
			},
			"rm_qianseshenti_dj_3_": {
				"attachment": [
					{ "time": 0, "name": null }
				],
				"color": [
					{ "time": 0, "color": "ffffffff" },
					{ "time": 0.2, "color": "ffffff00" }
				]
			},
			"rm_qianseshenti_dj_4_": {
				"attachment": [
					{ "time": 0, "name": null }
				],
				"color": [
					{ "time": 0, "color": "ffffffff" },
					{ "time": 0.2, "color": "ffffff00" }
				]
			},
			"rm_qianseshenti_gj_1_": {
				"attachment": [
					{ "time": 0, "name": null }
				],
				"color": [
					{ "time": 0, "color": "ffffffff" },
					{ "time": 0.2, "color": "ffffff00" }
				]
			},
			"rm_qianseshenti_gj_2_": {
				"attachment": [
					{ "time": 0, "name": null }
				],
				"color": [
					{ "time": 0, "color": "ffffffff" },
					{ "time": 0.2, "color": "ffffff00" }
				]
			},
			"rm_qianseshenti_gj_3_": {
				"attachment": [
					{ "time": 0, "name": null }
				],
				"color": [
					{ "time": 0, "color": "ffffffff" },
					{ "time": 0.2, "color": "ffffff00" }
				]
			},
			"rm_qianseshenti_gj_4_": {
				"attachment": [
					{ "time": 0, "name": null }
				],
				"color": [
					{ "time": 0, "color": "ffffffff" },
					{ "time": 0.2, "color": "ffffff00" }
				]
			},
			"rm_sl_dj_fuzi_0_": {
				"attachment": [
					{ "time": 0, "name": null }
				],
				"color": [
					{ "time": 0, "color": "ffffffff" },
					{ "time": 0.2, "color": "ffffff00" }
				]
			},
			"rm_sl_dj_fuzi_1_": {
				"attachment": [
					{ "time": 0, "name": null }
				],
				"color": [
					{ "time": 0, "color": "ffffffff" },
					{ "time": 0.2, "color": "ffffff00" }
				]
			},
			"rm_sl_dj_fuzi_2_": {
				"attachment": [
					{ "time": 0, "name": null }
				],
				"color": [
					{ "time": 0, "color": "ffffffff" },
					{ "time": 0.2, "color": "ffffff00" }
				]
			},
			"rm_sl_dj_fuzi_3_": {
				"attachment": [
					{ "time": 0, "name": null }
				],
				"color": [
					{ "time": 0, "color": "ffffffff" },
					{ "time": 0.2, "color": "ffffff00" }
				]
			},
			"rm_sl_dj_fuzi_4_": {
				"attachment": [
					{ "time": 0, "name": null }
				],
				"color": [
					{ "time": 0, "color": "ffffffff" },
					{ "time": 0.2, "color": "ffffff00" }
				]
			},
			"rm_sl_dj_maozi_0_": {
				"attachment": [
					{ "time": 0, "name": null }
				],
				"color": [
					{ "time": 0, "color": "ffffffff" },
					{ "time": 0.2, "color": "ffffff00" }
				]
			},
			"rm_sl_dj_maozi_1_": {
				"attachment": [
					{ "time": 0, "name": null }
				],
				"color": [
					{ "time": 0, "color": "ffffffff" },
					{ "time": 0.2, "color": "ffffff00" }
				]
			},
			"rm_sl_dj_maozi_2_": {
				"attachment": [
					{ "time": 0, "name": null }
				],
				"color": [
					{ "time": 0, "color": "ffffffff" },
					{ "time": 0.2, "color": "ffffff00" }
				]
			},
			"rm_sl_dj_maozi_3_": {
				"attachment": [
					{ "time": 0, "name": null }
				],
				"color": [
					{ "time": 0, "color": "ffffffff" },
					{ "time": 0.2, "color": "ffffff00" }
				]
			},
			"rm_sl_dj_maozi_4_": {
				"attachment": [
					{ "time": 0, "name": null }
				],
				"color": [
					{ "time": 0, "color": "ffffffff" },
					{ "time": 0.2, "color": "ffffff00" }
				]
			},
			"rm_sl_dj_youjianjia_0_": {
				"attachment": [
					{ "time": 0, "name": null }
				],
				"color": [
					{ "time": 0, "color": "ffffffff" },
					{ "time": 0.2, "color": "ffffff00" }
				]
			},
			"rm_sl_dj_youjianjia_1_": {
				"attachment": [
					{ "time": 0, "name": null }
				],
				"color": [
					{ "time": 0, "color": "ffffffff" },
					{ "time": 0.2, "color": "ffffff00" }
				]
			},
			"rm_sl_dj_youjianjia_2_": {
				"attachment": [
					{ "time": 0, "name": null }
				],
				"color": [
					{ "time": 0, "color": "ffffffff" },
					{ "time": 0.2, "color": "ffffff00" }
				]
			},
			"rm_sl_dj_youjianjia_3_": {
				"attachment": [
					{ "time": 0, "name": null }
				],
				"color": [
					{ "time": 0, "color": "ffffffff" },
					{ "time": 0.2, "color": "ffffff00" }
				]
			},
			"rm_sl_dj_youjianjia_4_": {
				"attachment": [
					{ "time": 0, "name": null }
				],
				"color": [
					{ "time": 0, "color": "ffffffff" },
					{ "time": 0.2, "color": "ffffff00" }
				]
			},
			"rm_sl_dj_zuojianjia_0_": {
				"attachment": [
					{ "time": 0, "name": null }
				],
				"color": [
					{ "time": 0, "color": "ffffffff" },
					{ "time": 0.2, "color": "ffffff00" }
				]
			},
			"rm_sl_dj_zuojianjia_1_": {
				"attachment": [
					{ "time": 0, "name": null }
				],
				"color": [
					{ "time": 0, "color": "ffffffff" },
					{ "time": 0.2, "color": "ffffff00" }
				]
			},
			"rm_sl_dj_zuojianjia_2_": {
				"attachment": [
					{ "time": 0, "name": null }
				],
				"color": [
					{ "time": 0, "color": "ffffffff" },
					{ "time": 0.2, "color": "ffffff00" }
				]
			},
			"rm_sl_dj_zuojianjia_3_": {
				"attachment": [
					{ "time": 0, "name": null }
				],
				"color": [
					{ "time": 0, "color": "ffffffff" },
					{ "time": 0.2, "color": "ffffff00" }
				]
			},
			"rm_sl_dj_zuojianjia_4_": {
				"attachment": [
					{ "time": 0, "name": null }
				],
				"color": [
					{ "time": 0, "color": "ffffffff" },
					{ "time": 0.2, "color": "ffffff00" }
				]
			},
			"rm_sl_gj_fuzi_1_": {
				"attachment": [
					{ "time": 0, "name": null }
				],
				"color": [
					{ "time": 0, "color": "ffffffff" },
					{ "time": 0.2, "color": "ffffff00" }
				]
			},
			"rm_sl_gj_fuzi_2_": {
				"attachment": [
					{ "time": 0, "name": null }
				],
				"color": [
					{ "time": 0, "color": "ffffffff" },
					{ "time": 0.2, "color": "ffffff00" }
				]
			},
			"rm_sl_gj_fuzi_3_": {
				"attachment": [
					{ "time": 0, "name": null }
				],
				"color": [
					{ "time": 0, "color": "ffffffff" },
					{ "time": 0.2, "color": "ffffff00" }
				]
			},
			"rm_sl_gj_fuzi_4_": {
				"attachment": [
					{ "time": 0, "name": null }
				],
				"color": [
					{ "time": 0, "color": "ffffffff" },
					{ "time": 0.2, "color": "ffffff00" }
				]
			},
			"rm_sl_gj_maozi_1_": {
				"attachment": [
					{ "time": 0, "name": null }
				],
				"color": [
					{ "time": 0, "color": "ffffffff" },
					{ "time": 0.2, "color": "ffffff00" }
				]
			},
			"rm_sl_gj_maozi_2_": {
				"attachment": [
					{ "time": 0, "name": null }
				],
				"color": [
					{ "time": 0, "color": "ffffffff" },
					{ "time": 0.2, "color": "ffffff00" }
				]
			},
			"rm_sl_gj_maozi_3_": {
				"attachment": [
					{ "time": 0, "name": null }
				],
				"color": [
					{ "time": 0, "color": "ffffffff" },
					{ "time": 0.2, "color": "ffffff00" }
				]
			},
			"rm_sl_gj_maozi_4_": {
				"attachment": [
					{ "time": 0, "name": null }
				],
				"color": [
					{ "time": 0, "color": "ffffffff" },
					{ "time": 0.2, "color": "ffffff00" }
				]
			},
			"rm_sl_gj_youjianjia_1_": {
				"attachment": [
					{ "time": 0, "name": null }
				],
				"color": [
					{ "time": 0, "color": "ffffffff" },
					{ "time": 0.2, "color": "ffffff00" }
				]
			},
			"rm_sl_gj_youjianjia_2_": {
				"attachment": [
					{ "time": 0, "name": null }
				],
				"color": [
					{ "time": 0, "color": "ffffffff" },
					{ "time": 0.2, "color": "ffffff00" }
				]
			},
			"rm_sl_gj_youjianjia_3_": {
				"attachment": [
					{ "time": 0, "name": null }
				],
				"color": [
					{ "time": 0, "color": "ffffffff" },
					{ "time": 0.2, "color": "ffffff00" }
				]
			},
			"rm_sl_gj_youjianjia_4_": {
				"attachment": [
					{ "time": 0, "name": null }
				],
				"color": [
					{ "time": 0, "color": "ffffffff" },
					{ "time": 0.2, "color": "ffffff00" }
				]
			},
			"rm_sl_gj_zuojianjia_1_": {
				"attachment": [
					{ "time": 0, "name": null }
				],
				"color": [
					{ "time": 0, "color": "ffffffff" },
					{ "time": 0.2, "color": "ffffff00" }
				]
			},
			"rm_sl_gj_zuojianjia_2_": {
				"attachment": [
					{ "time": 0, "name": null }
				],
				"color": [
					{ "time": 0, "color": "ffffffff" },
					{ "time": 0.2, "color": "ffffff00" }
				]
			},
			"rm_sl_gj_zuojianjia_3_": {
				"attachment": [
					{ "time": 0, "name": null }
				],
				"color": [
					{ "time": 0, "color": "ffffffff" },
					{ "time": 0.2, "color": "ffffff00" }
				]
			},
			"rm_sl_gj_zuojianjia_4_": {
				"attachment": [
					{ "time": 0, "name": null }
				],
				"color": [
					{ "time": 0, "color": "ffffffff" },
					{ "time": 0.2, "color": "ffffff00" }
				]
			},
			"siwang_0_": {
				"attachment": [
					{ "time": 0, "name": null },
					{ "time": 0.0333, "name": "siwang_0_" },
					{ "time": 0.0666, "name": null }
				],
				"color": [
					{ "time": 0.2, "color": "ffffffff", "curve": "stepped" },
					{ "time": 0.2333, "color": "ffffffff" }
				]
			},
			"siwang_1_": {
				"attachment": [
					{ "time": 0, "name": null },
					{ "time": 0.0666, "name": "siwang_1_" },
					{ "time": 0.1, "name": null }
				],
				"color": [
					{ "time": 0.2, "color": "ffffffff", "curve": "stepped" },
					{ "time": 0.2333, "color": "ffffffff" }
				]
			},
			"siwang_2_": {
				"attachment": [
					{ "time": 0, "name": null },
					{ "time": 0.1, "name": "siwang_2_" },
					{ "time": 0.1333, "name": null }
				],
				"color": [
					{ "time": 0.2, "color": "ffffffff", "curve": "stepped" },
					{ "time": 0.2333, "color": "ffffffff" }
				]
			},
			"siwang_3_": {
				"attachment": [
					{ "time": 0, "name": null },
					{ "time": 0.1333, "name": "siwang_3_" },
					{ "time": 0.1666, "name": null }
				],
				"color": [
					{ "time": 0.2, "color": "ffffffff", "curve": "stepped" },
					{ "time": 0.2333, "color": "ffffffff" }
				]
			},
			"siwang_4_": {
				"attachment": [
					{ "time": 0, "name": null },
					{ "time": 0.1666, "name": "siwang_4_" },
					{ "time": 0.2, "name": null }
				],
				"color": [
					{ "time": 0.2, "color": "ffffffff", "curve": "stepped" },
					{ "time": 0.2333, "color": "ffffffff" }
				]
			},
			"siwang_5_": {
				"attachment": [
					{ "time": 0, "name": null },
					{ "time": 0.2, "name": "siwang_5_" },
					{ "time": 0.2333, "name": null }
				],
				"color": [
					{ "time": 0.2, "color": "ffffffff", "curve": "stepped" },
					{ "time": 0.2333, "color": "ffffffff" }
				]
			},
			"siwang_6_": {
				"attachment": [
					{ "time": 0, "name": null },
					{ "time": 0.2333, "name": "siwang_6_" }
				],
				"color": [
					{ "time": 0.2, "color": "ffffffff", "curve": "stepped" },
					{ "time": 0.2333, "color": "ffffffff" }
				]
			}
		},
		"drawOrder": [
			{
				"time": 0,
				"offsets": [
					{ "slot": "rm_dz_dj_maozi_0_", "offset": 52 },
					{ "slot": "rm_dz_dj_maozi_1_", "offset": 52 },
					{ "slot": "rm_dz_dj_maozi_2_", "offset": 52 },
					{ "slot": "rm_dz_dj_maozi_3_", "offset": 52 },
					{ "slot": "rm_dz_dj_maozi_4_", "offset": 52 },
					{ "slot": "rm_dz_dj_wuqi_0_", "offset": 52 },
					{ "slot": "rm_dz_dj_wuqi_1_", "offset": 52 },
					{ "slot": "rm_dz_dj_wuqi_2_", "offset": 52 },
					{ "slot": "rm_dz_dj_wuqi_3_", "offset": 52 },
					{ "slot": "rm_dz_dj_wuqi_4_", "offset": 52 },
					{ "slot": "rm_dz_gj_maozi_1_", "offset": 52 },
					{ "slot": "rm_dz_gj_maozi_2_", "offset": 52 },
					{ "slot": "rm_dz_gj_maozi_3_", "offset": 52 },
					{ "slot": "rm_dz_gj_maozi_4_", "offset": 52 },
					{ "slot": "rm_dz_gj_wuqi_1_", "offset": 52 },
					{ "slot": "rm_dz_gj_wuqi_2_", "offset": 52 },
					{ "slot": "rm_dz_gj_wuqi_3_", "offset": 52 },
					{ "slot": "rm_dz_gj_wuqi_4_", "offset": 52 }
				]
			}
		]
	}
}
}