{
"skeleton": { "hash": "d3KaZ9wInVlyTcF+oWB59RLxhMo", "spine": "2.1.27", "width": 0, "height": 0 },
"bones": [
	{ "name": "root" },
	{ "name": "siwangtexiao", "parent": "root", "x": -0.04, "y": 0.98 }
],
"slots": [
	{ "name": "heisefuzi_dj_0_", "bone": "root", "attachment": "heisefuzi_dj_0_" },
	{ "name": "heisefuzi_dj_1_", "bone": "root", "attachment": "heisefuzi_dj_1_" },
	{ "name": "heisefuzi_dj_2_", "bone": "root", "attachment": "heisefuzi_dj_2_" },
	{ "name": "heisefuzi_dj_3_", "bone": "root", "attachment": "heisefuzi_dj_3_" },
	{ "name": "heisefuzi_gj_1_", "bone": "root", "attachment": "heisefuzi_gj_1_" },
	{ "name": "heisefuzi_gj_2_", "bone": "root", "attachment": "heisefuzi_gj_2_" },
	{ "name": "heisefuzi_gj_3_", "bone": "root", "attachment": "heisefuzi_gj_3_" },
	{ "name": "heisejianjia_dj_0_", "bone": "root", "attachment": "heisejianjia_dj_0_" },
	{ "name": "heisejianjia_dj_1_", "bone": "root", "attachment": "heisejianjia_dj_1_" },
	{ "name": "heisejianjia_dj_2_", "bone": "root", "attachment": "heisejianjia_dj_2_" },
	{ "name": "heisejianjia_dj_3_", "bone": "root", "attachment": "heisejianjia_dj_3_" },
	{ "name": "heisejianjia_gj_1_", "bone": "root", "attachment": "heisejianjia_gj_1_" },
	{ "name": "heisejianjia_gj_2_", "bone": "root", "attachment": "heisejianjia_gj_2_" },
	{ "name": "heisejianjia_gj_3_", "bone": "root", "attachment": "heisejianjia_gj_3_" },
	{ "name": "heisetuijia_dj_0_", "bone": "root", "attachment": "heisetuijia_dj_0_" },
	{ "name": "heisetuijia_dj_1_", "bone": "root", "attachment": "heisetuijia_dj_1_" },
	{ "name": "heisetuijia_dj_2_", "bone": "root", "attachment": "heisetuijia_dj_2_" },
	{ "name": "heisetuijia_dj_3_", "bone": "root", "attachment": "heisetuijia_dj_3_" },
	{ "name": "heisetuijia_gj_1_", "bone": "root", "attachment": "heisetuijia_gj_1_" },
	{ "name": "heisetuijia_gj_2_", "bone": "root", "attachment": "heisetuijia_gj_2_" },
	{ "name": "heisetuijia_gj_3_", "bone": "root", "attachment": "heisetuijia_gj_3_" },
	{ "name": "heisewanjia_dj_0_", "bone": "root", "attachment": "heisewanjia_dj_0_" },
	{ "name": "heisewanjia_dj_1_", "bone": "root", "attachment": "heisewanjia_dj_1_" },
	{ "name": "heisewanjia_dj_2_", "bone": "root", "attachment": "heisewanjia_dj_2_" },
	{ "name": "heisewanjia_dj_3_", "bone": "root", "attachment": "heisewanjia_dj_3_" },
	{ "name": "heisewanjia_gj_1_", "bone": "root", "attachment": "heisewanjia_gj_1_" },
	{ "name": "heisewanjia_gj_2_", "bone": "root", "attachment": "heisewanjia_gj_2_" },
	{ "name": "heisewanjia_gj_3_", "bone": "root", "attachment": "heisewanjia_gj_3_" },
	{ "name": "huangseshenti_dj_0_", "bone": "root", "attachment": "huangseshenti_dj_0_" },
	{ "name": "huangseshenti_dj_1_", "bone": "root", "attachment": "huangseshenti_dj_1_" },
	{ "name": "huangseshenti_dj_2_", "bone": "root", "attachment": "huangseshenti_dj_2_" },
	{ "name": "huangseshenti_dj_3_", "bone": "root", "attachment": "huangseshenti_dj_3_" },
	{ "name": "huangseshenti_gj_1_", "bone": "root", "attachment": "huangseshenti_gj_1_" },
	{ "name": "huangseshenti_gj_2_", "bone": "root", "attachment": "huangseshenti_gj_2_" },
	{ "name": "huangseshenti_gj_3_", "bone": "root", "attachment": "huangseshenti_gj_3_" },
	{ "name": "root", "bone": "siwangtexiao", "attachment": "siwang_0_" }
],
"skins": {
	"default": {
		"heisefuzi_dj_0_": {
			"heisefuzi_dj_0_": { "x": 1.99, "y": 113.64, "width": 95, "height": 39 }
		},
		"heisefuzi_dj_1_": {
			"heisefuzi_dj_1_": { "x": 0.99, "y": 111.64, "width": 95, "height": 35 }
		},
		"heisefuzi_dj_2_": {
			"heisefuzi_dj_2_": { "x": 1.49, "y": 112.14, "width": 94, "height": 36 }
		},
		"heisefuzi_dj_3_": {
			"heisefuzi_dj_3_": { "x": 1.99, "y": 112.64, "width": 95, "height": 39 }
		},
		"heisefuzi_gj_1_": {
			"heisefuzi_gj_1_": { "x": 69.99, "y": 86.14, "width": 83, "height": 34 }
		},
		"heisefuzi_gj_2_": {
			"heisefuzi_gj_2_": { "x": -50.5, "y": 3.14, "width": 94, "height": 40 }
		},
		"heisefuzi_gj_3_": {
			"heisefuzi_gj_3_": { "x": 35.99, "y": 15.14, "width": 79, "height": 42 }
		},
		"heisejianjia_dj_0_": {
			"heisejianjia_dj_0_": { "x": 1.99, "y": 90.64, "width": 41, "height": 41 }
		},
		"heisejianjia_dj_1_": {
			"heisejianjia_dj_1_": { "x": 0.99, "y": 90.14, "width": 43, "height": 40 }
		},
		"heisejianjia_dj_2_": {
			"heisejianjia_dj_2_": { "x": 1.49, "y": 90.64, "width": 42, "height": 41 }
		},
		"heisejianjia_dj_3_": {
			"heisejianjia_dj_3_": { "x": 1.99, "y": 90.64, "width": 41, "height": 41 }
		},
		"heisejianjia_gj_1_": {
			"heisejianjia_gj_1_": { "x": 18.99, "y": 92.64, "width": 33, "height": 25 }
		},
		"heisejianjia_gj_2_": {
			"heisejianjia_gj_2_": { "x": -0.5, "y": 57.14, "width": 56, "height": 32 }
		},
		"heisejianjia_gj_3_": {
			"heisejianjia_gj_3_": { "x": 3.99, "y": 56.64, "width": 49, "height": 39 }
		},
		"heisetuijia_dj_0_": {
			"heisetuijia_dj_0_": { "x": -1.5, "y": 39.64, "width": 30, "height": 29 }
		},
		"heisetuijia_dj_1_": {
			"heisetuijia_dj_1_": { "x": -3, "y": 37.64, "width": 31, "height": 29 }
		},
		"heisetuijia_dj_2_": {
			"heisetuijia_dj_2_": { "x": -2.5, "y": 38.64, "width": 30, "height": 29 }
		},
		"heisetuijia_dj_3_": {
			"heisetuijia_dj_3_": { "x": -1.5, "y": 39.64, "width": 30, "height": 29 }
		},
		"heisetuijia_gj_1_": {
			"heisetuijia_gj_1_": { "x": -3, "y": 37.64, "width": 43, "height": 39 }
		},
		"heisetuijia_gj_2_": {
			"heisetuijia_gj_2_": { "x": 1.49, "y": 19.64, "width": 36, "height": 29 }
		},
		"heisetuijia_gj_3_": {
			"heisetuijia_gj_3_": { "x": 0.99, "y": 22.64, "width": 37, "height": 29 }
		},
		"heisewanjia_dj_0_": {
			"heisewanjia_dj_0_": { "x": -2.5, "y": 76.64, "width": 56, "height": 55 }
		},
		"heisewanjia_dj_1_": {
			"heisewanjia_dj_1_": { "x": -4, "y": 76.64, "width": 57, "height": 57 }
		},
		"heisewanjia_dj_2_": {
			"heisewanjia_dj_2_": { "x": -3, "y": 76.64, "width": 57, "height": 57 }
		},
		"heisewanjia_dj_3_": {
			"heisewanjia_dj_3_": { "x": -2.5, "y": 76.64, "width": 56, "height": 55 }
		},
		"heisewanjia_gj_1_": {
			"heisewanjia_gj_1_": { "x": 17.49, "y": 93.64, "width": 54, "height": 19 }
		},
		"heisewanjia_gj_2_": {
			"heisewanjia_gj_2_": { "x": 6.99, "y": 42.14, "width": 79, "height": 52 }
		},
		"heisewanjia_gj_3_": {
			"heisewanjia_gj_3_": { "x": 16.99, "y": 47.64, "width": 55, "height": 63 }
		},
		"huangseshenti_dj_0_": {
			"huangseshenti_dj_0_": { "x": -2.5, "y": 54.64, "width": 54, "height": 109 }
		},
		"huangseshenti_dj_1_": {
			"huangseshenti_dj_1_": { "x": -4, "y": 54.14, "width": 55, "height": 108 }
		},
		"huangseshenti_dj_2_": {
			"huangseshenti_dj_2_": { "x": -3, "y": 54.14, "width": 55, "height": 108 }
		},
		"huangseshenti_dj_3_": {
			"huangseshenti_dj_3_": { "x": -2.5, "y": 54.64, "width": 54, "height": 109 }
		},
		"huangseshenti_gj_1_": {
			"huangseshenti_gj_1_": { "x": 15.49, "y": 50.64, "width": 68, "height": 125 }
		},
		"huangseshenti_gj_2_": {
			"huangseshenti_gj_2_": { "x": 8.99, "y": 28.64, "width": 79, "height": 85 }
		},
		"huangseshenti_gj_3_": {
			"huangseshenti_gj_3_": { "x": 15.49, "y": 31.64, "width": 68, "height": 91 }
		},
		"root": {
			"siwang_0_": { "width": 165, "height": 156 },
			"siwang_1_": { "width": 165, "height": 156 },
			"siwang_2_": { "width": 165, "height": 156 },
			"siwang_3_": { "width": 165, "height": 156 },
			"siwang_4_": { "width": 165, "height": 156 },
			"siwang_5_": { "width": 165, "height": 156 },
			"siwang_6_": { "width": 165, "height": 156 }
		}
	}
},
"animations": {
	"dj": {
		"slots": {
			"heisefuzi_dj_0_": {
				"attachment": [
					{ "time": 0, "name": "heisefuzi_dj_0_" },
					{ "time": 0.0666, "name": null },
					{ "time": 0.2, "name": "heisefuzi_dj_0_" }
				]
			},
			"heisefuzi_dj_1_": {
				"attachment": [
					{ "time": 0, "name": null },
					{ "time": 0.0666, "name": "heisefuzi_dj_1_" },
					{ "time": 0.1333, "name": null },
					{ "time": 0.2, "name": null }
				]
			},
			"heisefuzi_dj_2_": {
				"attachment": [
					{ "time": 0, "name": null },
					{ "time": 0.1333, "name": "heisefuzi_dj_2_" },
					{ "time": 0.2, "name": null }
				]
			},
			"heisefuzi_dj_3_": {
				"attachment": [
					{ "time": 0, "name": null },
					{ "time": 0.2, "name": null }
				]
			},
			"heisefuzi_gj_1_": {
				"attachment": [
					{ "time": 0, "name": null },
					{ "time": 0.2, "name": null }
				]
			},
			"heisefuzi_gj_2_": {
				"attachment": [
					{ "time": 0, "name": null },
					{ "time": 0.2, "name": null }
				]
			},
			"heisefuzi_gj_3_": {
				"attachment": [
					{ "time": 0, "name": null },
					{ "time": 0.2, "name": null }
				]
			},
			"heisejianjia_dj_0_": {
				"attachment": [
					{ "time": 0, "name": "heisejianjia_dj_0_" },
					{ "time": 0.0666, "name": null },
					{ "time": 0.2, "name": "heisejianjia_dj_0_" }
				]
			},
			"heisejianjia_dj_1_": {
				"attachment": [
					{ "time": 0, "name": null },
					{ "time": 0.0666, "name": "heisejianjia_dj_1_" },
					{ "time": 0.1333, "name": null },
					{ "time": 0.2, "name": null }
				]
			},
			"heisejianjia_dj_2_": {
				"attachment": [
					{ "time": 0, "name": null },
					{ "time": 0.1333, "name": "heisejianjia_dj_2_" },
					{ "time": 0.2, "name": null }
				]
			},
			"heisejianjia_dj_3_": {
				"attachment": [
					{ "time": 0, "name": null },
					{ "time": 0.2, "name": null }
				]
			},
			"heisejianjia_gj_1_": {
				"attachment": [
					{ "time": 0, "name": null },
					{ "time": 0.2, "name": null }
				]
			},
			"heisejianjia_gj_2_": {
				"attachment": [
					{ "time": 0, "name": null },
					{ "time": 0.2, "name": null }
				]
			},
			"heisejianjia_gj_3_": {
				"attachment": [
					{ "time": 0, "name": null },
					{ "time": 0.2, "name": null }
				]
			},
			"heisetuijia_dj_0_": {
				"attachment": [
					{ "time": 0, "name": "heisetuijia_dj_0_" },
					{ "time": 0.0666, "name": null },
					{ "time": 0.2, "name": "heisetuijia_dj_0_" }
				]
			},
			"heisetuijia_dj_1_": {
				"attachment": [
					{ "time": 0, "name": null },
					{ "time": 0.0666, "name": "heisetuijia_dj_1_" },
					{ "time": 0.1333, "name": null },
					{ "time": 0.2, "name": null }
				]
			},
			"heisetuijia_dj_2_": {
				"attachment": [
					{ "time": 0, "name": null },
					{ "time": 0.1333, "name": "heisetuijia_dj_2_" },
					{ "time": 0.2, "name": null }
				]
			},
			"heisetuijia_dj_3_": {
				"attachment": [
					{ "time": 0, "name": null },
					{ "time": 0.2, "name": null }
				]
			},
			"heisetuijia_gj_1_": {
				"attachment": [
					{ "time": 0, "name": null },
					{ "time": 0.2, "name": null }
				]
			},
			"heisetuijia_gj_2_": {
				"attachment": [
					{ "time": 0, "name": null },
					{ "time": 0.2, "name": null }
				]
			},
			"heisetuijia_gj_3_": {
				"attachment": [
					{ "time": 0, "name": null },
					{ "time": 0.2, "name": null }
				]
			},
			"heisewanjia_dj_0_": {
				"attachment": [
					{ "time": 0, "name": "heisewanjia_dj_0_" },
					{ "time": 0.0666, "name": null },
					{ "time": 0.2, "name": "heisewanjia_dj_0_" }
				]
			},
			"heisewanjia_dj_1_": {
				"attachment": [
					{ "time": 0, "name": null },
					{ "time": 0.0666, "name": "heisewanjia_dj_1_" },
					{ "time": 0.1333, "name": null },
					{ "time": 0.2, "name": null }
				]
			},
			"heisewanjia_dj_2_": {
				"attachment": [
					{ "time": 0, "name": null },
					{ "time": 0.1333, "name": "heisewanjia_dj_2_" },
					{ "time": 0.2, "name": null }
				]
			},
			"heisewanjia_dj_3_": {
				"attachment": [
					{ "time": 0, "name": null },
					{ "time": 0.2, "name": null }
				]
			},
			"heisewanjia_gj_1_": {
				"attachment": [
					{ "time": 0, "name": null },
					{ "time": 0.2, "name": null }
				]
			},
			"heisewanjia_gj_2_": {
				"attachment": [
					{ "time": 0, "name": null },
					{ "time": 0.2, "name": null }
				]
			},
			"heisewanjia_gj_3_": {
				"attachment": [
					{ "time": 0, "name": null },
					{ "time": 0.2, "name": null }
				]
			},
			"huangseshenti_dj_0_": {
				"attachment": [
					{ "time": 0, "name": "huangseshenti_dj_0_" },
					{ "time": 0.0666, "name": null },
					{ "time": 0.2, "name": "huangseshenti_dj_0_" }
				]
			},
			"huangseshenti_dj_1_": {
				"attachment": [
					{ "time": 0, "name": null },
					{ "time": 0.0666, "name": "huangseshenti_dj_1_" },
					{ "time": 0.1333, "name": null },
					{ "time": 0.2, "name": null }
				]
			},
			"huangseshenti_dj_2_": {
				"attachment": [
					{ "time": 0, "name": null },
					{ "time": 0.1333, "name": "huangseshenti_dj_2_" },
					{ "time": 0.2, "name": null }
				]
			},
			"huangseshenti_dj_3_": {
				"attachment": [
					{ "time": 0, "name": null },
					{ "time": 0.2, "name": null }
				]
			},
			"huangseshenti_gj_1_": {
				"attachment": [
					{ "time": 0, "name": null },
					{ "time": 0.2, "name": null }
				]
			},
			"huangseshenti_gj_2_": {
				"attachment": [
					{ "time": 0, "name": null },
					{ "time": 0.2, "name": null }
				]
			},
			"huangseshenti_gj_3_": {
				"attachment": [
					{ "time": 0, "name": null },
					{ "time": 0.2, "name": null }
				]
			},
			"root": {
				"attachment": [
					{ "time": 0, "name": null }
				]
			}
		},
		"drawOrder": [
			{
				"time": 0,
				"offsets": [
					{ "slot": "heisefuzi_dj_0_", "offset": 28 },
					{ "slot": "heisefuzi_dj_1_", "offset": 28 },
					{ "slot": "heisefuzi_dj_2_", "offset": 28 },
					{ "slot": "heisefuzi_dj_3_", "offset": 28 },
					{ "slot": "heisefuzi_gj_1_", "offset": 28 },
					{ "slot": "heisefuzi_gj_2_", "offset": 28 },
					{ "slot": "heisefuzi_gj_3_", "offset": 28 },
					{ "slot": "heisejianjia_dj_0_", "offset": 7 },
					{ "slot": "heisejianjia_dj_1_", "offset": 7 },
					{ "slot": "heisejianjia_dj_2_", "offset": 7 },
					{ "slot": "heisejianjia_dj_3_", "offset": 7 },
					{ "slot": "heisejianjia_gj_1_", "offset": 7 },
					{ "slot": "heisejianjia_gj_2_", "offset": 7 },
					{ "slot": "heisejianjia_gj_3_", "offset": 7 },
					{ "slot": "heisewanjia_dj_0_", "offset": 0 },
					{ "slot": "heisewanjia_dj_1_", "offset": 0 },
					{ "slot": "heisewanjia_dj_2_", "offset": 0 },
					{ "slot": "heisewanjia_dj_3_", "offset": 0 },
					{ "slot": "heisewanjia_gj_1_", "offset": 0 },
					{ "slot": "heisewanjia_gj_2_", "offset": 0 },
					{ "slot": "heisewanjia_gj_3_", "offset": 0 }
				]
			},
			{
				"time": 0.2,
				"offsets": [
					{ "slot": "heisefuzi_dj_0_", "offset": 29 },
					{ "slot": "heisefuzi_dj_1_", "offset": 29 },
					{ "slot": "heisefuzi_dj_2_", "offset": 29 },
					{ "slot": "heisefuzi_dj_3_", "offset": 29 },
					{ "slot": "heisefuzi_gj_1_", "offset": 29 },
					{ "slot": "heisefuzi_gj_2_", "offset": 29 },
					{ "slot": "heisejianjia_dj_0_", "offset": 8 },
					{ "slot": "heisejianjia_dj_1_", "offset": 8 },
					{ "slot": "heisejianjia_dj_2_", "offset": 8 },
					{ "slot": "heisejianjia_dj_3_", "offset": 8 },
					{ "slot": "heisejianjia_gj_1_", "offset": 8 },
					{ "slot": "heisejianjia_gj_2_", "offset": 8 },
					{ "slot": "heisejianjia_gj_3_", "offset": 8 },
					{ "slot": "heisewanjia_dj_0_", "offset": 1 },
					{ "slot": "heisewanjia_dj_1_", "offset": 1 },
					{ "slot": "heisewanjia_dj_2_", "offset": 1 },
					{ "slot": "heisewanjia_dj_3_", "offset": 1 },
					{ "slot": "heisewanjia_gj_1_", "offset": 1 },
					{ "slot": "heisewanjia_gj_2_", "offset": 1 },
					{ "slot": "heisewanjia_gj_3_", "offset": 1 }
				]
			}
		]
	},
	"gj": {
		"slots": {
			"heisefuzi_dj_0_": {
				"attachment": [
					{ "time": 0, "name": "heisefuzi_dj_0_" },
					{ "time": 0.0333, "name": null },
					{ "time": 0.0666, "name": null },
					{ "time": 0.2, "name": "heisefuzi_dj_0_" }
				]
			},
			"heisefuzi_dj_1_": {
				"attachment": [
					{ "time": 0, "name": null },
					{ "time": 0.2, "name": null }
				]
			},
			"heisefuzi_dj_2_": {
				"attachment": [
					{ "time": 0, "name": null },
					{ "time": 0.2, "name": null }
				]
			},
			"heisefuzi_dj_3_": {
				"attachment": [
					{ "time": 0, "name": null },
					{ "time": 0.2, "name": null }
				]
			},
			"heisefuzi_gj_1_": {
				"attachment": [
					{ "time": 0, "name": null },
					{ "time": 0.0333, "name": "heisefuzi_gj_1_" },
					{ "time": 0.0666, "name": "heisefuzi_gj_1_" },
					{ "time": 0.1, "name": null },
					{ "time": 0.2, "name": null }
				]
			},
			"heisefuzi_gj_2_": {
				"attachment": [
					{ "time": 0, "name": null },
					{ "time": 0.1, "name": "heisefuzi_gj_2_" },
					{ "time": 0.1333, "name": null },
					{ "time": 0.1666, "name": null },
					{ "time": 0.2, "name": null }
				]
			},
			"heisefuzi_gj_3_": {
				"attachment": [
					{ "time": 0, "name": null },
					{ "time": 0.1333, "name": "heisefuzi_gj_3_" },
					{ "time": 0.1666, "name": "heisefuzi_gj_3_" },
					{ "time": 0.2, "name": null }
				]
			},
			"heisejianjia_dj_0_": {
				"attachment": [
					{ "time": 0, "name": "heisejianjia_dj_0_" },
					{ "time": 0.0333, "name": null },
					{ "time": 0.0666, "name": null },
					{ "time": 0.2, "name": "heisejianjia_dj_0_" }
				]
			},
			"heisejianjia_dj_1_": {
				"attachment": [
					{ "time": 0, "name": null },
					{ "time": 0.2, "name": null }
				]
			},
			"heisejianjia_dj_2_": {
				"attachment": [
					{ "time": 0, "name": null },
					{ "time": 0.2, "name": null }
				]
			},
			"heisejianjia_dj_3_": {
				"attachment": [
					{ "time": 0, "name": null },
					{ "time": 0.2, "name": null }
				]
			},
			"heisejianjia_gj_1_": {
				"attachment": [
					{ "time": 0, "name": null },
					{ "time": 0.0333, "name": "heisejianjia_gj_1_" },
					{ "time": 0.0666, "name": "heisejianjia_gj_1_" },
					{ "time": 0.1, "name": null },
					{ "time": 0.2, "name": null }
				]
			},
			"heisejianjia_gj_2_": {
				"attachment": [
					{ "time": 0, "name": null },
					{ "time": 0.1, "name": "heisejianjia_gj_2_" },
					{ "time": 0.1333, "name": null },
					{ "time": 0.1666, "name": null },
					{ "time": 0.2, "name": null }
				]
			},
			"heisejianjia_gj_3_": {
				"attachment": [
					{ "time": 0, "name": null },
					{ "time": 0.1333, "name": "heisejianjia_gj_3_" },
					{ "time": 0.1666, "name": "heisejianjia_gj_3_" },
					{ "time": 0.2, "name": null }
				]
			},
			"heisetuijia_dj_0_": {
				"attachment": [
					{ "time": 0, "name": "heisetuijia_dj_0_" },
					{ "time": 0.0333, "name": null },
					{ "time": 0.0666, "name": null },
					{ "time": 0.2, "name": "heisetuijia_dj_0_" }
				]
			},
			"heisetuijia_dj_1_": {
				"attachment": [
					{ "time": 0, "name": null },
					{ "time": 0.2, "name": null }
				]
			},
			"heisetuijia_dj_2_": {
				"attachment": [
					{ "time": 0, "name": null },
					{ "time": 0.2, "name": null }
				]
			},
			"heisetuijia_dj_3_": {
				"attachment": [
					{ "time": 0, "name": null },
					{ "time": 0.2, "name": null }
				]
			},
			"heisetuijia_gj_1_": {
				"attachment": [
					{ "time": 0, "name": null },
					{ "time": 0.0333, "name": "heisetuijia_gj_1_" },
					{ "time": 0.0666, "name": "heisetuijia_gj_1_" },
					{ "time": 0.1, "name": null },
					{ "time": 0.2, "name": null }
				]
			},
			"heisetuijia_gj_2_": {
				"attachment": [
					{ "time": 0, "name": null },
					{ "time": 0.1, "name": "heisetuijia_gj_2_" },
					{ "time": 0.1333, "name": null },
					{ "time": 0.1666, "name": null },
					{ "time": 0.2, "name": null }
				]
			},
			"heisetuijia_gj_3_": {
				"attachment": [
					{ "time": 0, "name": null },
					{ "time": 0.1333, "name": "heisetuijia_gj_3_" },
					{ "time": 0.1666, "name": "heisetuijia_gj_3_" },
					{ "time": 0.2, "name": null }
				]
			},
			"heisewanjia_dj_0_": {
				"attachment": [
					{ "time": 0, "name": "heisewanjia_dj_0_" },
					{ "time": 0.0333, "name": null },
					{ "time": 0.0666, "name": null },
					{ "time": 0.2, "name": "heisewanjia_dj_0_" }
				]
			},
			"heisewanjia_dj_1_": {
				"attachment": [
					{ "time": 0, "name": null },
					{ "time": 0.2, "name": null }
				]
			},
			"heisewanjia_dj_2_": {
				"attachment": [
					{ "time": 0, "name": null },
					{ "time": 0.2, "name": null }
				]
			},
			"heisewanjia_dj_3_": {
				"attachment": [
					{ "time": 0, "name": null },
					{ "time": 0.2, "name": null }
				]
			},
			"heisewanjia_gj_1_": {
				"attachment": [
					{ "time": 0, "name": null },
					{ "time": 0.0333, "name": "heisewanjia_gj_1_" },
					{ "time": 0.0666, "name": "heisewanjia_gj_1_" },
					{ "time": 0.1, "name": null },
					{ "time": 0.2, "name": null }
				]
			},
			"heisewanjia_gj_2_": {
				"attachment": [
					{ "time": 0, "name": null },
					{ "time": 0.1, "name": "heisewanjia_gj_2_" },
					{ "time": 0.1333, "name": null },
					{ "time": 0.1666, "name": null },
					{ "time": 0.2, "name": null }
				]
			},
			"heisewanjia_gj_3_": {
				"attachment": [
					{ "time": 0, "name": null },
					{ "time": 0.1333, "name": "heisewanjia_gj_3_" },
					{ "time": 0.1666, "name": "heisewanjia_gj_3_" },
					{ "time": 0.2, "name": null }
				]
			},
			"huangseshenti_dj_0_": {
				"attachment": [
					{ "time": 0, "name": "huangseshenti_dj_0_" },
					{ "time": 0.0333, "name": null },
					{ "time": 0.0666, "name": null },
					{ "time": 0.2, "name": "huangseshenti_dj_0_" }
				]
			},
			"huangseshenti_dj_1_": {
				"attachment": [
					{ "time": 0, "name": null },
					{ "time": 0.2, "name": null }
				]
			},
			"huangseshenti_dj_2_": {
				"attachment": [
					{ "time": 0, "name": null },
					{ "time": 0.2, "name": null }
				]
			},
			"huangseshenti_dj_3_": {
				"attachment": [
					{ "time": 0, "name": null },
					{ "time": 0.2, "name": null }
				]
			},
			"huangseshenti_gj_1_": {
				"attachment": [
					{ "time": 0, "name": null },
					{ "time": 0.0333, "name": "huangseshenti_gj_1_" },
					{ "time": 0.0666, "name": "huangseshenti_gj_1_" },
					{ "time": 0.1, "name": null },
					{ "time": 0.2, "name": null }
				]
			},
			"huangseshenti_gj_2_": {
				"attachment": [
					{ "time": 0, "name": null },
					{ "time": 0.1, "name": "huangseshenti_gj_2_" },
					{ "time": 0.1333, "name": null },
					{ "time": 0.1666, "name": null },
					{ "time": 0.2, "name": null }
				]
			},
			"huangseshenti_gj_3_": {
				"attachment": [
					{ "time": 0, "name": null },
					{ "time": 0.1333, "name": "huangseshenti_gj_3_" },
					{ "time": 0.1666, "name": "huangseshenti_gj_3_" },
					{ "time": 0.2, "name": null }
				]
			},
			"root": {
				"attachment": [
					{ "time": 0, "name": null }
				]
			}
		},
		"drawOrder": [
			{
				"time": 0,
				"offsets": [
					{ "slot": "heisefuzi_dj_0_", "offset": 21 },
					{ "slot": "heisefuzi_dj_1_", "offset": 21 },
					{ "slot": "heisefuzi_dj_2_", "offset": 21 },
					{ "slot": "heisefuzi_dj_3_", "offset": 21 },
					{ "slot": "heisefuzi_gj_1_", "offset": 21 },
					{ "slot": "heisefuzi_gj_2_", "offset": 21 },
					{ "slot": "heisefuzi_gj_3_", "offset": 21 },
					{ "slot": "heisetuijia_dj_0_", "offset": 14 },
					{ "slot": "heisetuijia_dj_1_", "offset": 14 },
					{ "slot": "heisetuijia_dj_2_", "offset": 14 },
					{ "slot": "heisetuijia_dj_3_", "offset": 14 },
					{ "slot": "heisetuijia_gj_1_", "offset": 14 },
					{ "slot": "heisetuijia_gj_2_", "offset": 14 },
					{ "slot": "heisetuijia_gj_3_", "offset": 14 },
					{ "slot": "huangseshenti_dj_0_", "offset": -28 },
					{ "slot": "huangseshenti_dj_1_", "offset": -28 },
					{ "slot": "huangseshenti_dj_2_", "offset": -28 },
					{ "slot": "huangseshenti_dj_3_", "offset": -28 },
					{ "slot": "huangseshenti_gj_1_", "offset": -28 },
					{ "slot": "huangseshenti_gj_2_", "offset": -28 },
					{ "slot": "huangseshenti_gj_3_", "offset": -28 }
				]
			},
			{
				"time": 0.2,
				"offsets": [
					{ "slot": "heisefuzi_dj_0_", "offset": 21 },
					{ "slot": "heisefuzi_dj_1_", "offset": 21 },
					{ "slot": "heisefuzi_dj_2_", "offset": 21 },
					{ "slot": "heisefuzi_dj_3_", "offset": 21 },
					{ "slot": "heisefuzi_gj_1_", "offset": 21 },
					{ "slot": "heisefuzi_gj_2_", "offset": 21 },
					{ "slot": "heisefuzi_gj_3_", "offset": 21 },
					{ "slot": "heisetuijia_dj_0_", "offset": 14 },
					{ "slot": "heisetuijia_dj_1_", "offset": 14 },
					{ "slot": "heisetuijia_dj_2_", "offset": 14 },
					{ "slot": "heisetuijia_dj_3_", "offset": 14 },
					{ "slot": "heisetuijia_gj_1_", "offset": 14 },
					{ "slot": "heisetuijia_gj_2_", "offset": 14 },
					{ "slot": "heisetuijia_gj_3_", "offset": 14 },
					{ "slot": "huangseshenti_dj_0_", "offset": -28 },
					{ "slot": "huangseshenti_dj_1_", "offset": -28 },
					{ "slot": "huangseshenti_dj_2_", "offset": -28 },
					{ "slot": "huangseshenti_dj_3_", "offset": -28 },
					{ "slot": "huangseshenti_gj_1_", "offset": -28 },
					{ "slot": "huangseshenti_gj_2_", "offset": -28 },
					{ "slot": "huangseshenti_gj_3_", "offset": -28 }
				]
			}
		]
	},
	"sw": {
		"slots": {
			"heisefuzi_dj_0_": {
				"attachment": [
					{ "time": 0, "name": "heisefuzi_dj_0_" }
				],
				"color": [
					{ "time": 0, "color": "ffffffff" },
					{ "time": 0.2, "color": "ffffff00" }
				]
			},
			"heisefuzi_dj_1_": {
				"attachment": [
					{ "time": 0, "name": null }
				],
				"color": [
					{ "time": 0, "color": "ffffffff" },
					{ "time": 0.2, "color": "ffffff00" }
				]
			},
			"heisefuzi_dj_2_": {
				"attachment": [
					{ "time": 0, "name": null }
				],
				"color": [
					{ "time": 0, "color": "ffffffff" },
					{ "time": 0.2, "color": "ffffff00" }
				]
			},
			"heisefuzi_dj_3_": {
				"attachment": [
					{ "time": 0, "name": null }
				],
				"color": [
					{ "time": 0, "color": "ffffffff" },
					{ "time": 0.2, "color": "ffffff00" }
				]
			},
			"heisefuzi_gj_1_": {
				"attachment": [
					{ "time": 0, "name": null }
				],
				"color": [
					{ "time": 0, "color": "ffffffff" },
					{ "time": 0.2, "color": "ffffff00" }
				]
			},
			"heisefuzi_gj_2_": {
				"attachment": [
					{ "time": 0, "name": null }
				],
				"color": [
					{ "time": 0, "color": "ffffffff" },
					{ "time": 0.2, "color": "ffffff00" }
				]
			},
			"heisefuzi_gj_3_": {
				"attachment": [
					{ "time": 0, "name": null }
				],
				"color": [
					{ "time": 0, "color": "ffffffff" },
					{ "time": 0.2, "color": "ffffff00" }
				]
			},
			"heisejianjia_dj_0_": {
				"attachment": [
					{ "time": 0, "name": "heisejianjia_dj_0_" }
				],
				"color": [
					{ "time": 0, "color": "ffffffff" },
					{ "time": 0.2, "color": "ffffff00" }
				]
			},
			"heisejianjia_dj_1_": {
				"attachment": [
					{ "time": 0, "name": null }
				],
				"color": [
					{ "time": 0, "color": "ffffffff" },
					{ "time": 0.2, "color": "ffffff00" }
				]
			},
			"heisejianjia_dj_2_": {
				"attachment": [
					{ "time": 0, "name": null }
				],
				"color": [
					{ "time": 0, "color": "ffffffff" },
					{ "time": 0.2, "color": "ffffff00" }
				]
			},
			"heisejianjia_dj_3_": {
				"attachment": [
					{ "time": 0, "name": null }
				],
				"color": [
					{ "time": 0, "color": "ffffffff" },
					{ "time": 0.2, "color": "ffffff00" }
				]
			},
			"heisejianjia_gj_1_": {
				"attachment": [
					{ "time": 0, "name": null }
				],
				"color": [
					{ "time": 0, "color": "ffffffff" },
					{ "time": 0.2, "color": "ffffff00" }
				]
			},
			"heisejianjia_gj_2_": {
				"attachment": [
					{ "time": 0, "name": null }
				],
				"color": [
					{ "time": 0, "color": "ffffffff" },
					{ "time": 0.2, "color": "ffffff00" }
				]
			},
			"heisejianjia_gj_3_": {
				"attachment": [
					{ "time": 0, "name": null }
				],
				"color": [
					{ "time": 0, "color": "ffffffff" },
					{ "time": 0.2, "color": "ffffff00" }
				]
			},
			"heisetuijia_dj_0_": {
				"attachment": [
					{ "time": 0, "name": "heisetuijia_dj_0_" }
				],
				"color": [
					{ "time": 0, "color": "ffffffff" },
					{ "time": 0.2, "color": "ffffff00" }
				]
			},
			"heisetuijia_dj_1_": {
				"attachment": [
					{ "time": 0, "name": null }
				],
				"color": [
					{ "time": 0, "color": "ffffffff" },
					{ "time": 0.2, "color": "ffffff00" }
				]
			},
			"heisetuijia_dj_2_": {
				"attachment": [
					{ "time": 0, "name": null }
				],
				"color": [
					{ "time": 0, "color": "ffffffff" },
					{ "time": 0.2, "color": "ffffff00" }
				]
			},
			"heisetuijia_dj_3_": {
				"attachment": [
					{ "time": 0, "name": null }
				],
				"color": [
					{ "time": 0, "color": "ffffffff" },
					{ "time": 0.2, "color": "ffffff00" }
				]
			},
			"heisetuijia_gj_1_": {
				"attachment": [
					{ "time": 0, "name": null }
				],
				"color": [
					{ "time": 0, "color": "ffffffff" },
					{ "time": 0.2, "color": "ffffff00" }
				]
			},
			"heisetuijia_gj_2_": {
				"attachment": [
					{ "time": 0, "name": null }
				],
				"color": [
					{ "time": 0, "color": "ffffffff" },
					{ "time": 0.2, "color": "ffffff00" }
				]
			},
			"heisetuijia_gj_3_": {
				"attachment": [
					{ "time": 0, "name": null }
				],
				"color": [
					{ "time": 0, "color": "ffffffff" },
					{ "time": 0.2, "color": "ffffff00" }
				]
			},
			"heisewanjia_dj_0_": {
				"attachment": [
					{ "time": 0, "name": "heisewanjia_dj_0_" }
				],
				"color": [
					{ "time": 0, "color": "ffffffff" },
					{ "time": 0.2, "color": "ffffff00" }
				]
			},
			"heisewanjia_dj_1_": {
				"attachment": [
					{ "time": 0, "name": null }
				],
				"color": [
					{ "time": 0, "color": "ffffffff" },
					{ "time": 0.2, "color": "ffffff00" }
				]
			},
			"heisewanjia_dj_2_": {
				"attachment": [
					{ "time": 0, "name": null }
				],
				"color": [
					{ "time": 0, "color": "ffffffff" },
					{ "time": 0.2, "color": "ffffff00" }
				]
			},
			"heisewanjia_dj_3_": {
				"attachment": [
					{ "time": 0, "name": null }
				],
				"color": [
					{ "time": 0, "color": "ffffffff" },
					{ "time": 0.2, "color": "ffffff00" }
				]
			},
			"heisewanjia_gj_1_": {
				"attachment": [
					{ "time": 0, "name": null }
				],
				"color": [
					{ "time": 0, "color": "ffffffff" },
					{ "time": 0.2, "color": "ffffff00" }
				]
			},
			"heisewanjia_gj_2_": {
				"attachment": [
					{ "time": 0, "name": null }
				],
				"color": [
					{ "time": 0, "color": "ffffffff" },
					{ "time": 0.2, "color": "ffffff00" }
				]
			},
			"heisewanjia_gj_3_": {
				"attachment": [
					{ "time": 0, "name": null }
				],
				"color": [
					{ "time": 0, "color": "ffffffff" },
					{ "time": 0.2, "color": "ffffff00" }
				]
			},
			"huangseshenti_dj_0_": {
				"attachment": [
					{ "time": 0, "name": "huangseshenti_dj_0_" }
				],
				"color": [
					{ "time": 0, "color": "ffffffff" },
					{ "time": 0.2, "color": "ffffff00" }
				]
			},
			"huangseshenti_dj_1_": {
				"attachment": [
					{ "time": 0, "name": null }
				],
				"color": [
					{ "time": 0, "color": "ffffffff" },
					{ "time": 0.2, "color": "ffffff00" }
				]
			},
			"huangseshenti_dj_2_": {
				"attachment": [
					{ "time": 0, "name": null }
				],
				"color": [
					{ "time": 0, "color": "ffffffff" },
					{ "time": 0.2, "color": "ffffff00" }
				]
			},
			"huangseshenti_dj_3_": {
				"attachment": [
					{ "time": 0, "name": null }
				],
				"color": [
					{ "time": 0, "color": "ffffffff" },
					{ "time": 0.2, "color": "ffffff00" }
				]
			},
			"huangseshenti_gj_1_": {
				"attachment": [
					{ "time": 0, "name": null }
				],
				"color": [
					{ "time": 0, "color": "ffffffff" },
					{ "time": 0.2, "color": "ffffff00" }
				]
			},
			"huangseshenti_gj_2_": {
				"attachment": [
					{ "time": 0, "name": null }
				],
				"color": [
					{ "time": 0, "color": "ffffffff" },
					{ "time": 0.2, "color": "ffffff00" }
				]
			},
			"huangseshenti_gj_3_": {
				"attachment": [
					{ "time": 0, "name": null }
				],
				"color": [
					{ "time": 0, "color": "ffffffff" },
					{ "time": 0.2, "color": "ffffff00" }
				]
			},
			"root": {
				"attachment": [
					{ "time": 0.0666, "name": "siwang_1_" },
					{ "time": 0.1, "name": "siwang_2_" },
					{ "time": 0.1333, "name": "siwang_3_" },
					{ "time": 0.1666, "name": "siwang_4_" },
					{ "time": 0.2, "name": "siwang_5_" },
					{ "time": 0.2333, "name": "siwang_6_" }
				],
				"color": [
					{ "time": 0, "color": "ffffff00" },
					{ "time": 0.0333, "color": "ffffffff" }
				]
			}
		},
		"bones": {
			"siwangtexiao": {
				"translate": [
					{ "time": 0, "x": 0, "y": 46.39, "curve": "stepped" },
					{ "time": 0.2333, "x": 0, "y": 46.39 }
				]
			}
		},
		"drawOrder": [
			{
				"time": 0,
				"offsets": [
					{ "slot": "heisefuzi_dj_0_", "offset": 21 },
					{ "slot": "heisefuzi_dj_1_", "offset": 21 },
					{ "slot": "heisefuzi_dj_2_", "offset": 21 },
					{ "slot": "heisefuzi_dj_3_", "offset": 21 },
					{ "slot": "heisefuzi_gj_1_", "offset": 21 },
					{ "slot": "heisefuzi_gj_2_", "offset": 21 },
					{ "slot": "heisefuzi_gj_3_", "offset": 21 },
					{ "slot": "heisetuijia_dj_0_", "offset": 14 },
					{ "slot": "heisetuijia_dj_1_", "offset": 14 },
					{ "slot": "heisetuijia_dj_2_", "offset": 14 },
					{ "slot": "heisetuijia_dj_3_", "offset": 14 },
					{ "slot": "heisetuijia_gj_1_", "offset": 14 },
					{ "slot": "heisetuijia_gj_2_", "offset": 14 },
					{ "slot": "heisetuijia_gj_3_", "offset": 14 },
					{ "slot": "huangseshenti_dj_0_", "offset": -28 },
					{ "slot": "huangseshenti_dj_1_", "offset": -28 },
					{ "slot": "huangseshenti_dj_2_", "offset": -28 },
					{ "slot": "huangseshenti_dj_3_", "offset": -28 },
					{ "slot": "huangseshenti_gj_1_", "offset": -28 },
					{ "slot": "huangseshenti_gj_2_", "offset": -28 },
					{ "slot": "huangseshenti_gj_3_", "offset": -28 }
				]
			}
		]
	}
}
}