{
"skeleton": { "hash": "yEbMXv65q0OFNhC5oyxCTYUaxoQ", "spine": "2.1.27", "width": 237.99, "height": 288.65 },
"bones": [
	{ "name": "root" },
	{ "name": "dj", "parent": "root", "length": 45.84, "x": 3.03, "y": -5.91, "rotation": 86.39 },
	{ "name": "gj", "parent": "root", "length": 42.67, "x": -0.04, "y": -1.29, "rotation": 88.64 },
	{ "name": "siwangtexiao", "parent": "root", "x": -1.16, "y": -2.68 }
],
"slots": [
	{ "name": "Lion_dj_0_0_1_", "bone": "dj", "attachment": "Lion_dj_0_0_1_" },
	{ "name": "Lion_dj_0_0_2_", "bone": "dj", "attachment": "Lion_dj_0_0_2_" },
	{ "name": "Lion_dj_0_0_3_", "bone": "dj", "attachment": "Lion_dj_0_0_3_" },
	{ "name": "Lion_dj_0_0_4_", "bone": "dj", "attachment": "Lion_dj_0_0_4_" },
	{ "name": "Lion_dj_0_0_5_", "bone": "dj", "attachment": "Lion_dj_0_0_5_" },
	{ "name": "Lion_dj_0_1_1_", "bone": "dj", "attachment": "Lion_dj_0_1_1_" },
	{ "name": "Lion_dj_0_1_2_", "bone": "dj", "attachment": "Lion_dj_0_1_2_" },
	{ "name": "Lion_dj_0_1_3_", "bone": "dj", "attachment": "Lion_dj_0_1_3_" },
	{ "name": "Lion_dj_0_1_4_", "bone": "dj", "attachment": "Lion_dj_0_1_4_" },
	{ "name": "Lion_dj_0_1_5_", "bone": "dj", "attachment": "Lion_dj_0_1_5_" },
	{ "name": "Lion_dj_0_2_1_", "bone": "dj", "attachment": "Lion_dj_0_2_1_" },
	{ "name": "Lion_dj_0_2_2_", "bone": "dj", "attachment": "Lion_dj_0_2_2_" },
	{ "name": "Lion_dj_0_2_3_", "bone": "dj", "attachment": "Lion_dj_0_2_3_" },
	{ "name": "Lion_dj_0_2_4_", "bone": "dj", "attachment": "Lion_dj_0_2_4_" },
	{ "name": "Lion_dj_0_2_5_", "bone": "dj", "attachment": "Lion_dj_0_2_5_" },
	{ "name": "Lion_dj_0_3_1_", "bone": "dj", "attachment": "Lion_dj_0_3_1_" },
	{ "name": "Lion_dj_0_3_2_", "bone": "dj", "attachment": "Lion_dj_0_3_2_" },
	{ "name": "Lion_dj_0_3_3_", "bone": "dj", "attachment": "Lion_dj_0_3_3_" },
	{ "name": "Lion_dj_0_3_4_", "bone": "dj", "attachment": "Lion_dj_0_3_4_" },
	{ "name": "Lion_dj_0_4_1_", "bone": "dj", "attachment": "Lion_dj_0_4_1_" },
	{ "name": "Lion_dj_0_4_2_", "bone": "dj", "attachment": "Lion_dj_0_4_2_" },
	{ "name": "Lion_dj_0_4_3_", "bone": "dj", "attachment": "Lion_dj_0_4_3_" },
	{ "name": "Lion_dj_0_4_4_", "bone": "dj", "attachment": "Lion_dj_0_4_4_" },
	{ "name": "Lion_dj_0_5_1_", "bone": "dj", "attachment": "Lion_dj_0_5_1_" },
	{ "name": "Lion_dj_0_5_2_", "bone": "dj", "attachment": "Lion_dj_0_5_2_" },
	{ "name": "Lion_dj_0_5_3_", "bone": "dj", "attachment": "Lion_dj_0_5_3_" },
	{ "name": "Lion_dj_0_5_4_", "bone": "dj", "attachment": "Lion_dj_0_5_4_" },
	{ "name": "Lion_dj_0_5_5_", "bone": "dj", "attachment": "Lion_dj_0_5_5_" },
	{ "name": "Lion_dj_0_6_1_", "bone": "dj", "attachment": "Lion_dj_0_6_1_" },
	{ "name": "Lion_dj_0_6_2_", "bone": "dj", "attachment": "Lion_dj_0_6_2_" },
	{ "name": "Lion_dj_0_6_3_", "bone": "dj", "attachment": "Lion_dj_0_6_3_" },
	{ "name": "Lion_dj_0_6_4_", "bone": "dj", "attachment": "Lion_dj_0_6_4_" },
	{ "name": "Lion_dj_0_6_5_", "bone": "dj", "attachment": "Lion_dj_0_6_5_" },
	{ "name": "Lion_dj_0_7_1_", "bone": "dj", "attachment": "Lion_dj_0_7_1_" },
	{ "name": "Lion_dj_0_7_2_", "bone": "dj", "attachment": "Lion_dj_0_7_2_" },
	{ "name": "Lion_dj_0_7_3_", "bone": "dj", "attachment": "Lion_dj_0_7_3_" },
	{ "name": "Lion_dj_0_7_4_", "bone": "dj", "attachment": "Lion_dj_0_7_4_" },
	{ "name": "Lion_dj_0_7_5_", "bone": "dj", "attachment": "Lion_dj_0_7_5_" },
	{ "name": "Lion_gj_0_0_1_", "bone": "gj", "attachment": "Lion_gj_0_0_1_" },
	{ "name": "Lion_gj_0_0_2_", "bone": "gj", "attachment": "Lion_gj_0_0_2_" },
	{ "name": "Lion_gj_0_0_3_", "bone": "gj", "attachment": "Lion_gj_0_0_3_" },
	{ "name": "Lion_gj_0_0_4_", "bone": "gj", "attachment": "Lion_gj_0_0_4_" },
	{ "name": "Lion_gj_0_1_1_", "bone": "gj", "attachment": "Lion_gj_0_1_1_" },
	{ "name": "Lion_gj_0_1_2_", "bone": "gj", "attachment": "Lion_gj_0_1_2_" },
	{ "name": "Lion_gj_0_1_3_", "bone": "gj", "attachment": "Lion_gj_0_1_3_" },
	{ "name": "Lion_gj_0_1_4_", "bone": "gj", "attachment": "Lion_gj_0_1_4_" },
	{ "name": "Lion_gj_0_1_5_", "bone": "gj", "attachment": "Lion_gj_0_1_5_" },
	{ "name": "Lion_gj_0_2_1_", "bone": "gj", "attachment": "Lion_gj_0_2_1_" },
	{ "name": "Lion_gj_0_2_2_", "bone": "gj", "attachment": "Lion_gj_0_2_2_" },
	{ "name": "Lion_gj_0_2_3_", "bone": "gj", "attachment": "Lion_gj_0_2_3_" },
	{ "name": "Lion_gj_0_2_4_", "bone": "gj", "attachment": "Lion_gj_0_2_4_" },
	{ "name": "Lion_gj_0_3_1_", "bone": "gj", "attachment": "Lion_gj_0_3_1_" },
	{ "name": "Lion_gj_0_3_2_", "bone": "gj", "attachment": "Lion_gj_0_3_2_" },
	{ "name": "Lion_gj_0_3_3_", "bone": "gj", "attachment": "Lion_gj_0_3_3_" },
	{ "name": "Lion_gj_0_3_4_", "bone": "gj", "attachment": "Lion_gj_0_3_4_" },
	{ "name": "Lion_gj_0_3_5_", "bone": "gj", "attachment": "Lion_gj_0_3_5_" },
	{ "name": "Lion_gj_0_4_1_", "bone": "gj", "attachment": "Lion_gj_0_4_1_" },
	{ "name": "Lion_gj_0_4_2_", "bone": "gj", "attachment": "Lion_gj_0_4_2_" },
	{ "name": "Lion_gj_0_4_3_", "bone": "gj", "attachment": "Lion_gj_0_4_3_" },
	{ "name": "Lion_gj_0_4_4_", "bone": "gj", "attachment": "Lion_gj_0_4_4_" },
	{ "name": "Lion_gj_0_4_5_", "bone": "gj", "attachment": "Lion_gj_0_4_5_" },
	{ "name": "Lion_gj_0_5_1_", "bone": "gj", "attachment": "Lion_gj_0_5_1_" },
	{ "name": "Lion_gj_0_5_2_", "bone": "gj", "attachment": "Lion_gj_0_5_2_" },
	{ "name": "Lion_gj_0_5_3_", "bone": "gj", "attachment": "Lion_gj_0_5_3_" },
	{ "name": "Lion_gj_0_5_4_", "bone": "gj", "attachment": "Lion_gj_0_5_4_" },
	{ "name": "Lion_gj_0_5_5_", "bone": "gj", "attachment": "Lion_gj_0_5_5_" },
	{ "name": "Lion_gj_0_6_1_", "bone": "gj", "attachment": "Lion_gj_0_6_1_" },
	{ "name": "Lion_gj_0_6_2_", "bone": "gj", "attachment": "Lion_gj_0_6_2_" },
	{ "name": "Lion_gj_0_6_3_", "bone": "gj", "attachment": "Lion_gj_0_6_3_" },
	{ "name": "Lion_gj_0_6_4_", "bone": "gj", "attachment": "Lion_gj_0_6_4_" },
	{ "name": "Lion_gj_0_6_5_", "bone": "gj", "attachment": "Lion_gj_0_6_5_" },
	{ "name": "Lion_gj_0_6_6_", "bone": "gj", "attachment": "Lion_gj_0_6_6_" },
	{ "name": "Lion_gj_0_6_7_", "bone": "gj", "attachment": "Lion_gj_0_6_7_" },
	{ "name": "Lion_gj_0_6_8_", "bone": "gj", "attachment": "Lion_gj_0_6_8_" },
	{ "name": "Lion_gj_0_6_9_", "bone": "gj", "attachment": "Lion_gj_0_6_9_" },
	{ "name": "Lion_gj_0_6_10_", "bone": "gj", "attachment": "Lion_gj_0_6_10_" },
	{ "name": "Lion_gj_0_7_1_", "bone": "gj", "attachment": "Lion_gj_0_7_1_" },
	{ "name": "Lion_gj_0_7_2_", "bone": "gj", "attachment": "Lion_gj_0_7_2_" },
	{ "name": "Lion_gj_0_7_3_", "bone": "gj", "attachment": "Lion_gj_0_7_3_" },
	{ "name": "Lion_gj_0_7_4_", "bone": "gj", "attachment": "Lion_gj_0_7_4_" },
	{ "name": "Lion_gj_0_7_5_", "bone": "gj", "attachment": "Lion_gj_0_7_5_" },
	{ "name": "Lion_gj_0_7_6_", "bone": "gj", "attachment": "Lion_gj_0_7_6_" },
	{ "name": "Lion_gj_0_7_7_", "bone": "gj", "attachment": "Lion_gj_0_7_7_" },
	{ "name": "Lion_gj_0_8_1_", "bone": "gj", "attachment": "Lion_gj_0_8_1_" },
	{ "name": "Lion_gj_0_8_2_", "bone": "gj", "attachment": "Lion_gj_0_8_2_" },
	{ "name": "Lion_gj_0_8_3_", "bone": "gj", "attachment": "Lion_gj_0_8_3_" },
	{ "name": "Lion_gj_0_8_4_", "bone": "gj", "attachment": "Lion_gj_0_8_4_" },
	{ "name": "Lion_gj_0_8_5_", "bone": "gj", "attachment": "Lion_gj_0_8_5_" },
	{ "name": "Lion_gj_0_9_1_", "bone": "gj", "attachment": "Lion_gj_0_9_1_" },
	{ "name": "Lion_gj_0_9_2_", "bone": "gj", "attachment": "Lion_gj_0_9_2_" },
	{ "name": "Lion_gj_0_9_3_", "bone": "gj", "attachment": "Lion_gj_0_9_3_" },
	{ "name": "Lion_gj_0_9_4_", "bone": "gj", "attachment": "Lion_gj_0_9_4_" },
	{ "name": "Lion_gj_0_9_5_", "bone": "gj", "attachment": "Lion_gj_0_9_5_" },
	{ "name": "Lion_gj_0_9_2_", "bone": "gj" },
	{ "name": "Lion_gj_0_9_3_", "bone": "gj" },
	{ "name": "Lion_gj_0_9_4_", "bone": "gj" },
	{ "name": "Lion_gj_0_9_5_", "bone": "gj" },
	{ "name": "siwang", "bone": "siwangtexiao", "attachment": "siwang_6_" }
],
"skins": {
	"default": {
		"Lion_dj_0_0_1_": {
			"Lion_dj_0_0_1_": { "x": 23.48, "y": 38.86, "rotation": -86.39, "width": 43, "height": 38 }
		},
		"Lion_dj_0_0_2_": {
			"Lion_dj_0_0_2_": { "x": 74.48, "y": 32.56, "rotation": -86.39, "width": 28, "height": 63 }
		},
		"Lion_dj_0_0_3_": {
			"Lion_dj_0_0_3_": { "x": 93.97, "y": -6.28, "rotation": -86.39, "width": 52, "height": 51 }
		},
		"Lion_dj_0_0_4_": {
			"Lion_dj_0_0_4_": { "x": 49.33, "y": 2.42, "rotation": -86.39, "width": 29, "height": 37 }
		},
		"Lion_dj_0_0_5_": {
			"Lion_dj_0_0_5_": { "x": 33.7, "y": -27.62, "rotation": -86.39, "width": 75, "height": 72 }
		},
		"Lion_dj_0_1_1_": {
			"Lion_dj_0_1_1_": { "x": 25.48, "y": 38.98, "rotation": -86.39, "width": 43, "height": 42 }
		},
		"Lion_dj_0_1_2_": {
			"Lion_dj_0_1_2_": { "x": 74.45, "y": 33.06, "rotation": -86.39, "width": 29, "height": 55 }
		},
		"Lion_dj_0_1_3_": {
			"Lion_dj_0_1_3_": { "x": 90.1, "y": -8.53, "rotation": -86.39, "width": 56, "height": 51 }
		},
		"Lion_dj_0_1_4_": {
			"Lion_dj_0_1_4_": { "x": 47.3, "y": 2.79, "rotation": -86.39, "width": 28, "height": 33 }
		},
		"Lion_dj_0_1_5_": {
			"Lion_dj_0_1_5_": { "x": 31.67, "y": -27.25, "rotation": -86.39, "width": 74, "height": 68 }
		},
		"Lion_dj_0_2_1_": {
			"Lion_dj_0_2_1_": { "x": 21.99, "y": 38.76, "rotation": -86.39, "width": 43, "height": 35 }
		},
		"Lion_dj_0_2_2_": {
			"Lion_dj_0_2_2_": { "x": 89.56, "y": 7.96, "rotation": -86.39, "width": 77, "height": 42 }
		},
		"Lion_dj_0_2_3_": {
			"Lion_dj_0_2_3_": { "x": 53.49, "y": 31.74, "rotation": -86.39, "width": 29, "height": 27 }
		},
		"Lion_dj_0_2_4_": {
			"Lion_dj_0_2_4_": { "x": 47.8, "y": 2.82, "rotation": -86.39, "width": 28, "height": 42 }
		},
		"Lion_dj_0_2_5_": {
			"Lion_dj_0_2_5_": { "x": 34.19, "y": -27.59, "rotation": -86.39, "width": 75, "height": 73 }
		},
		"Lion_dj_0_3_1_": {
			"Lion_dj_0_3_1_": { "x": 21.99, "y": 38.76, "rotation": -86.39, "width": 43, "height": 35 }
		},
		"Lion_dj_0_3_2_": {
			"Lion_dj_0_3_2_": { "x": 65.85, "y": 18.49, "rotation": -86.39, "width": 55, "height": 84 }
		},
		"Lion_dj_0_3_3_": {
			"Lion_dj_0_3_3_": { "x": 81.01, "y": -31.14, "rotation": -86.39, "width": 46, "height": 54 }
		},
		"Lion_dj_0_3_4_": {
			"Lion_dj_0_3_4_": { "x": 27.27, "y": -29.03, "rotation": -86.39, "width": 77, "height": 59 }
		},
		"Lion_dj_0_4_1_": {
			"Lion_dj_0_4_1_": { "x": 49.49, "y": 39.5, "rotation": -86.39, "width": 45, "height": 90 }
		},
		"Lion_dj_0_4_2_": {
			"Lion_dj_0_4_2_": { "x": 87.05, "y": -7.72, "rotation": -86.39, "width": 54, "height": 47 }
		},
		"Lion_dj_0_4_3_": {
			"Lion_dj_0_4_3_": { "x": 44.81, "y": 2.63, "rotation": -86.39, "width": 28, "height": 36 }
		},
		"Lion_dj_0_4_4_": {
			"Lion_dj_0_4_4_": { "x": 31.36, "y": -30.27, "rotation": -86.39, "width": 80, "height": 67 }
		},
		"Lion_dj_0_5_1_": {
			"Lion_dj_0_5_1_": { "x": 30.03, "y": 38.27, "rotation": -86.39, "width": 45, "height": 51 }
		},
		"Lion_dj_0_5_2_": {
			"Lion_dj_0_5_2_": { "x": 76.57, "y": 31.19, "rotation": -86.39, "width": 25, "height": 41 }
		},
		"Lion_dj_0_5_3_": {
			"Lion_dj_0_5_3_": { "x": 88.45, "y": -14.14, "rotation": -86.39, "width": 67, "height": 51 }
		},
		"Lion_dj_0_5_4_": {
			"Lion_dj_0_5_4_": { "x": 45.81, "y": 2.69, "rotation": -86.39, "width": 28, "height": 32 }
		},
		"Lion_dj_0_5_5_": {
			"Lion_dj_0_5_5_": { "x": 30.83, "y": -29.81, "rotation": -86.39, "width": 79, "height": 66 }
		},
		"Lion_dj_0_6_1_": {
			"Lion_dj_0_6_1_": { "x": 19.49, "y": 38.61, "rotation": -86.39, "width": 43, "height": 30 }
		},
		"Lion_dj_0_6_2_": {
			"Lion_dj_0_6_2_": { "x": 89.35, "y": 3.44, "rotation": -86.39, "width": 82, "height": 53 }
		},
		"Lion_dj_0_6_3_": {
			"Lion_dj_0_6_3_": { "x": 48.07, "y": 30.39, "rotation": -86.39, "width": 27, "height": 26 }
		},
		"Lion_dj_0_6_4_": {
			"Lion_dj_0_6_4_": { "x": 46.84, "y": 2.26, "rotation": -86.39, "width": 29, "height": 32 }
		},
		"Lion_dj_0_6_5_": {
			"Lion_dj_0_6_5_": { "x": 31.29, "y": -29.27, "rotation": -86.39, "width": 78, "height": 67 }
		},
		"Lion_dj_0_7_1_": {
			"Lion_dj_0_7_1_": { "x": 26.48, "y": 39.05, "rotation": -86.39, "width": 43, "height": 44 }
		},
		"Lion_dj_0_7_2_": {
			"Lion_dj_0_7_2_": { "x": 76.01, "y": 32.16, "rotation": -86.39, "width": 29, "height": 54 }
		},
		"Lion_dj_0_7_3_": {
			"Lion_dj_0_7_3_": { "x": 91.04, "y": -15.48, "rotation": -86.39, "width": 68, "height": 56 }
		},
		"Lion_dj_0_7_4_": {
			"Lion_dj_0_7_4_": { "x": 46.34, "y": 2.23, "rotation": -86.39, "width": 27, "height": 31 }
		},
		"Lion_dj_0_7_5_": {
			"Lion_dj_0_7_5_": { "x": 30.73, "y": -28.31, "rotation": -86.39, "width": 76, "height": 66 }
		},
		"Lion_gj_0_0_1_": {
			"Lion_gj_0_0_1_": { "x": 34.97, "y": 34.05, "rotation": -88.64, "width": 45, "height": 67 }
		},
		"Lion_gj_0_0_2_": {
			"Lion_gj_0_0_2_": { "x": 91.84, "y": -2.11, "rotation": -88.64, "width": 74, "height": 45 }
		},
		"Lion_gj_0_0_3_": {
			"Lion_gj_0_0_3_": { "x": 47.84, "y": -2.65, "rotation": -88.64, "width": 29, "height": 43 }
		},
		"Lion_gj_0_0_4_": {
			"Lion_gj_0_0_4_": { "x": 31.03, "y": -32.05, "rotation": -88.64, "width": 75, "height": 78 }
		},
		"Lion_gj_0_1_1_": {
			"Lion_gj_0_1_1_": { "x": 44.49, "y": 33.28, "rotation": -88.64, "width": 47, "height": 86 }
		},
		"Lion_gj_0_1_2_": {
			"Lion_gj_0_1_2_": { "x": 77.75, "y": -19.95, "rotation": -88.64, "width": 61, "height": 46 }
		},
		"Lion_gj_0_1_3_": {
			"Lion_gj_0_1_3_": { "x": 35.85, "y": -3.43, "rotation": -88.64, "width": 26, "height": 37 }
		},
		"Lion_gj_0_1_4_": {
			"Lion_gj_0_1_4_": { "x": 48.77, "y": -42.14, "rotation": -88.64, "width": 52, "height": 15 }
		},
		"Lion_gj_0_1_5_": {
			"Lion_gj_0_1_5_": { "x": 22.16, "y": -37.76, "rotation": -88.64, "width": 86, "height": 60 }
		},
		"Lion_gj_0_2_1_": {
			"Lion_gj_0_2_1_": { "x": 77.43, "y": -6.45, "rotation": -88.64, "width": 78, "height": 44 }
		},
		"Lion_gj_0_2_2_": {
			"Lion_gj_0_2_2_": { "x": 28.03, "y": 31.39, "rotation": -88.64, "width": 50, "height": 53 }
		},
		"Lion_gj_0_2_3_": {
			"Lion_gj_0_2_3_": { "x": 33.64, "y": -58, "rotation": -88.64, "width": 51, "height": 46 }
		},
		"Lion_gj_0_2_4_": {
			"Lion_gj_0_2_4_": { "x": 23.58, "y": -13.22, "rotation": -88.64, "width": 39, "height": 64 }
		},
		"Lion_gj_0_3_1_": {
			"Lion_gj_0_3_1_": { "x": 68.55, "y": 73.35, "rotation": -88.64, "width": 32, "height": 44 }
		},
		"Lion_gj_0_3_2_": {
			"Lion_gj_0_3_2_": { "x": 88.98, "y": 34.32, "rotation": -88.64, "width": 47, "height": 41 }
		},
		"Lion_gj_0_3_3_": {
			"Lion_gj_0_3_3_": { "x": 107.27, "y": -20.25, "rotation": -88.64, "width": 63, "height": 59 }
		},
		"Lion_gj_0_3_4_": {
			"Lion_gj_0_3_4_": { "x": 69.66, "y": -16.14, "rotation": -88.64, "width": 55, "height": 16 }
		},
		"Lion_gj_0_3_5_": {
			"Lion_gj_0_3_5_": { "x": 37.9, "y": 15.61, "rotation": -88.64, "width": 142, "height": 46 }
		},
		"Lion_gj_0_4_1_": {
			"Lion_gj_0_4_1_": { "x": 144.42, "y": -89.89, "rotation": -88.64, "width": 58, "height": 60 }
		},
		"Lion_gj_0_4_2_": {
			"Lion_gj_0_4_2_": { "x": 177.04, "y": -9.6, "rotation": -88.64, "width": 63, "height": 63 }
		},
		"Lion_gj_0_4_3_": {
			"Lion_gj_0_4_3_": { "x": 108.92, "y": -26.71, "rotation": -88.64, "width": 74, "height": 74 }
		},
		"Lion_gj_0_4_4_": {
			"Lion_gj_0_4_4_": { "x": 48.37, "y": -4.13, "rotation": -88.64, "width": 30, "height": 46 }
		},
		"Lion_gj_0_4_5_": {
			"Lion_gj_0_4_5_": { "x": 113.13, "y": -35.62, "rotation": -88.64, "width": 36, "height": 194 }
		},
		"Lion_gj_0_5_1_": {
			"Lion_gj_0_5_1_": { "x": 125.24, "y": -82.34, "rotation": -88.64, "width": 56, "height": 42 }
		},
		"Lion_gj_0_5_2_": {
			"Lion_gj_0_5_2_": { "x": 167.02, "y": -8.84, "rotation": -88.64, "width": 55, "height": 39 }
		},
		"Lion_gj_0_5_3_": {
			"Lion_gj_0_5_3_": { "x": 109.83, "y": -22.69, "rotation": -88.64, "width": 68, "height": 76 }
		},
		"Lion_gj_0_5_4_": {
			"Lion_gj_0_5_4_": { "x": 48.38, "y": -4.63, "rotation": -88.64, "width": 31, "height": 46 }
		},
		"Lion_gj_0_5_5_": {
			"Lion_gj_0_5_5_": { "x": 44.12, "y": -35.74, "rotation": -88.64, "width": 31, "height": 56 }
		},
		"Lion_gj_0_6_10_": {
			"Lion_gj_0_6_10_": { "x": -14.96, "y": 94.39, "rotation": -88.64, "width": 42, "height": 50 }
		},
		"Lion_gj_0_6_1_": {
			"Lion_gj_0_6_1_": { "x": 35.07, "y": -33.96, "rotation": -88.64, "width": 31, "height": 38 }
		},
		"Lion_gj_0_6_2_": {
			"Lion_gj_0_6_2_": { "x": 80.11, "y": -34.89, "rotation": -88.64, "width": 37, "height": 16 }
		},
		"Lion_gj_0_6_3_": {
			"Lion_gj_0_6_3_": { "x": 62.86, "y": -24.8, "rotation": -88.64, "width": 14, "height": 18 }
		},
		"Lion_gj_0_6_4_": {
			"Lion_gj_0_6_4_": { "x": 38.67, "y": 4.13, "rotation": -88.64, "width": 45, "height": 93 }
		},
		"Lion_gj_0_6_5_": {
			"Lion_gj_0_6_5_": { "x": 41.3, "y": 41.2, "rotation": -88.64, "width": 29, "height": 66 }
		},
		"Lion_gj_0_6_6_": {
			"Lion_gj_0_6_6_": { "x": 26.56, "y": 72.36, "rotation": -88.64, "width": 34, "height": 32 }
		},
		"Lion_gj_0_6_7_": {
			"Lion_gj_0_6_7_": { "x": -13.51, "y": 32.91, "rotation": -88.64, "width": 53, "height": 44 }
		},
		"Lion_gj_0_6_8_": {
			"Lion_gj_0_6_8_": { "x": 2.08, "y": 71.29, "rotation": -88.64, "width": 17, "height": 17 }
		},
		"Lion_gj_0_6_9_": {
			"Lion_gj_0_6_9_": { "x": -21.8, "y": 66.22, "rotation": -88.64, "width": 14, "height": 25 }
		},
		"Lion_gj_0_7_1_": {
			"Lion_gj_0_7_1_": { "x": 38.52, "y": -31.87, "rotation": -88.64, "width": 33, "height": 45 }
		},
		"Lion_gj_0_7_2_": {
			"Lion_gj_0_7_2_": { "x": 70.14, "y": -36.63, "rotation": -88.64, "width": 44, "height": 18 }
		},
		"Lion_gj_0_7_3_": {
			"Lion_gj_0_7_3_": { "x": 85.34, "y": 18.73, "rotation": -88.64, "width": 54, "height": 27 }
		},
		"Lion_gj_0_7_4_": {
			"Lion_gj_0_7_4_": { "x": 48.89, "y": 16.37, "rotation": -88.64, "width": 63, "height": 46 }
		},
		"Lion_gj_0_7_5_": {
			"Lion_gj_0_7_5_": { "x": 0.7, "y": 23.74, "rotation": -88.64, "width": 44, "height": 50 }
		},
		"Lion_gj_0_7_6_": {
			"Lion_gj_0_7_6_": { "x": 36.29, "y": 62.59, "rotation": -88.64, "width": 30, "height": 41 }
		},
		"Lion_gj_0_7_7_": {
			"Lion_gj_0_7_7_": { "x": -8.99, "y": 74.53, "rotation": -88.64, "width": 58, "height": 49 }
		},
		"Lion_gj_0_8_1_": {
			"Lion_gj_0_8_1_": { "x": 87.14, "y": 6.27, "rotation": -88.64, "width": 69, "height": 40 }
		},
		"Lion_gj_0_8_2_": {
			"Lion_gj_0_8_2_": { "x": 67.51, "y": -52.2, "rotation": -88.64, "width": 27, "height": 24 }
		},
		"Lion_gj_0_8_3_": {
			"Lion_gj_0_8_3_": { "x": 30.3, "y": -22.57, "rotation": -88.64, "width": 52, "height": 75 }
		},
		"Lion_gj_0_8_4_": {
			"Lion_gj_0_8_4_": { "x": 45.62, "y": 27.8, "rotation": -88.64, "width": 48, "height": 42 }
		},
		"Lion_gj_0_8_5_": {
			"Lion_gj_0_8_5_": { "x": 0.57, "y": 29.24, "rotation": -88.64, "width": 53, "height": 48 }
		},
		"Lion_gj_0_9_1_": {
			"Lion_gj_0_9_1_": { "x": 19.95, "y": 34.7, "rotation": -88.64, "width": 43, "height": 37 }
		},
		"Lion_gj_0_9_2_": {
			"Lion_gj_0_9_2_": { "x": 68.65, "y": 26.84, "rotation": -88.64, "width": 27, "height": 68 }
		},
		"Lion_gj_0_9_3_": {
			"Lion_gj_0_9_3_": { "x": 88.6, "y": -13.19, "rotation": -88.64, "width": 54, "height": 52 }
		},
		"Lion_gj_0_9_4_": {
			"Lion_gj_0_9_4_": { "x": 44.33, "y": -2.23, "rotation": -88.64, "width": 30, "height": 36 }
		},
		"Lion_gj_0_9_5_": {
			"Lion_gj_0_9_5_": { "x": 27.53, "y": -32.13, "rotation": -88.64, "width": 75, "height": 71 }
		},
		"siwang": {
			"siwang_0_": { "width": 165, "height": 156 },
			"siwang_1_": { "width": 165, "height": 156 },
			"siwang_2_": { "width": 165, "height": 156 },
			"siwang_3_": { "width": 165, "height": 156 },
			"siwang_4_": { "width": 165, "height": 156 },
			"siwang_5_": { "width": 165, "height": 156 },
			"siwang_6_": { "width": 165, "height": 156 }
		}
	}
},
"animations": {
	"dj": {
		"slots": {
			"Lion_dj_0_0_1_": {
				"attachment": [
					{ "time": 0, "name": "Lion_dj_0_0_1_" },
					{ "time": 0.0333, "name": null },
					{ "time": 0.2333, "name": null },
					{ "time": 0.2666, "name": "Lion_dj_0_0_1_" }
				]
			},
			"Lion_dj_0_0_2_": {
				"attachment": [
					{ "time": 0, "name": "Lion_dj_0_0_2_" },
					{ "time": 0.0333, "name": null },
					{ "time": 0.2333, "name": null },
					{ "time": 0.2666, "name": "Lion_dj_0_0_2_" }
				]
			},
			"Lion_dj_0_0_3_": {
				"attachment": [
					{ "time": 0, "name": "Lion_dj_0_0_3_" },
					{ "time": 0.0333, "name": null },
					{ "time": 0.2333, "name": null },
					{ "time": 0.2666, "name": "Lion_dj_0_0_3_" }
				]
			},
			"Lion_dj_0_0_4_": {
				"attachment": [
					{ "time": 0, "name": "Lion_dj_0_0_4_" },
					{ "time": 0.0333, "name": null },
					{ "time": 0.2333, "name": null },
					{ "time": 0.2666, "name": "Lion_dj_0_0_4_" }
				]
			},
			"Lion_dj_0_0_5_": {
				"attachment": [
					{ "time": 0, "name": "Lion_dj_0_0_5_" },
					{ "time": 0.0333, "name": null },
					{ "time": 0.2333, "name": null },
					{ "time": 0.2666, "name": "Lion_dj_0_0_5_" }
				]
			},
			"Lion_dj_0_1_1_": {
				"attachment": [
					{ "time": 0, "name": null },
					{ "time": 0.0333, "name": "Lion_dj_0_1_1_" },
					{ "time": 0.0666, "name": null },
					{ "time": 0.2333, "name": null },
					{ "time": 0.2666, "name": null }
				]
			},
			"Lion_dj_0_1_2_": {
				"attachment": [
					{ "time": 0, "name": null },
					{ "time": 0.0333, "name": "Lion_dj_0_1_2_" },
					{ "time": 0.0666, "name": null },
					{ "time": 0.2333, "name": null },
					{ "time": 0.2666, "name": null }
				]
			},
			"Lion_dj_0_1_3_": {
				"attachment": [
					{ "time": 0, "name": null },
					{ "time": 0.0333, "name": "Lion_dj_0_1_3_" },
					{ "time": 0.0666, "name": null },
					{ "time": 0.2333, "name": null },
					{ "time": 0.2666, "name": null }
				]
			},
			"Lion_dj_0_1_4_": {
				"attachment": [
					{ "time": 0, "name": null },
					{ "time": 0.0333, "name": "Lion_dj_0_1_4_" },
					{ "time": 0.0666, "name": null },
					{ "time": 0.2333, "name": null },
					{ "time": 0.2666, "name": null }
				]
			},
			"Lion_dj_0_1_5_": {
				"attachment": [
					{ "time": 0, "name": null },
					{ "time": 0.0333, "name": "Lion_dj_0_1_5_" },
					{ "time": 0.0666, "name": null },
					{ "time": 0.2333, "name": null },
					{ "time": 0.2666, "name": null }
				]
			},
			"Lion_dj_0_2_1_": {
				"attachment": [
					{ "time": 0, "name": null },
					{ "time": 0.0666, "name": "Lion_dj_0_2_1_" },
					{ "time": 0.1, "name": null },
					{ "time": 0.2333, "name": null },
					{ "time": 0.2666, "name": null }
				]
			},
			"Lion_dj_0_2_2_": {
				"attachment": [
					{ "time": 0, "name": null },
					{ "time": 0.0666, "name": "Lion_dj_0_2_2_" },
					{ "time": 0.1, "name": null },
					{ "time": 0.2333, "name": null },
					{ "time": 0.2666, "name": null }
				]
			},
			"Lion_dj_0_2_3_": {
				"attachment": [
					{ "time": 0, "name": null },
					{ "time": 0.0666, "name": "Lion_dj_0_2_3_" },
					{ "time": 0.1, "name": null },
					{ "time": 0.2333, "name": null },
					{ "time": 0.2666, "name": null }
				]
			},
			"Lion_dj_0_2_4_": {
				"attachment": [
					{ "time": 0, "name": null },
					{ "time": 0.0666, "name": "Lion_dj_0_2_4_" },
					{ "time": 0.1, "name": null },
					{ "time": 0.2333, "name": null },
					{ "time": 0.2666, "name": null }
				]
			},
			"Lion_dj_0_2_5_": {
				"attachment": [
					{ "time": 0, "name": null },
					{ "time": 0.0666, "name": "Lion_dj_0_2_5_" },
					{ "time": 0.1, "name": null },
					{ "time": 0.2333, "name": null },
					{ "time": 0.2666, "name": null }
				]
			},
			"Lion_dj_0_3_1_": {
				"attachment": [
					{ "time": 0, "name": null },
					{ "time": 0.1, "name": "Lion_dj_0_3_1_" },
					{ "time": 0.1333, "name": null },
					{ "time": 0.2333, "name": null },
					{ "time": 0.2666, "name": null }
				]
			},
			"Lion_dj_0_3_2_": {
				"attachment": [
					{ "time": 0, "name": null },
					{ "time": 0.1, "name": "Lion_dj_0_3_2_" },
					{ "time": 0.1333, "name": null },
					{ "time": 0.2333, "name": null },
					{ "time": 0.2666, "name": null }
				]
			},
			"Lion_dj_0_3_3_": {
				"attachment": [
					{ "time": 0, "name": null },
					{ "time": 0.1, "name": "Lion_dj_0_3_3_" },
					{ "time": 0.1333, "name": null },
					{ "time": 0.2333, "name": null },
					{ "time": 0.2666, "name": null }
				]
			},
			"Lion_dj_0_3_4_": {
				"attachment": [
					{ "time": 0, "name": null },
					{ "time": 0.1, "name": "Lion_dj_0_3_4_" },
					{ "time": 0.1333, "name": null },
					{ "time": 0.2333, "name": null },
					{ "time": 0.2666, "name": null }
				]
			},
			"Lion_dj_0_4_1_": {
				"attachment": [
					{ "time": 0, "name": null },
					{ "time": 0.1333, "name": "Lion_dj_0_4_1_" },
					{ "time": 0.1666, "name": null },
					{ "time": 0.2333, "name": null },
					{ "time": 0.2666, "name": null }
				]
			},
			"Lion_dj_0_4_2_": {
				"attachment": [
					{ "time": 0, "name": null },
					{ "time": 0.1333, "name": "Lion_dj_0_4_2_" },
					{ "time": 0.1666, "name": null },
					{ "time": 0.2333, "name": null },
					{ "time": 0.2666, "name": null }
				]
			},
			"Lion_dj_0_4_3_": {
				"attachment": [
					{ "time": 0, "name": null },
					{ "time": 0.1333, "name": "Lion_dj_0_4_3_" },
					{ "time": 0.1666, "name": null },
					{ "time": 0.2333, "name": null },
					{ "time": 0.2666, "name": null }
				]
			},
			"Lion_dj_0_4_4_": {
				"attachment": [
					{ "time": 0, "name": null },
					{ "time": 0.1333, "name": "Lion_dj_0_4_4_" },
					{ "time": 0.1666, "name": null },
					{ "time": 0.2333, "name": null },
					{ "time": 0.2666, "name": null }
				]
			},
			"Lion_dj_0_5_1_": {
				"attachment": [
					{ "time": 0, "name": null },
					{ "time": 0.1666, "name": "Lion_dj_0_5_1_" },
					{ "time": 0.2, "name": null },
					{ "time": 0.2333, "name": null },
					{ "time": 0.2666, "name": null }
				]
			},
			"Lion_dj_0_5_2_": {
				"attachment": [
					{ "time": 0, "name": null },
					{ "time": 0.1666, "name": "Lion_dj_0_5_2_" },
					{ "time": 0.2, "name": null },
					{ "time": 0.2333, "name": null },
					{ "time": 0.2666, "name": null }
				]
			},
			"Lion_dj_0_5_3_": {
				"attachment": [
					{ "time": 0, "name": null },
					{ "time": 0.1666, "name": "Lion_dj_0_5_3_" },
					{ "time": 0.2, "name": null },
					{ "time": 0.2333, "name": null },
					{ "time": 0.2666, "name": null }
				]
			},
			"Lion_dj_0_5_4_": {
				"attachment": [
					{ "time": 0, "name": null },
					{ "time": 0.1666, "name": "Lion_dj_0_5_4_" },
					{ "time": 0.2, "name": null },
					{ "time": 0.2333, "name": null },
					{ "time": 0.2666, "name": null }
				]
			},
			"Lion_dj_0_5_5_": {
				"attachment": [
					{ "time": 0, "name": null },
					{ "time": 0.1666, "name": "Lion_dj_0_5_5_" },
					{ "time": 0.2, "name": null },
					{ "time": 0.2333, "name": null },
					{ "time": 0.2666, "name": null }
				]
			},
			"Lion_dj_0_6_1_": {
				"attachment": [
					{ "time": 0, "name": null },
					{ "time": 0.2, "name": "Lion_dj_0_6_1_" },
					{ "time": 0.2333, "name": "Lion_dj_0_6_1_" },
					{ "time": 0.2666, "name": null }
				]
			},
			"Lion_dj_0_6_2_": {
				"attachment": [
					{ "time": 0, "name": null },
					{ "time": 0.2, "name": "Lion_dj_0_6_2_" },
					{ "time": 0.2333, "name": "Lion_dj_0_6_2_" },
					{ "time": 0.2666, "name": null }
				]
			},
			"Lion_dj_0_6_3_": {
				"attachment": [
					{ "time": 0, "name": null },
					{ "time": 0.2, "name": "Lion_dj_0_6_3_" },
					{ "time": 0.2333, "name": "Lion_dj_0_6_3_" },
					{ "time": 0.2666, "name": null }
				]
			},
			"Lion_dj_0_6_4_": {
				"attachment": [
					{ "time": 0, "name": null },
					{ "time": 0.2, "name": "Lion_dj_0_6_4_" },
					{ "time": 0.2333, "name": "Lion_dj_0_6_4_" },
					{ "time": 0.2666, "name": null }
				]
			},
			"Lion_dj_0_6_5_": {
				"attachment": [
					{ "time": 0, "name": null },
					{ "time": 0.2, "name": "Lion_dj_0_6_5_" },
					{ "time": 0.2333, "name": "Lion_dj_0_6_5_" },
					{ "time": 0.2666, "name": null }
				]
			},
			"Lion_dj_0_7_1_": {
				"attachment": [
					{ "time": 0, "name": null },
					{ "time": 0.2333, "name": "Lion_dj_0_7_1_" },
					{ "time": 0.2666, "name": null }
				]
			},
			"Lion_dj_0_7_2_": {
				"attachment": [
					{ "time": 0, "name": null },
					{ "time": 0.2333, "name": "Lion_dj_0_7_2_" },
					{ "time": 0.2666, "name": null }
				]
			},
			"Lion_dj_0_7_3_": {
				"attachment": [
					{ "time": 0, "name": null },
					{ "time": 0.2333, "name": "Lion_dj_0_7_3_" },
					{ "time": 0.2666, "name": null }
				]
			},
			"Lion_dj_0_7_4_": {
				"attachment": [
					{ "time": 0, "name": null },
					{ "time": 0.2333, "name": "Lion_dj_0_7_4_" },
					{ "time": 0.2666, "name": null }
				]
			},
			"Lion_dj_0_7_5_": {
				"attachment": [
					{ "time": 0, "name": null },
					{ "time": 0.2333, "name": "Lion_dj_0_7_5_" },
					{ "time": 0.2666, "name": null }
				]
			},
			"Lion_gj_0_0_1_": {
				"attachment": [
					{ "time": 0, "name": null },
					{ "time": 0.2333, "name": null },
					{ "time": 0.2666, "name": null }
				]
			},
			"Lion_gj_0_0_2_": {
				"attachment": [
					{ "time": 0, "name": null },
					{ "time": 0.2333, "name": null },
					{ "time": 0.2666, "name": null }
				]
			},
			"Lion_gj_0_0_3_": {
				"attachment": [
					{ "time": 0, "name": null },
					{ "time": 0.2333, "name": null },
					{ "time": 0.2666, "name": null }
				]
			},
			"Lion_gj_0_0_4_": {
				"attachment": [
					{ "time": 0, "name": null },
					{ "time": 0.2333, "name": null },
					{ "time": 0.2666, "name": null }
				]
			},
			"Lion_gj_0_1_1_": {
				"attachment": [
					{ "time": 0, "name": null },
					{ "time": 0.2333, "name": null },
					{ "time": 0.2666, "name": null }
				]
			},
			"Lion_gj_0_1_2_": {
				"attachment": [
					{ "time": 0, "name": null },
					{ "time": 0.2333, "name": null },
					{ "time": 0.2666, "name": null }
				]
			},
			"Lion_gj_0_1_3_": {
				"attachment": [
					{ "time": 0, "name": null },
					{ "time": 0.2333, "name": null },
					{ "time": 0.2666, "name": null }
				]
			},
			"Lion_gj_0_1_4_": {
				"attachment": [
					{ "time": 0, "name": null },
					{ "time": 0.2333, "name": null },
					{ "time": 0.2666, "name": null }
				]
			},
			"Lion_gj_0_1_5_": {
				"attachment": [
					{ "time": 0, "name": null },
					{ "time": 0.2333, "name": null },
					{ "time": 0.2666, "name": null }
				]
			},
			"Lion_gj_0_2_1_": {
				"attachment": [
					{ "time": 0, "name": null },
					{ "time": 0.2333, "name": null },
					{ "time": 0.2666, "name": null }
				]
			},
			"Lion_gj_0_2_2_": {
				"attachment": [
					{ "time": 0, "name": null },
					{ "time": 0.2333, "name": null },
					{ "time": 0.2666, "name": null }
				]
			},
			"Lion_gj_0_2_3_": {
				"attachment": [
					{ "time": 0, "name": null },
					{ "time": 0.2333, "name": null },
					{ "time": 0.2666, "name": null }
				]
			},
			"Lion_gj_0_2_4_": {
				"attachment": [
					{ "time": 0, "name": null },
					{ "time": 0.2333, "name": null },
					{ "time": 0.2666, "name": null }
				]
			},
			"Lion_gj_0_3_1_": {
				"attachment": [
					{ "time": 0, "name": null },
					{ "time": 0.2333, "name": null },
					{ "time": 0.2666, "name": null }
				]
			},
			"Lion_gj_0_3_2_": {
				"attachment": [
					{ "time": 0, "name": null },
					{ "time": 0.2333, "name": null },
					{ "time": 0.2666, "name": null }
				]
			},
			"Lion_gj_0_3_3_": {
				"attachment": [
					{ "time": 0, "name": null },
					{ "time": 0.2333, "name": null },
					{ "time": 0.2666, "name": null }
				]
			},
			"Lion_gj_0_3_4_": {
				"attachment": [
					{ "time": 0, "name": null },
					{ "time": 0.2333, "name": null },
					{ "time": 0.2666, "name": null }
				]
			},
			"Lion_gj_0_3_5_": {
				"attachment": [
					{ "time": 0, "name": null },
					{ "time": 0.2333, "name": null },
					{ "time": 0.2666, "name": null }
				]
			},
			"Lion_gj_0_4_1_": {
				"attachment": [
					{ "time": 0, "name": null },
					{ "time": 0.2333, "name": null },
					{ "time": 0.2666, "name": null }
				]
			},
			"Lion_gj_0_4_2_": {
				"attachment": [
					{ "time": 0, "name": null },
					{ "time": 0.2333, "name": null },
					{ "time": 0.2666, "name": null }
				]
			},
			"Lion_gj_0_4_3_": {
				"attachment": [
					{ "time": 0, "name": null },
					{ "time": 0.2333, "name": null },
					{ "time": 0.2666, "name": null }
				]
			},
			"Lion_gj_0_4_4_": {
				"attachment": [
					{ "time": 0, "name": null },
					{ "time": 0.2333, "name": null },
					{ "time": 0.2666, "name": null }
				]
			},
			"Lion_gj_0_4_5_": {
				"attachment": [
					{ "time": 0, "name": null },
					{ "time": 0.2333, "name": null },
					{ "time": 0.2666, "name": null }
				]
			},
			"Lion_gj_0_5_1_": {
				"attachment": [
					{ "time": 0, "name": null },
					{ "time": 0.2333, "name": null },
					{ "time": 0.2666, "name": null }
				]
			},
			"Lion_gj_0_5_2_": {
				"attachment": [
					{ "time": 0, "name": null },
					{ "time": 0.2333, "name": null },
					{ "time": 0.2666, "name": null }
				]
			},
			"Lion_gj_0_5_3_": {
				"attachment": [
					{ "time": 0, "name": null },
					{ "time": 0.2333, "name": null },
					{ "time": 0.2666, "name": null }
				]
			},
			"Lion_gj_0_5_4_": {
				"attachment": [
					{ "time": 0, "name": null },
					{ "time": 0.2333, "name": null },
					{ "time": 0.2666, "name": null }
				]
			},
			"Lion_gj_0_5_5_": {
				"attachment": [
					{ "time": 0, "name": null },
					{ "time": 0.2333, "name": null },
					{ "time": 0.2666, "name": null }
				]
			},
			"Lion_gj_0_6_10_": {
				"attachment": [
					{ "time": 0, "name": null },
					{ "time": 0.2333, "name": null },
					{ "time": 0.2666, "name": null }
				]
			},
			"Lion_gj_0_6_1_": {
				"attachment": [
					{ "time": 0, "name": null },
					{ "time": 0.2333, "name": null },
					{ "time": 0.2666, "name": null }
				]
			},
			"Lion_gj_0_6_2_": {
				"attachment": [
					{ "time": 0, "name": null },
					{ "time": 0.2333, "name": null },
					{ "time": 0.2666, "name": null }
				]
			},
			"Lion_gj_0_6_3_": {
				"attachment": [
					{ "time": 0, "name": null },
					{ "time": 0.2333, "name": null },
					{ "time": 0.2666, "name": null }
				]
			},
			"Lion_gj_0_6_4_": {
				"attachment": [
					{ "time": 0, "name": null },
					{ "time": 0.2333, "name": null },
					{ "time": 0.2666, "name": null }
				]
			},
			"Lion_gj_0_6_5_": {
				"attachment": [
					{ "time": 0, "name": null },
					{ "time": 0.2333, "name": null },
					{ "time": 0.2666, "name": null }
				]
			},
			"Lion_gj_0_6_6_": {
				"attachment": [
					{ "time": 0, "name": null },
					{ "time": 0.2333, "name": null },
					{ "time": 0.2666, "name": null }
				]
			},
			"Lion_gj_0_6_7_": {
				"attachment": [
					{ "time": 0, "name": null },
					{ "time": 0.2333, "name": null },
					{ "time": 0.2666, "name": null }
				]
			},
			"Lion_gj_0_6_8_": {
				"attachment": [
					{ "time": 0, "name": null },
					{ "time": 0.2333, "name": null },
					{ "time": 0.2666, "name": null }
				]
			},
			"Lion_gj_0_6_9_": {
				"attachment": [
					{ "time": 0, "name": null },
					{ "time": 0.2333, "name": null },
					{ "time": 0.2666, "name": null }
				]
			},
			"Lion_gj_0_7_1_": {
				"attachment": [
					{ "time": 0, "name": null },
					{ "time": 0.2333, "name": null },
					{ "time": 0.2666, "name": null }
				]
			},
			"Lion_gj_0_7_2_": {
				"attachment": [
					{ "time": 0, "name": null },
					{ "time": 0.2333, "name": null },
					{ "time": 0.2666, "name": null }
				]
			},
			"Lion_gj_0_7_3_": {
				"attachment": [
					{ "time": 0, "name": null },
					{ "time": 0.2333, "name": null },
					{ "time": 0.2666, "name": null }
				]
			},
			"Lion_gj_0_7_4_": {
				"attachment": [
					{ "time": 0, "name": null },
					{ "time": 0.2333, "name": null },
					{ "time": 0.2666, "name": null }
				]
			},
			"Lion_gj_0_7_5_": {
				"attachment": [
					{ "time": 0, "name": null },
					{ "time": 0.2333, "name": null },
					{ "time": 0.2666, "name": null }
				]
			},
			"Lion_gj_0_7_6_": {
				"attachment": [
					{ "time": 0, "name": null },
					{ "time": 0.2333, "name": null },
					{ "time": 0.2666, "name": null }
				]
			},
			"Lion_gj_0_7_7_": {
				"attachment": [
					{ "time": 0, "name": null },
					{ "time": 0.2333, "name": null },
					{ "time": 0.2666, "name": null }
				]
			},
			"Lion_gj_0_8_1_": {
				"attachment": [
					{ "time": 0, "name": null },
					{ "time": 0.2333, "name": null },
					{ "time": 0.2666, "name": null }
				]
			},
			"Lion_gj_0_8_2_": {
				"attachment": [
					{ "time": 0, "name": null },
					{ "time": 0.2333, "name": null },
					{ "time": 0.2666, "name": null }
				]
			},
			"Lion_gj_0_8_3_": {
				"attachment": [
					{ "time": 0, "name": null },
					{ "time": 0.2333, "name": null },
					{ "time": 0.2666, "name": null }
				]
			},
			"Lion_gj_0_8_4_": {
				"attachment": [
					{ "time": 0, "name": null },
					{ "time": 0.2333, "name": null },
					{ "time": 0.2666, "name": null }
				]
			},
			"Lion_gj_0_8_5_": {
				"attachment": [
					{ "time": 0, "name": null },
					{ "time": 0.2333, "name": null },
					{ "time": 0.2666, "name": null }
				]
			},
			"Lion_gj_0_9_1_": {
				"attachment": [
					{ "time": 0, "name": null },
					{ "time": 0.2333, "name": null },
					{ "time": 0.2666, "name": null }
				]
			},
			"Lion_gj_0_9_2_": {
				"attachment": [
					{ "time": 0, "name": null },
					{ "time": 0.2333, "name": null },
					{ "time": 0.2666, "name": null }
				]
			},
			"Lion_gj_0_9_3_": {
				"attachment": [
					{ "time": 0, "name": null },
					{ "time": 0.2333, "name": null },
					{ "time": 0.2666, "name": null }
				]
			},
			"Lion_gj_0_9_4_": {
				"attachment": [
					{ "time": 0, "name": null },
					{ "time": 0.2333, "name": null },
					{ "time": 0.2666, "name": null }
				]
			},
			"Lion_gj_0_9_5_": {
				"attachment": [
					{ "time": 0, "name": null },
					{ "time": 0.2333, "name": null },
					{ "time": 0.2666, "name": null }
				]
			},
			"siwang": {
				"attachment": [
					{ "time": 0, "name": null },
					{ "time": 0.2666, "name": null }
				]
			}
		}
	},
	"gj": {
		"slots": {
			"Lion_dj_0_0_1_": {
				"attachment": [
					{ "time": 0, "name": null },
					{ "time": 0.2666, "name": null }
				]
			},
			"Lion_dj_0_0_2_": {
				"attachment": [
					{ "time": 0, "name": null },
					{ "time": 0.2666, "name": null }
				]
			},
			"Lion_dj_0_0_3_": {
				"attachment": [
					{ "time": 0, "name": null },
					{ "time": 0.2666, "name": null }
				]
			},
			"Lion_dj_0_0_4_": {
				"attachment": [
					{ "time": 0, "name": null },
					{ "time": 0.2666, "name": null }
				]
			},
			"Lion_dj_0_0_5_": {
				"attachment": [
					{ "time": 0, "name": null },
					{ "time": 0.2666, "name": null }
				]
			},
			"Lion_dj_0_1_1_": {
				"attachment": [
					{ "time": 0, "name": null },
					{ "time": 0.2666, "name": null }
				]
			},
			"Lion_dj_0_1_2_": {
				"attachment": [
					{ "time": 0, "name": null },
					{ "time": 0.2666, "name": null }
				]
			},
			"Lion_dj_0_1_3_": {
				"attachment": [
					{ "time": 0, "name": null },
					{ "time": 0.2666, "name": null }
				]
			},
			"Lion_dj_0_1_4_": {
				"attachment": [
					{ "time": 0, "name": null },
					{ "time": 0.2666, "name": null }
				]
			},
			"Lion_dj_0_1_5_": {
				"attachment": [
					{ "time": 0, "name": null },
					{ "time": 0.2666, "name": null }
				]
			},
			"Lion_dj_0_2_1_": {
				"attachment": [
					{ "time": 0, "name": null },
					{ "time": 0.2666, "name": null }
				]
			},
			"Lion_dj_0_2_2_": {
				"attachment": [
					{ "time": 0, "name": null },
					{ "time": 0.2666, "name": null }
				]
			},
			"Lion_dj_0_2_3_": {
				"attachment": [
					{ "time": 0, "name": null },
					{ "time": 0.2666, "name": null }
				]
			},
			"Lion_dj_0_2_4_": {
				"attachment": [
					{ "time": 0, "name": null },
					{ "time": 0.2666, "name": null }
				]
			},
			"Lion_dj_0_2_5_": {
				"attachment": [
					{ "time": 0, "name": null },
					{ "time": 0.2666, "name": null }
				]
			},
			"Lion_dj_0_3_1_": {
				"attachment": [
					{ "time": 0, "name": null },
					{ "time": 0.2666, "name": null }
				]
			},
			"Lion_dj_0_3_2_": {
				"attachment": [
					{ "time": 0, "name": null },
					{ "time": 0.2666, "name": null }
				]
			},
			"Lion_dj_0_3_3_": {
				"attachment": [
					{ "time": 0, "name": null },
					{ "time": 0.2666, "name": null }
				]
			},
			"Lion_dj_0_3_4_": {
				"attachment": [
					{ "time": 0, "name": null },
					{ "time": 0.2666, "name": null }
				]
			},
			"Lion_dj_0_4_1_": {
				"attachment": [
					{ "time": 0, "name": null },
					{ "time": 0.2666, "name": null }
				]
			},
			"Lion_dj_0_4_2_": {
				"attachment": [
					{ "time": 0, "name": null },
					{ "time": 0.2666, "name": null }
				]
			},
			"Lion_dj_0_4_3_": {
				"attachment": [
					{ "time": 0, "name": null },
					{ "time": 0.2666, "name": null }
				]
			},
			"Lion_dj_0_4_4_": {
				"attachment": [
					{ "time": 0, "name": null },
					{ "time": 0.2666, "name": null }
				]
			},
			"Lion_dj_0_5_1_": {
				"attachment": [
					{ "time": 0, "name": null },
					{ "time": 0.2666, "name": null }
				]
			},
			"Lion_dj_0_5_2_": {
				"attachment": [
					{ "time": 0, "name": null },
					{ "time": 0.2666, "name": null }
				]
			},
			"Lion_dj_0_5_3_": {
				"attachment": [
					{ "time": 0, "name": null },
					{ "time": 0.2666, "name": null }
				]
			},
			"Lion_dj_0_5_4_": {
				"attachment": [
					{ "time": 0, "name": null },
					{ "time": 0.2666, "name": null }
				]
			},
			"Lion_dj_0_5_5_": {
				"attachment": [
					{ "time": 0, "name": null },
					{ "time": 0.2666, "name": null }
				]
			},
			"Lion_dj_0_6_1_": {
				"attachment": [
					{ "time": 0, "name": null },
					{ "time": 0.2666, "name": null }
				]
			},
			"Lion_dj_0_6_2_": {
				"attachment": [
					{ "time": 0, "name": null },
					{ "time": 0.2666, "name": null }
				]
			},
			"Lion_dj_0_6_3_": {
				"attachment": [
					{ "time": 0, "name": null },
					{ "time": 0.2666, "name": null }
				]
			},
			"Lion_dj_0_6_4_": {
				"attachment": [
					{ "time": 0, "name": null },
					{ "time": 0.2666, "name": null }
				]
			},
			"Lion_dj_0_6_5_": {
				"attachment": [
					{ "time": 0, "name": null },
					{ "time": 0.2666, "name": null }
				]
			},
			"Lion_dj_0_7_1_": {
				"attachment": [
					{ "time": 0, "name": null },
					{ "time": 0.2666, "name": null }
				]
			},
			"Lion_dj_0_7_2_": {
				"attachment": [
					{ "time": 0, "name": null },
					{ "time": 0.2666, "name": null }
				]
			},
			"Lion_dj_0_7_3_": {
				"attachment": [
					{ "time": 0, "name": null },
					{ "time": 0.2666, "name": null }
				]
			},
			"Lion_dj_0_7_4_": {
				"attachment": [
					{ "time": 0, "name": null },
					{ "time": 0.2666, "name": null }
				]
			},
			"Lion_dj_0_7_5_": {
				"attachment": [
					{ "time": 0, "name": null },
					{ "time": 0.2666, "name": null }
				]
			},
			"Lion_gj_0_0_1_": {
				"attachment": [
					{ "time": 0, "name": "Lion_gj_0_0_1_" },
					{ "time": 0.0333, "name": null },
					{ "time": 0.2333, "name": null }
				]
			},
			"Lion_gj_0_0_2_": {
				"attachment": [
					{ "time": 0, "name": "Lion_gj_0_0_2_" },
					{ "time": 0.0333, "name": null },
					{ "time": 0.2333, "name": null }
				]
			},
			"Lion_gj_0_0_3_": {
				"attachment": [
					{ "time": 0, "name": "Lion_gj_0_0_3_" },
					{ "time": 0.0333, "name": null },
					{ "time": 0.2333, "name": null }
				]
			},
			"Lion_gj_0_0_4_": {
				"attachment": [
					{ "time": 0, "name": "Lion_gj_0_0_4_" },
					{ "time": 0.0333, "name": null },
					{ "time": 0.2333, "name": null }
				]
			},
			"Lion_gj_0_1_1_": {
				"attachment": [
					{ "time": 0, "name": null },
					{ "time": 0.0333, "name": null },
					{ "time": 0.2333, "name": null }
				]
			},
			"Lion_gj_0_1_2_": {
				"attachment": [
					{ "time": 0, "name": null },
					{ "time": 0.0333, "name": null },
					{ "time": 0.2333, "name": null }
				]
			},
			"Lion_gj_0_1_3_": {
				"attachment": [
					{ "time": 0, "name": null },
					{ "time": 0.0333, "name": null },
					{ "time": 0.2333, "name": null }
				]
			},
			"Lion_gj_0_1_4_": {
				"attachment": [
					{ "time": 0, "name": null },
					{ "time": 0.0333, "name": null },
					{ "time": 0.2333, "name": null }
				]
			},
			"Lion_gj_0_1_5_": {
				"attachment": [
					{ "time": 0, "name": null },
					{ "time": 0.0333, "name": null },
					{ "time": 0.2333, "name": null }
				]
			},
			"Lion_gj_0_2_1_": {
				"attachment": [
					{ "time": 0, "name": null },
					{ "time": 0.0333, "name": "Lion_gj_0_2_1_" },
					{ "time": 0.0666, "name": null },
					{ "time": 0.2333, "name": null }
				]
			},
			"Lion_gj_0_2_2_": {
				"attachment": [
					{ "time": 0, "name": null },
					{ "time": 0.0333, "name": "Lion_gj_0_2_2_" },
					{ "time": 0.0666, "name": null },
					{ "time": 0.2333, "name": null }
				]
			},
			"Lion_gj_0_2_3_": {
				"attachment": [
					{ "time": 0, "name": null },
					{ "time": 0.0333, "name": "Lion_gj_0_2_3_" },
					{ "time": 0.0666, "name": null },
					{ "time": 0.2333, "name": null }
				]
			},
			"Lion_gj_0_2_4_": {
				"attachment": [
					{ "time": 0, "name": null },
					{ "time": 0.0333, "name": "Lion_gj_0_2_4_" },
					{ "time": 0.0666, "name": null },
					{ "time": 0.2333, "name": null }
				]
			},
			"Lion_gj_0_3_1_": {
				"attachment": [
					{ "time": 0, "name": null },
					{ "time": 0.0666, "name": "Lion_gj_0_3_1_" },
					{ "time": 0.1, "name": null },
					{ "time": 0.2333, "name": null }
				]
			},
			"Lion_gj_0_3_2_": {
				"attachment": [
					{ "time": 0, "name": null },
					{ "time": 0.0666, "name": "Lion_gj_0_3_2_" },
					{ "time": 0.1, "name": null },
					{ "time": 0.2333, "name": null }
				]
			},
			"Lion_gj_0_3_3_": {
				"attachment": [
					{ "time": 0, "name": null },
					{ "time": 0.0666, "name": "Lion_gj_0_3_3_" },
					{ "time": 0.1, "name": null },
					{ "time": 0.2333, "name": null }
				]
			},
			"Lion_gj_0_3_4_": {
				"attachment": [
					{ "time": 0, "name": null },
					{ "time": 0.0666, "name": "Lion_gj_0_3_4_" },
					{ "time": 0.1, "name": null },
					{ "time": 0.2333, "name": null }
				]
			},
			"Lion_gj_0_3_5_": {
				"attachment": [
					{ "time": 0, "name": null },
					{ "time": 0.0666, "name": "Lion_gj_0_3_5_" },
					{ "time": 0.1, "name": null },
					{ "time": 0.2333, "name": null }
				]
			},
			"Lion_gj_0_4_1_": {
				"attachment": [
					{ "time": 0, "name": null },
					{ "time": 0.1, "name": "Lion_gj_0_4_1_" },
					{ "time": 0.1333, "name": null },
					{ "time": 0.2333, "name": null }
				]
			},
			"Lion_gj_0_4_2_": {
				"attachment": [
					{ "time": 0, "name": null },
					{ "time": 0.1, "name": "Lion_gj_0_4_2_" },
					{ "time": 0.1333, "name": null },
					{ "time": 0.2333, "name": null }
				]
			},
			"Lion_gj_0_4_3_": {
				"attachment": [
					{ "time": 0, "name": null },
					{ "time": 0.1, "name": "Lion_gj_0_4_3_" },
					{ "time": 0.1333, "name": null },
					{ "time": 0.2333, "name": null }
				]
			},
			"Lion_gj_0_4_4_": {
				"attachment": [
					{ "time": 0, "name": null },
					{ "time": 0.1, "name": "Lion_gj_0_4_4_" },
					{ "time": 0.1333, "name": null },
					{ "time": 0.2333, "name": null }
				]
			},
			"Lion_gj_0_4_5_": {
				"attachment": [
					{ "time": 0, "name": null },
					{ "time": 0.1, "name": "Lion_gj_0_4_5_" },
					{ "time": 0.1333, "name": null },
					{ "time": 0.2333, "name": null }
				]
			},
			"Lion_gj_0_5_1_": {
				"attachment": [
					{ "time": 0, "name": null },
					{ "time": 0.1333, "name": "Lion_gj_0_5_1_" },
					{ "time": 0.1666, "name": null },
					{ "time": 0.2333, "name": null }
				]
			},
			"Lion_gj_0_5_2_": {
				"attachment": [
					{ "time": 0, "name": null },
					{ "time": 0.1333, "name": "Lion_gj_0_5_2_" },
					{ "time": 0.1666, "name": null },
					{ "time": 0.2333, "name": null }
				]
			},
			"Lion_gj_0_5_3_": {
				"attachment": [
					{ "time": 0, "name": null },
					{ "time": 0.1333, "name": "Lion_gj_0_5_3_" },
					{ "time": 0.1666, "name": null },
					{ "time": 0.2333, "name": null }
				]
			},
			"Lion_gj_0_5_4_": {
				"attachment": [
					{ "time": 0, "name": null },
					{ "time": 0.1333, "name": "Lion_gj_0_5_4_" },
					{ "time": 0.1666, "name": null },
					{ "time": 0.2333, "name": null }
				]
			},
			"Lion_gj_0_5_5_": {
				"attachment": [
					{ "time": 0, "name": null },
					{ "time": 0.1333, "name": "Lion_gj_0_5_5_" },
					{ "time": 0.1666, "name": null },
					{ "time": 0.2333, "name": null }
				]
			},
			"Lion_gj_0_6_10_": {
				"attachment": [
					{ "time": 0, "name": null },
					{ "time": 0.1666, "name": "Lion_gj_0_6_10_" },
					{ "time": 0.2, "name": null },
					{ "time": 0.2333, "name": null }
				]
			},
			"Lion_gj_0_6_1_": {
				"attachment": [
					{ "time": 0, "name": null },
					{ "time": 0.1666, "name": "Lion_gj_0_6_1_" },
					{ "time": 0.2, "name": null },
					{ "time": 0.2333, "name": null }
				]
			},
			"Lion_gj_0_6_2_": {
				"attachment": [
					{ "time": 0, "name": null },
					{ "time": 0.1666, "name": "Lion_gj_0_6_2_" },
					{ "time": 0.2, "name": null },
					{ "time": 0.2333, "name": null }
				]
			},
			"Lion_gj_0_6_3_": {
				"attachment": [
					{ "time": 0, "name": null },
					{ "time": 0.1666, "name": "Lion_gj_0_6_3_" },
					{ "time": 0.2, "name": null },
					{ "time": 0.2333, "name": null }
				]
			},
			"Lion_gj_0_6_4_": {
				"attachment": [
					{ "time": 0, "name": null },
					{ "time": 0.1666, "name": "Lion_gj_0_6_4_" },
					{ "time": 0.2, "name": null },
					{ "time": 0.2333, "name": null }
				]
			},
			"Lion_gj_0_6_5_": {
				"attachment": [
					{ "time": 0, "name": null },
					{ "time": 0.1666, "name": "Lion_gj_0_6_5_" },
					{ "time": 0.2, "name": null },
					{ "time": 0.2333, "name": null }
				]
			},
			"Lion_gj_0_6_6_": {
				"attachment": [
					{ "time": 0, "name": null },
					{ "time": 0.1666, "name": "Lion_gj_0_6_6_" },
					{ "time": 0.2, "name": null },
					{ "time": 0.2333, "name": null }
				]
			},
			"Lion_gj_0_6_7_": {
				"attachment": [
					{ "time": 0, "name": null },
					{ "time": 0.1666, "name": "Lion_gj_0_6_7_" },
					{ "time": 0.2, "name": null },
					{ "time": 0.2333, "name": null }
				]
			},
			"Lion_gj_0_6_8_": {
				"attachment": [
					{ "time": 0, "name": null },
					{ "time": 0.1666, "name": "Lion_gj_0_6_8_" },
					{ "time": 0.2, "name": null },
					{ "time": 0.2333, "name": null }
				]
			},
			"Lion_gj_0_6_9_": {
				"attachment": [
					{ "time": 0, "name": null },
					{ "time": 0.1666, "name": "Lion_gj_0_6_9_" },
					{ "time": 0.2, "name": null },
					{ "time": 0.2333, "name": null }
				]
			},
			"Lion_gj_0_7_1_": {
				"attachment": [
					{ "time": 0, "name": null },
					{ "time": 0.2, "name": "Lion_gj_0_7_1_" },
					{ "time": 0.2333, "name": null }
				]
			},
			"Lion_gj_0_7_2_": {
				"attachment": [
					{ "time": 0, "name": null },
					{ "time": 0.2, "name": "Lion_gj_0_7_2_" },
					{ "time": 0.2333, "name": null }
				]
			},
			"Lion_gj_0_7_3_": {
				"attachment": [
					{ "time": 0, "name": null },
					{ "time": 0.2, "name": "Lion_gj_0_7_3_" },
					{ "time": 0.2333, "name": null }
				]
			},
			"Lion_gj_0_7_4_": {
				"attachment": [
					{ "time": 0, "name": null },
					{ "time": 0.2, "name": "Lion_gj_0_7_4_" },
					{ "time": 0.2333, "name": null }
				]
			},
			"Lion_gj_0_7_5_": {
				"attachment": [
					{ "time": 0, "name": null },
					{ "time": 0.2, "name": "Lion_gj_0_7_5_" },
					{ "time": 0.2333, "name": null }
				]
			},
			"Lion_gj_0_7_6_": {
				"attachment": [
					{ "time": 0, "name": null },
					{ "time": 0.2, "name": "Lion_gj_0_7_6_" },
					{ "time": 0.2333, "name": null }
				]
			},
			"Lion_gj_0_7_7_": {
				"attachment": [
					{ "time": 0, "name": null },
					{ "time": 0.2, "name": "Lion_gj_0_7_7_" },
					{ "time": 0.2333, "name": null }
				]
			},
			"Lion_gj_0_8_1_": {
				"attachment": [
					{ "time": 0, "name": null },
					{ "time": 0.2333, "name": "Lion_gj_0_8_1_" },
					{ "time": 0.2666, "name": null }
				]
			},
			"Lion_gj_0_8_2_": {
				"attachment": [
					{ "time": 0, "name": null },
					{ "time": 0.2333, "name": "Lion_gj_0_8_2_" },
					{ "time": 0.2666, "name": null }
				]
			},
			"Lion_gj_0_8_3_": {
				"attachment": [
					{ "time": 0, "name": null },
					{ "time": 0.2333, "name": "Lion_gj_0_8_3_" },
					{ "time": 0.2666, "name": null }
				]
			},
			"Lion_gj_0_8_4_": {
				"attachment": [
					{ "time": 0, "name": null },
					{ "time": 0.2333, "name": "Lion_gj_0_8_4_" },
					{ "time": 0.2666, "name": null }
				]
			},
			"Lion_gj_0_8_5_": {
				"attachment": [
					{ "time": 0, "name": null },
					{ "time": 0.2333, "name": "Lion_gj_0_8_5_" },
					{ "time": 0.2666, "name": null }
				]
			},
			"Lion_gj_0_9_1_": {
				"attachment": [
					{ "time": 0, "name": null },
					{ "time": 0.2333, "name": null },
					{ "time": 0.2666, "name": "Lion_gj_0_9_1_" }
				]
			},
			"Lion_gj_0_9_2_": {
				"attachment": [
					{ "time": 0, "name": null },
					{ "time": 0.2333, "name": null },
					{ "time": 0.2666, "name": "Lion_gj_0_9_2_" }
				]
			},
			"Lion_gj_0_9_3_": {
				"attachment": [
					{ "time": 0, "name": null },
					{ "time": 0.2333, "name": null },
					{ "time": 0.2666, "name": "Lion_gj_0_9_3_" }
				]
			},
			"Lion_gj_0_9_4_": {
				"attachment": [
					{ "time": 0, "name": null },
					{ "time": 0.2333, "name": null },
					{ "time": 0.2666, "name": "Lion_gj_0_9_4_" }
				]
			},
			"Lion_gj_0_9_5_": {
				"attachment": [
					{ "time": 0, "name": null },
					{ "time": 0.2333, "name": null },
					{ "time": 0.2666, "name": "Lion_gj_0_9_5_" }
				]
			},
			"siwang": {
				"attachment": [
					{ "time": 0, "name": null },
					{ "time": 0.2666, "name": null }
				]
			}
		}
	},
	"sw": {
		"slots": {
			"Lion_dj_0_0_1_": {
				"attachment": [
					{ "time": 0, "name": "Lion_dj_0_0_1_" }
				],
				"color": [
					{ "time": 0, "color": "ffffffff" },
					{ "time": 0.2, "color": "ffffff00" }
				]
			},
			"Lion_dj_0_0_2_": {
				"attachment": [
					{ "time": 0, "name": "Lion_dj_0_0_2_" }
				],
				"color": [
					{ "time": 0, "color": "ffffffff" },
					{ "time": 0.2, "color": "ffffff00" }
				]
			},
			"Lion_dj_0_0_3_": {
				"attachment": [
					{ "time": 0, "name": "Lion_dj_0_0_3_" }
				],
				"color": [
					{ "time": 0, "color": "ffffffff" },
					{ "time": 0.2, "color": "ffffff00" }
				]
			},
			"Lion_dj_0_0_4_": {
				"attachment": [
					{ "time": 0, "name": "Lion_dj_0_0_4_" }
				],
				"color": [
					{ "time": 0, "color": "ffffffff" },
					{ "time": 0.2, "color": "ffffff00" }
				]
			},
			"Lion_dj_0_0_5_": {
				"attachment": [
					{ "time": 0, "name": "Lion_dj_0_0_5_" }
				],
				"color": [
					{ "time": 0, "color": "ffffffff" },
					{ "time": 0.2, "color": "ffffff00" }
				]
			},
			"Lion_dj_0_1_1_": {
				"attachment": [
					{ "time": 0, "name": null }
				],
				"color": [
					{ "time": 0, "color": "ffffffff" },
					{ "time": 0.2, "color": "ffffff00" }
				]
			},
			"Lion_dj_0_1_2_": {
				"attachment": [
					{ "time": 0, "name": null }
				],
				"color": [
					{ "time": 0, "color": "ffffffff" },
					{ "time": 0.2, "color": "ffffff00" }
				]
			},
			"Lion_dj_0_1_3_": {
				"attachment": [
					{ "time": 0, "name": null }
				],
				"color": [
					{ "time": 0, "color": "ffffffff" },
					{ "time": 0.2, "color": "ffffff00" }
				]
			},
			"Lion_dj_0_1_4_": {
				"attachment": [
					{ "time": 0, "name": null }
				],
				"color": [
					{ "time": 0, "color": "ffffffff" },
					{ "time": 0.2, "color": "ffffff00" }
				]
			},
			"Lion_dj_0_1_5_": {
				"attachment": [
					{ "time": 0, "name": null }
				],
				"color": [
					{ "time": 0, "color": "ffffffff" },
					{ "time": 0.2, "color": "ffffff00" }
				]
			},
			"Lion_dj_0_2_1_": {
				"attachment": [
					{ "time": 0, "name": null }
				],
				"color": [
					{ "time": 0, "color": "ffffffff" },
					{ "time": 0.2, "color": "ffffff00" }
				]
			},
			"Lion_dj_0_2_2_": {
				"attachment": [
					{ "time": 0, "name": null }
				],
				"color": [
					{ "time": 0, "color": "ffffffff" },
					{ "time": 0.2, "color": "ffffff00" }
				]
			},
			"Lion_dj_0_2_3_": {
				"attachment": [
					{ "time": 0, "name": null }
				],
				"color": [
					{ "time": 0, "color": "ffffffff" },
					{ "time": 0.2, "color": "ffffff00" }
				]
			},
			"Lion_dj_0_2_4_": {
				"attachment": [
					{ "time": 0, "name": null }
				],
				"color": [
					{ "time": 0, "color": "ffffffff" },
					{ "time": 0.2, "color": "ffffff00" }
				]
			},
			"Lion_dj_0_2_5_": {
				"attachment": [
					{ "time": 0, "name": null }
				],
				"color": [
					{ "time": 0, "color": "ffffffff" },
					{ "time": 0.2, "color": "ffffff00" }
				]
			},
			"Lion_dj_0_3_1_": {
				"attachment": [
					{ "time": 0, "name": null }
				],
				"color": [
					{ "time": 0, "color": "ffffffff" },
					{ "time": 0.2, "color": "ffffff00" }
				]
			},
			"Lion_dj_0_3_2_": {
				"attachment": [
					{ "time": 0, "name": null }
				],
				"color": [
					{ "time": 0, "color": "ffffffff" },
					{ "time": 0.2, "color": "ffffff00" }
				]
			},
			"Lion_dj_0_3_3_": {
				"attachment": [
					{ "time": 0, "name": null }
				],
				"color": [
					{ "time": 0, "color": "ffffffff" },
					{ "time": 0.2, "color": "ffffff00" }
				]
			},
			"Lion_dj_0_3_4_": {
				"attachment": [
					{ "time": 0, "name": null }
				],
				"color": [
					{ "time": 0, "color": "ffffffff" },
					{ "time": 0.2, "color": "ffffff00" }
				]
			},
			"Lion_dj_0_4_1_": {
				"attachment": [
					{ "time": 0, "name": null }
				],
				"color": [
					{ "time": 0, "color": "ffffffff" },
					{ "time": 0.2, "color": "ffffff00" }
				]
			},
			"Lion_dj_0_4_2_": {
				"attachment": [
					{ "time": 0, "name": null }
				],
				"color": [
					{ "time": 0, "color": "ffffffff" },
					{ "time": 0.2, "color": "ffffff00" }
				]
			},
			"Lion_dj_0_4_3_": {
				"attachment": [
					{ "time": 0, "name": null }
				],
				"color": [
					{ "time": 0, "color": "ffffffff" },
					{ "time": 0.2, "color": "ffffff00" }
				]
			},
			"Lion_dj_0_4_4_": {
				"attachment": [
					{ "time": 0, "name": null }
				],
				"color": [
					{ "time": 0, "color": "ffffffff" },
					{ "time": 0.2, "color": "ffffff00" }
				]
			},
			"Lion_dj_0_5_1_": {
				"attachment": [
					{ "time": 0, "name": null }
				],
				"color": [
					{ "time": 0, "color": "ffffffff" },
					{ "time": 0.2, "color": "ffffff00" }
				]
			},
			"Lion_dj_0_5_2_": {
				"attachment": [
					{ "time": 0, "name": null }
				],
				"color": [
					{ "time": 0, "color": "ffffffff" },
					{ "time": 0.2, "color": "ffffff00" }
				]
			},
			"Lion_dj_0_5_3_": {
				"attachment": [
					{ "time": 0, "name": null }
				],
				"color": [
					{ "time": 0, "color": "ffffffff" },
					{ "time": 0.2, "color": "ffffff00" }
				]
			},
			"Lion_dj_0_5_4_": {
				"attachment": [
					{ "time": 0, "name": null }
				],
				"color": [
					{ "time": 0, "color": "ffffffff" },
					{ "time": 0.2, "color": "ffffff00" }
				]
			},
			"Lion_dj_0_5_5_": {
				"attachment": [
					{ "time": 0, "name": null }
				],
				"color": [
					{ "time": 0, "color": "ffffffff" },
					{ "time": 0.2, "color": "ffffff00" }
				]
			},
			"Lion_dj_0_6_1_": {
				"attachment": [
					{ "time": 0, "name": null }
				],
				"color": [
					{ "time": 0, "color": "ffffffff" },
					{ "time": 0.2, "color": "ffffff00" }
				]
			},
			"Lion_dj_0_6_2_": {
				"attachment": [
					{ "time": 0, "name": null }
				],
				"color": [
					{ "time": 0, "color": "ffffffff" },
					{ "time": 0.2, "color": "ffffff00" }
				]
			},
			"Lion_dj_0_6_3_": {
				"attachment": [
					{ "time": 0, "name": null }
				],
				"color": [
					{ "time": 0, "color": "ffffffff" },
					{ "time": 0.2, "color": "ffffff00" }
				]
			},
			"Lion_dj_0_6_4_": {
				"attachment": [
					{ "time": 0, "name": null }
				],
				"color": [
					{ "time": 0, "color": "ffffffff" },
					{ "time": 0.2, "color": "ffffff00" }
				]
			},
			"Lion_dj_0_6_5_": {
				"attachment": [
					{ "time": 0, "name": null }
				],
				"color": [
					{ "time": 0, "color": "ffffffff" },
					{ "time": 0.2, "color": "ffffff00" }
				]
			},
			"Lion_dj_0_7_1_": {
				"attachment": [
					{ "time": 0, "name": null }
				],
				"color": [
					{ "time": 0, "color": "ffffffff" },
					{ "time": 0.2, "color": "ffffff00" }
				]
			},
			"Lion_dj_0_7_2_": {
				"attachment": [
					{ "time": 0, "name": null }
				],
				"color": [
					{ "time": 0, "color": "ffffffff" },
					{ "time": 0.2, "color": "ffffff00" }
				]
			},
			"Lion_dj_0_7_3_": {
				"attachment": [
					{ "time": 0, "name": null }
				],
				"color": [
					{ "time": 0, "color": "ffffffff" },
					{ "time": 0.2, "color": "ffffff00" }
				]
			},
			"Lion_dj_0_7_4_": {
				"attachment": [
					{ "time": 0, "name": null }
				],
				"color": [
					{ "time": 0, "color": "ffffffff" },
					{ "time": 0.2, "color": "ffffff00" }
				]
			},
			"Lion_dj_0_7_5_": {
				"attachment": [
					{ "time": 0, "name": null }
				],
				"color": [
					{ "time": 0, "color": "ffffffff" },
					{ "time": 0.2, "color": "ffffff00" }
				]
			},
			"Lion_gj_0_0_1_": {
				"attachment": [
					{ "time": 0, "name": null }
				],
				"color": [
					{ "time": 0, "color": "ffffffff" },
					{ "time": 0.2, "color": "ffffff00" }
				]
			},
			"Lion_gj_0_0_2_": {
				"attachment": [
					{ "time": 0, "name": null }
				],
				"color": [
					{ "time": 0, "color": "ffffffff" },
					{ "time": 0.2, "color": "ffffff00" }
				]
			},
			"Lion_gj_0_0_3_": {
				"attachment": [
					{ "time": 0, "name": null }
				],
				"color": [
					{ "time": 0, "color": "ffffffff" },
					{ "time": 0.2, "color": "ffffff00" }
				]
			},
			"Lion_gj_0_0_4_": {
				"attachment": [
					{ "time": 0, "name": null }
				],
				"color": [
					{ "time": 0, "color": "ffffffff" },
					{ "time": 0.2, "color": "ffffff00" }
				]
			},
			"Lion_gj_0_1_1_": {
				"attachment": [
					{ "time": 0, "name": null }
				],
				"color": [
					{ "time": 0, "color": "ffffffff" },
					{ "time": 0.2, "color": "ffffff00" }
				]
			},
			"Lion_gj_0_1_2_": {
				"attachment": [
					{ "time": 0, "name": null }
				],
				"color": [
					{ "time": 0, "color": "ffffffff" },
					{ "time": 0.2, "color": "ffffff00" }
				]
			},
			"Lion_gj_0_1_3_": {
				"attachment": [
					{ "time": 0, "name": null }
				],
				"color": [
					{ "time": 0, "color": "ffffffff" },
					{ "time": 0.2, "color": "ffffff00" }
				]
			},
			"Lion_gj_0_1_4_": {
				"attachment": [
					{ "time": 0, "name": null }
				],
				"color": [
					{ "time": 0, "color": "ffffffff" },
					{ "time": 0.2, "color": "ffffff00" }
				]
			},
			"Lion_gj_0_1_5_": {
				"attachment": [
					{ "time": 0, "name": null }
				],
				"color": [
					{ "time": 0, "color": "ffffffff" },
					{ "time": 0.2, "color": "ffffff00" }
				]
			},
			"Lion_gj_0_2_1_": {
				"attachment": [
					{ "time": 0, "name": null }
				],
				"color": [
					{ "time": 0, "color": "ffffffff" },
					{ "time": 0.2, "color": "ffffff00" }
				]
			},
			"Lion_gj_0_2_2_": {
				"attachment": [
					{ "time": 0, "name": null }
				],
				"color": [
					{ "time": 0, "color": "ffffffff" },
					{ "time": 0.2, "color": "ffffff00" }
				]
			},
			"Lion_gj_0_2_3_": {
				"attachment": [
					{ "time": 0, "name": null }
				],
				"color": [
					{ "time": 0, "color": "ffffffff" },
					{ "time": 0.2, "color": "ffffff00" }
				]
			},
			"Lion_gj_0_2_4_": {
				"attachment": [
					{ "time": 0, "name": null }
				],
				"color": [
					{ "time": 0, "color": "ffffffff" },
					{ "time": 0.2, "color": "ffffff00" }
				]
			},
			"Lion_gj_0_3_1_": {
				"attachment": [
					{ "time": 0, "name": null }
				],
				"color": [
					{ "time": 0, "color": "ffffffff" },
					{ "time": 0.2, "color": "ffffff00" }
				]
			},
			"Lion_gj_0_3_2_": {
				"attachment": [
					{ "time": 0, "name": null }
				],
				"color": [
					{ "time": 0, "color": "ffffffff" },
					{ "time": 0.2, "color": "ffffff00" }
				]
			},
			"Lion_gj_0_3_3_": {
				"attachment": [
					{ "time": 0, "name": null }
				],
				"color": [
					{ "time": 0, "color": "ffffffff" },
					{ "time": 0.2, "color": "ffffff00" }
				]
			},
			"Lion_gj_0_3_4_": {
				"attachment": [
					{ "time": 0, "name": null }
				],
				"color": [
					{ "time": 0, "color": "ffffffff" },
					{ "time": 0.2, "color": "ffffff00" }
				]
			},
			"Lion_gj_0_3_5_": {
				"attachment": [
					{ "time": 0, "name": null }
				],
				"color": [
					{ "time": 0, "color": "ffffffff" },
					{ "time": 0.2, "color": "ffffff00" }
				]
			},
			"Lion_gj_0_4_1_": {
				"attachment": [
					{ "time": 0, "name": null }
				],
				"color": [
					{ "time": 0, "color": "ffffffff" },
					{ "time": 0.2, "color": "ffffff00" }
				]
			},
			"Lion_gj_0_4_2_": {
				"attachment": [
					{ "time": 0, "name": null }
				],
				"color": [
					{ "time": 0, "color": "ffffffff" },
					{ "time": 0.2, "color": "ffffff00" }
				]
			},
			"Lion_gj_0_4_3_": {
				"attachment": [
					{ "time": 0, "name": null }
				],
				"color": [
					{ "time": 0, "color": "ffffffff" },
					{ "time": 0.2, "color": "ffffff00" }
				]
			},
			"Lion_gj_0_4_4_": {
				"attachment": [
					{ "time": 0, "name": null }
				],
				"color": [
					{ "time": 0, "color": "ffffffff" },
					{ "time": 0.2, "color": "ffffff00" }
				]
			},
			"Lion_gj_0_4_5_": {
				"attachment": [
					{ "time": 0, "name": null }
				],
				"color": [
					{ "time": 0, "color": "ffffffff" },
					{ "time": 0.2, "color": "ffffff00" }
				]
			},
			"Lion_gj_0_5_1_": {
				"attachment": [
					{ "time": 0, "name": null }
				],
				"color": [
					{ "time": 0, "color": "ffffffff" },
					{ "time": 0.2, "color": "ffffff00" }
				]
			},
			"Lion_gj_0_5_2_": {
				"attachment": [
					{ "time": 0, "name": null }
				],
				"color": [
					{ "time": 0, "color": "ffffffff" },
					{ "time": 0.2, "color": "ffffff00" }
				]
			},
			"Lion_gj_0_5_3_": {
				"attachment": [
					{ "time": 0, "name": null }
				],
				"color": [
					{ "time": 0, "color": "ffffffff" },
					{ "time": 0.2, "color": "ffffff00" }
				]
			},
			"Lion_gj_0_5_4_": {
				"attachment": [
					{ "time": 0, "name": null }
				],
				"color": [
					{ "time": 0, "color": "ffffffff" },
					{ "time": 0.2, "color": "ffffff00" }
				]
			},
			"Lion_gj_0_5_5_": {
				"attachment": [
					{ "time": 0, "name": null }
				],
				"color": [
					{ "time": 0, "color": "ffffffff" },
					{ "time": 0.2, "color": "ffffff00" }
				]
			},
			"Lion_gj_0_6_10_": {
				"attachment": [
					{ "time": 0, "name": null }
				],
				"color": [
					{ "time": 0, "color": "ffffffff" },
					{ "time": 0.2, "color": "ffffff00" }
				]
			},
			"Lion_gj_0_6_1_": {
				"attachment": [
					{ "time": 0, "name": null }
				],
				"color": [
					{ "time": 0, "color": "ffffffff" },
					{ "time": 0.2, "color": "ffffff00" }
				]
			},
			"Lion_gj_0_6_2_": {
				"attachment": [
					{ "time": 0, "name": null }
				],
				"color": [
					{ "time": 0, "color": "ffffffff" },
					{ "time": 0.2, "color": "ffffff00" }
				]
			},
			"Lion_gj_0_6_3_": {
				"attachment": [
					{ "time": 0, "name": null }
				],
				"color": [
					{ "time": 0, "color": "ffffffff" },
					{ "time": 0.2, "color": "ffffff00" }
				]
			},
			"Lion_gj_0_6_4_": {
				"attachment": [
					{ "time": 0, "name": null }
				],
				"color": [
					{ "time": 0, "color": "ffffffff" },
					{ "time": 0.2, "color": "ffffff00" }
				]
			},
			"Lion_gj_0_6_5_": {
				"attachment": [
					{ "time": 0, "name": null }
				],
				"color": [
					{ "time": 0, "color": "ffffffff" },
					{ "time": 0.2, "color": "ffffff00" }
				]
			},
			"Lion_gj_0_6_6_": {
				"attachment": [
					{ "time": 0, "name": null }
				],
				"color": [
					{ "time": 0, "color": "ffffffff" },
					{ "time": 0.2, "color": "ffffff00" }
				]
			},
			"Lion_gj_0_6_7_": {
				"attachment": [
					{ "time": 0, "name": null }
				],
				"color": [
					{ "time": 0, "color": "ffffffff" },
					{ "time": 0.2, "color": "ffffff00" }
				]
			},
			"Lion_gj_0_6_8_": {
				"attachment": [
					{ "time": 0, "name": null }
				],
				"color": [
					{ "time": 0, "color": "ffffffff" },
					{ "time": 0.2, "color": "ffffff00" }
				]
			},
			"Lion_gj_0_6_9_": {
				"attachment": [
					{ "time": 0, "name": null }
				],
				"color": [
					{ "time": 0, "color": "ffffffff" },
					{ "time": 0.2, "color": "ffffff00" }
				]
			},
			"Lion_gj_0_7_1_": {
				"attachment": [
					{ "time": 0, "name": null }
				],
				"color": [
					{ "time": 0, "color": "ffffffff" },
					{ "time": 0.2, "color": "ffffff00" }
				]
			},
			"Lion_gj_0_7_2_": {
				"attachment": [
					{ "time": 0, "name": null }
				],
				"color": [
					{ "time": 0, "color": "ffffffff" },
					{ "time": 0.2, "color": "ffffff00" }
				]
			},
			"Lion_gj_0_7_3_": {
				"attachment": [
					{ "time": 0, "name": null }
				],
				"color": [
					{ "time": 0, "color": "ffffffff" },
					{ "time": 0.2, "color": "ffffff00" }
				]
			},
			"Lion_gj_0_7_4_": {
				"attachment": [
					{ "time": 0, "name": null }
				],
				"color": [
					{ "time": 0, "color": "ffffffff" },
					{ "time": 0.2, "color": "ffffff00" }
				]
			},
			"Lion_gj_0_7_5_": {
				"attachment": [
					{ "time": 0, "name": null }
				],
				"color": [
					{ "time": 0, "color": "ffffffff" },
					{ "time": 0.2, "color": "ffffff00" }
				]
			},
			"Lion_gj_0_7_6_": {
				"attachment": [
					{ "time": 0, "name": null }
				],
				"color": [
					{ "time": 0, "color": "ffffffff" },
					{ "time": 0.2, "color": "ffffff00" }
				]
			},
			"Lion_gj_0_7_7_": {
				"attachment": [
					{ "time": 0, "name": null }
				],
				"color": [
					{ "time": 0, "color": "ffffffff" },
					{ "time": 0.2, "color": "ffffff00" }
				]
			},
			"Lion_gj_0_8_1_": {
				"attachment": [
					{ "time": 0, "name": null }
				],
				"color": [
					{ "time": 0, "color": "ffffffff" },
					{ "time": 0.2, "color": "ffffff00" }
				]
			},
			"Lion_gj_0_8_2_": {
				"attachment": [
					{ "time": 0, "name": null }
				],
				"color": [
					{ "time": 0, "color": "ffffffff" },
					{ "time": 0.2, "color": "ffffff00" }
				]
			},
			"Lion_gj_0_8_3_": {
				"attachment": [
					{ "time": 0, "name": null }
				],
				"color": [
					{ "time": 0, "color": "ffffffff" },
					{ "time": 0.2, "color": "ffffff00" }
				]
			},
			"Lion_gj_0_8_4_": {
				"attachment": [
					{ "time": 0, "name": null }
				],
				"color": [
					{ "time": 0, "color": "ffffffff" },
					{ "time": 0.2, "color": "ffffff00" }
				]
			},
			"Lion_gj_0_8_5_": {
				"attachment": [
					{ "time": 0, "name": null }
				],
				"color": [
					{ "time": 0, "color": "ffffffff" },
					{ "time": 0.2, "color": "ffffff00" }
				]
			},
			"Lion_gj_0_9_1_": {
				"attachment": [
					{ "time": 0, "name": null }
				],
				"color": [
					{ "time": 0, "color": "ffffffff" },
					{ "time": 0.2, "color": "ffffff00" }
				]
			},
			"Lion_gj_0_9_2_": {
				"attachment": [
					{ "time": 0, "name": null }
				],
				"color": [
					{ "time": 0, "color": "ffffffff" },
					{ "time": 0.2, "color": "ffffff00" }
				]
			},
			"Lion_gj_0_9_3_": {
				"attachment": [
					{ "time": 0, "name": null }
				],
				"color": [
					{ "time": 0, "color": "ffffffff" },
					{ "time": 0.2, "color": "ffffff00" }
				]
			},
			"Lion_gj_0_9_4_": {
				"attachment": [
					{ "time": 0, "name": null }
				],
				"color": [
					{ "time": 0, "color": "ffffffff" },
					{ "time": 0.2, "color": "ffffff00" }
				]
			},
			"Lion_gj_0_9_5_": {
				"attachment": [
					{ "time": 0, "name": null }
				],
				"color": [
					{ "time": 0, "color": "ffffffff" },
					{ "time": 0.2, "color": "ffffff00" }
				]
			},
			"siwang": {
				"attachment": [
					{ "time": 0, "name": null },
					{ "time": 0.0333, "name": "siwang_0_" },
					{ "time": 0.0666, "name": "siwang_1_" },
					{ "time": 0.1, "name": "siwang_2_" },
					{ "time": 0.1333, "name": "siwang_3_" },
					{ "time": 0.1666, "name": "siwang_4_" },
					{ "time": 0.2, "name": "siwang_5_" },
					{ "time": 0.2333, "name": "siwang_5_" },
					{ "time": 0.2666, "name": "siwang_6_" }
				]
			}
		},
		"bones": {
			"siwangtexiao": {
				"translate": [
					{ "time": 0, "x": 0, "y": 46.93, "curve": "stepped" },
					{ "time": 0.2666, "x": 0, "y": 46.93 }
				]
			}
		}
	}
}
}