{
"skeleton": { "hash": "vE5rahK91qXQr4FhRaJ2XnqEljk", "spine": "2.1.27", "width": 0, "height": 0 },
"bones": [
	{ "name": "root" }
],
"slots": [
	{ "name": "dj0_13_", "bone": "root" },
	{ "name": "dj0_12_", "bone": "root" },
	{ "name": "dj0_11_", "bone": "root" },
	{ "name": "dj0_10_", "bone": "root" },
	{ "name": "dj0_9_", "bone": "root" },
	{ "name": "dj0_8_", "bone": "root" },
	{ "name": "dj0_7_", "bone": "root" },
	{ "name": "dj0_6_", "bone": "root" },
	{ "name": "dj0_5_", "bone": "root" },
	{ "name": "dji0_4_", "bone": "root" },
	{ "name": "dj0_3_", "bone": "root" },
	{ "name": "dji0_2_", "bone": "root" },
	{ "name": "dj0_1_", "bone": "root" },
	{ "name": "dj1_15_", "bone": "root" },
	{ "name": "dj1_14_", "bone": "root" },
	{ "name": "dj1_13_", "bone": "root" },
	{ "name": "dj1_12_", "bone": "root" },
	{ "name": "dj1_11_", "bone": "root" },
	{ "name": "dj1_10_", "bone": "root" },
	{ "name": "dj1_9_", "bone": "root" },
	{ "name": "dj1_8_", "bone": "root" },
	{ "name": "dj1_7_", "bone": "root" },
	{ "name": "dj1_6_", "bone": "root" },
	{ "name": "dj1_5_", "bone": "root" },
	{ "name": "dj1_4_", "bone": "root" },
	{ "name": "dj1_3_", "bone": "root" },
	{ "name": "dj1_2_", "bone": "root" },
	{ "name": "dj1_1_", "bone": "root" },
	{ "name": "dj2_14_", "bone": "root" },
	{ "name": "dj2_13_", "bone": "root" },
	{ "name": "dj2_12_", "bone": "root" },
	{ "name": "dj2_11_", "bone": "root" },
	{ "name": "dj2_10_", "bone": "root" },
	{ "name": "di2_9_", "bone": "root" },
	{ "name": "dj2_8_", "bone": "root" },
	{ "name": "dj2_7_", "bone": "root" },
	{ "name": "dj2_6_", "bone": "root" },
	{ "name": "dj2_5_", "bone": "root" },
	{ "name": "dj2_4_", "bone": "root" },
	{ "name": "dj2_3_", "bone": "root" },
	{ "name": "dj2_2_", "bone": "root" },
	{ "name": "dj2_1_", "bone": "root" },
	{ "name": "dj3_9_", "bone": "root" },
	{ "name": "dj3_8_", "bone": "root" },
	{ "name": "dj3_7_", "bone": "root" },
	{ "name": "dj3_6_", "bone": "root" },
	{ "name": "dj3_5_", "bone": "root" },
	{ "name": "dj3_4_", "bone": "root" },
	{ "name": "dj3_3_", "bone": "root" },
	{ "name": "dj3_2_", "bone": "root" },
	{ "name": "dj3_1_", "bone": "root" },
	{ "name": "dj4_11_", "bone": "root" },
	{ "name": "dj4_10_", "bone": "root" },
	{ "name": "dj4_9_", "bone": "root" },
	{ "name": "dj4_8_", "bone": "root" },
	{ "name": "dj4_7_", "bone": "root" },
	{ "name": "dj4_6_", "bone": "root" },
	{ "name": "dj4_5_", "bone": "root" },
	{ "name": "dj4_4_", "bone": "root" },
	{ "name": "dj4_3_", "bone": "root" },
	{ "name": "dj4_2_", "bone": "root" },
	{ "name": "dj4_1_", "bone": "root" },
	{ "name": "dj5_9_", "bone": "root" },
	{ "name": "dj5_8_", "bone": "root" },
	{ "name": "dj5_7_", "bone": "root" },
	{ "name": "dj5_6_", "bone": "root" },
	{ "name": "dj5_5_", "bone": "root" },
	{ "name": "dj5_4_", "bone": "root" },
	{ "name": "dj5_3_", "bone": "root" },
	{ "name": "dj5_2_", "bone": "root" },
	{ "name": "dj5_1_", "bone": "root" },
	{ "name": "dj6_8_", "bone": "root" },
	{ "name": "dj6_7_", "bone": "root" },
	{ "name": "dj6_6_", "bone": "root" },
	{ "name": "dj6_5_", "bone": "root" },
	{ "name": "dj6_4_", "bone": "root" },
	{ "name": "dj6_3_", "bone": "root" },
	{ "name": "dj6_2_", "bone": "root" },
	{ "name": "dj6_1_", "bone": "root" },
	{ "name": "dj7_11_", "bone": "root" },
	{ "name": "dj7_10_", "bone": "root" },
	{ "name": "dj7_9_", "bone": "root" },
	{ "name": "dj7_8_", "bone": "root" },
	{ "name": "dj7_7_", "bone": "root" },
	{ "name": "dj7_6_", "bone": "root" },
	{ "name": "dj7_5_", "bone": "root" },
	{ "name": "dj7_4_", "bone": "root" },
	{ "name": "dj7_3_", "bone": "root" },
	{ "name": "dj7_2_", "bone": "root" },
	{ "name": "dj7_1_", "bone": "root" },
	{ "name": "sw0_8_", "bone": "root" },
	{ "name": "sw0_7_", "bone": "root" },
	{ "name": "sw0_6_", "bone": "root" },
	{ "name": "sw0_5_", "bone": "root" },
	{ "name": "sw0_4_", "bone": "root" },
	{ "name": "sw0_3_", "bone": "root" },
	{ "name": "sw0_2_", "bone": "root" },
	{ "name": "sw0_1_", "bone": "root" },
	{ "name": "sw1_14_", "bone": "root" },
	{ "name": "sw1_13_", "bone": "root" },
	{ "name": "sw1_12_", "bone": "root" },
	{ "name": "sw1_11_", "bone": "root" },
	{ "name": "sw1_10_", "bone": "root" },
	{ "name": "sw1_9_", "bone": "root" },
	{ "name": "sw1_8_", "bone": "root" },
	{ "name": "sw1_7_", "bone": "root" },
	{ "name": "sw1_6_", "bone": "root" },
	{ "name": "sw1_5_", "bone": "root" },
	{ "name": "sw1_4_", "bone": "root" },
	{ "name": "sw1_3_", "bone": "root" },
	{ "name": "sw1_2_", "bone": "root" },
	{ "name": "sw1_1_", "bone": "root" },
	{ "name": "sw2_5_", "bone": "root" },
	{ "name": "sw2_4_", "bone": "root" },
	{ "name": "sw2_3_", "bone": "root" },
	{ "name": "sw2_2_", "bone": "root" },
	{ "name": "sw2_1_", "bone": "root" },
	{ "name": "sw3_5_", "bone": "root" },
	{ "name": "sw3_4_", "bone": "root" },
	{ "name": "sw3_3_", "bone": "root" },
	{ "name": "sw3_2_", "bone": "root" },
	{ "name": "sw3_1_", "bone": "root" },
	{ "name": "sw4_5_", "bone": "root" },
	{ "name": "sw4_4_", "bone": "root" },
	{ "name": "sw4_3_", "bone": "root" },
	{ "name": "sw4_2_", "bone": "root" },
	{ "name": "sw4_1_", "bone": "root" },
	{ "name": "gj0_14_", "bone": "root" },
	{ "name": "gj0_13_", "bone": "root" },
	{ "name": "gj0_12_", "bone": "root" },
	{ "name": "gj0_11_", "bone": "root" },
	{ "name": "gj0_10_", "bone": "root" },
	{ "name": "gj0_9_", "bone": "root" },
	{ "name": "gj0_8_", "bone": "root" },
	{ "name": "gj0_7_", "bone": "root" },
	{ "name": "gj0_6_", "bone": "root" },
	{ "name": "gj0_5_", "bone": "root" },
	{ "name": "gj0_4_", "bone": "root" },
	{ "name": "gj0_3_", "bone": "root" },
	{ "name": "gj0_2_", "bone": "root" },
	{ "name": "gj0_1_", "bone": "root" },
	{ "name": "gj1_14_", "bone": "root" },
	{ "name": "gj1_13_", "bone": "root" },
	{ "name": "gj1_12_", "bone": "root" },
	{ "name": "gj1_11_", "bone": "root" },
	{ "name": "gj1_10_", "bone": "root" },
	{ "name": "gj1_9_", "bone": "root" },
	{ "name": "gj1_8_", "bone": "root" },
	{ "name": "gj1_7_", "bone": "root" },
	{ "name": "gj1_6_", "bone": "root" },
	{ "name": "gj1_5_", "bone": "root" },
	{ "name": "gj1_4_", "bone": "root" },
	{ "name": "gj1_3_", "bone": "root" },
	{ "name": "gj1_2_", "bone": "root" },
	{ "name": "gj1_1_", "bone": "root" },
	{ "name": "gj2_12_", "bone": "root" },
	{ "name": "gj2_11_", "bone": "root" },
	{ "name": "gj2_10_", "bone": "root" },
	{ "name": "gj2_9_", "bone": "root" },
	{ "name": "gj2_8_", "bone": "root" },
	{ "name": "gj2_7_", "bone": "root" },
	{ "name": "gj2_6_", "bone": "root" },
	{ "name": "gj2_5_", "bone": "root" },
	{ "name": "gj2_4_", "bone": "root" },
	{ "name": "gj2_3_", "bone": "root" },
	{ "name": "gj2_2_", "bone": "root" },
	{ "name": "gj2_1_", "bone": "root" },
	{ "name": "gj3_16_", "bone": "root" },
	{ "name": "gj3_15_", "bone": "root" },
	{ "name": "gj3_14_", "bone": "root" },
	{ "name": "gj3_13_", "bone": "root" },
	{ "name": "gj3_12_", "bone": "root" },
	{ "name": "gj3_11_", "bone": "root" },
	{ "name": "gj3_10_", "bone": "root" },
	{ "name": "gj3_9_", "bone": "root" },
	{ "name": "gj3_8_", "bone": "root" },
	{ "name": "gj3_7_", "bone": "root" },
	{ "name": "gj3_6_", "bone": "root" },
	{ "name": "gj3_5_", "bone": "root" },
	{ "name": "gj3_4_", "bone": "root" },
	{ "name": "gj3_3_", "bone": "root" },
	{ "name": "gj3_2_", "bone": "root" },
	{ "name": "gj3_1_", "bone": "root" },
	{ "name": "gj4_17_", "bone": "root" },
	{ "name": "gj4_16_", "bone": "root" },
	{ "name": "gj4_15_", "bone": "root" },
	{ "name": "gj4_14_", "bone": "root" },
	{ "name": "gj4_13_", "bone": "root" },
	{ "name": "gj4_12_", "bone": "root" },
	{ "name": "gj4_11_", "bone": "root" },
	{ "name": "gj4_10_", "bone": "root" },
	{ "name": "gj4_9_", "bone": "root" },
	{ "name": "gj4_8_", "bone": "root" },
	{ "name": "gj4_7_", "bone": "root" },
	{ "name": "gj4_6_", "bone": "root" },
	{ "name": "gj4_5_", "bone": "root" },
	{ "name": "gj4_4_", "bone": "root" },
	{ "name": "gj4_3_", "bone": "root" },
	{ "name": "gj4_2_", "bone": "root" },
	{ "name": "gj4_1_", "bone": "root" },
	{ "name": "gj5_13_", "bone": "root" },
	{ "name": "gj5_12_", "bone": "root" },
	{ "name": "gj5_11_", "bone": "root" },
	{ "name": "gj5_10_", "bone": "root" },
	{ "name": "gj5_9_", "bone": "root" },
	{ "name": "gj5_8_", "bone": "root" },
	{ "name": "gj5_7_", "bone": "root" },
	{ "name": "gj5_6_", "bone": "root" },
	{ "name": "gj5_5_", "bone": "root" },
	{ "name": "gj5_4_", "bone": "root" },
	{ "name": "gj5_3_", "bone": "root" },
	{ "name": "gj5_2_", "bone": "root" },
	{ "name": "gj5_1_", "bone": "root" }
],
"skins": {
	"default": {
		"di2_9_": {
			"di2_9_": { "x": 130.4, "y": 223.76, "width": 35, "height": 49 }
		},
		"dj0_10_": {
			"dj0_10_": { "x": -56.09, "y": 92.76, "width": 50, "height": 73 }
		},
		"dj0_11_": {
			"dj0_11_": { "x": -9.59, "y": 84.76, "width": 43, "height": 89 }
		},
		"dj0_12_": {
			"dj0_12_": { "x": 39.4, "y": 84.26, "width": 55, "height": 90 }
		},
		"dj0_13_": {
			"dj0_13_": { "x": 107.4, "y": 95.26, "width": 81, "height": 62 }
		},
		"dj0_1_": {
			"dj0_1_": { "x": -169.59, "y": 376.26, "width": 49, "height": 12 }
		},
		"dj0_3_": {
			"dj0_3_": { "x": -56.59, "y": 281.76, "width": 107, "height": 113 }
		},
		"dj0_5_": {
			"dj0_5_": { "x": 27.4, "y": 199.26, "width": 29, "height": 40 }
		},
		"dj0_6_": {
			"dj0_6_": { "x": 77.4, "y": 213.76, "width": 71, "height": 69 }
		},
		"dj0_7_": {
			"dj0_7_": { "x": 153.4, "y": 205.76, "width": 81, "height": 65 }
		},
		"dj0_8_": {
			"dj0_8_": { "x": -19.09, "y": 139.76, "width": 58, "height": 21 }
		},
		"dj0_9_": {
			"dj0_9_": { "x": 31.4, "y": 154.26, "width": 43, "height": 50 }
		},
		"dj1_10_": {
			"dj1_10_": { "x": -21.59, "y": 139.76, "width": 63, "height": 21 }
		},
		"dj1_11_": {
			"dj1_11_": { "x": -61.09, "y": 88.26, "width": 60, "height": 82 }
		},
		"dj1_12_": {
			"dj1_12_": { "x": -9.59, "y": 82.76, "width": 43, "height": 93 }
		},
		"dj1_13_": {
			"dj1_13_": { "x": 103.9, "y": 70.26, "width": 74, "height": 62 }
		},
		"dj1_14_": {
			"dj1_14_": { "x": 39.4, "y": 86.26, "width": 55, "height": 86 }
		},
		"dj1_15_": {
			"dj1_15_": { "x": 25.9, "y": 209.26, "width": 32, "height": 60 }
		},
		"dj1_1_": {
			"dj1_1_": { "x": -72.09, "y": 425.26, "width": 64, "height": 86 }
		},
		"dj1_2_": {
			"dj1_2_": { "x": -34.59, "y": 360.26, "width": 83, "height": 44 }
		},
		"dj1_3_": {
			"dj1_3_": { "x": -54.59, "y": 281.76, "width": 109, "height": 113 }
		},
		"dj1_4_": {
			"dj1_4_": { "x": 10.9, "y": 237.26, "width": 22, "height": 22 }
		},
		"dj1_5_": {
			"dj1_5_": { "x": -29.09, "y": 187.76, "width": 78, "height": 75 }
		},
		"dj1_6_": {
			"dj1_6_": { "x": 180.9, "y": 332.26, "width": 60, "height": 12 }
		},
		"dj1_7_": {
			"dj1_7_": { "x": 98.4, "y": 289.76, "width": 105, "height": 83 }
		},
		"dj1_8_": {
			"dj1_8_": { "x": 77.4, "y": 215.26, "width": 71, "height": 66 }
		},
		"dj1_9_": {
			"dj1_9_": { "x": 31.4, "y": 154.26, "width": 43, "height": 50 }
		},
		"dj2_10_": {
			"dj2_10_": { "x": 144.4, "y": 284.26, "width": 67, "height": 72 }
		},
		"dj2_11_": {
			"dj2_11_": { "x": -66.09, "y": 88.26, "width": 70, "height": 82 }
		},
		"dj2_12_": {
			"dj2_12_": { "x": -9.59, "y": 88.26, "width": 43, "height": 82 }
		},
		"dj2_13_": {
			"dj2_13_": { "x": 39.4, "y": 95.26, "width": 55, "height": 68 }
		},
		"dj2_14_": {
			"dj2_14_": { "x": 104.4, "y": 77.76, "width": 75, "height": 55 }
		},
		"dj2_1_": {
			"dj2_1_": { "x": -113.59, "y": 417.26, "width": 27, "height": 70 }
		},
		"dj2_2_": {
			"dj2_2_": { "x": -120.09, "y": 360.26, "width": 42, "height": 44 }
		},
		"dj2_3_": {
			"dj2_3_": { "x": -96.09, "y": 281.76, "width": 158, "height": 113 }
		},
		"dj2_4_": {
			"dj2_4_": { "x": -102.59, "y": 189.76, "width": 93, "height": 71 }
		},
		"dj2_5_": {
			"dj2_5_": { "x": -7.09, "y": 187.76, "width": 98, "height": 75 }
		},
		"dj2_6_": {
			"dj2_6_": { "x": -1.09, "y": 139.76, "width": 118, "height": 21 }
		},
		"dj2_7_": {
			"dj2_7_": { "x": 61.9, "y": 164.76, "width": 40, "height": 29 }
		},
		"dj2_8_": {
			"dj2_8_": { "x": 79.9, "y": 213.76, "width": 66, "height": 69 }
		},
		"dj3_1_": {
			"dj3_1_": { "x": -191.59, "y": 333.76, "width": 37, "height": 67 }
		},
		"dj3_2_": {
			"dj3_2_": { "x": -164.09, "y": 262.76, "width": 104, "height": 75 }
		},
		"dj3_3_": {
			"dj3_3_": { "x": -129.59, "y": 187.76, "width": 165, "height": 89 }
		},
		"dj3_4_": {
			"dj3_4_": { "x": -8.59, "y": 179.76, "width": 95, "height": 59 }
		},
		"dj3_5_": {
			"dj3_5_": { "x": -64.09, "y": 100.76, "width": 66, "height": 85 }
		},
		"dj3_6_": {
			"dj3_6_": { "x": -4.09, "y": 146.76, "width": 104, "height": 7 }
		},
		"dj3_7_": {
			"dj3_7_": { "x": 7.4, "y": 93.76, "width": 77, "height": 99 }
		},
		"dj3_8_": {
			"dj3_8_": { "x": 101.9, "y": 120.76, "width": 112, "height": 85 }
		},
		"dj3_9_": {
			"dj3_9_": { "x": 143.9, "y": 190.26, "width": 22, "height": 74 }
		},
		"dj4_10_": {
			"dj4_10_": { "x": 107.4, "y": 87.26, "width": 81, "height": 84 }
		},
		"dj4_11_": {
			"dj4_11_": { "x": 169.9, "y": 69.76, "width": 44, "height": 71 }
		},
		"dj4_1_": {
			"dj4_1_": { "x": -218.59, "y": 199.26, "width": 49, "height": 132 }
		},
		"dj4_2_": {
			"dj4_2_": { "x": -169.59, "y": 136.26, "width": 49, "height": 102 }
		},
		"dj4_3_": {
			"dj4_3_": { "x": -132.59, "y": 164.26, "width": 25, "height": 100 }
		},
		"dj4_4_": {
			"dj4_4_": { "x": -88.09, "y": 162.26, "width": 64, "height": 66 }
		},
		"dj4_5_": {
			"dj4_5_": { "x": -60.59, "y": 99.26, "width": 59, "height": 60 }
		},
		"dj4_6_": {
			"dj4_6_": { "x": -13.59, "y": 171.76, "width": 85, "height": 85 }
		},
		"dj4_7_": {
			"dj4_7_": { "x": 57.4, "y": 143.76, "width": 57, "height": 29 }
		},
		"dj4_8_": {
			"dj4_8_": { "x": 17.9, "y": 93.26, "width": 98, "height": 72 }
		},
		"dj4_9_": {
			"dj4_9_": { "x": 77.9, "y": 32.76, "width": 140, "height": 49 }
		},
		"dj5_1_": {
			"dj5_1_": { "x": -162.59, "y": 119.26, "width": 85, "height": 64 }
		},
		"dj5_2_": {
			"dj5_2_": { "x": -88.09, "y": 152.76, "width": 64, "height": 47 }
		},
		"dj5_3_": {
			"dj5_3_": { "x": -59.09, "y": 100.26, "width": 56, "height": 58 }
		},
		"dj5_4_": {
			"dj5_4_": { "x": -12.09, "y": 180.76, "width": 88, "height": 61 }
		},
		"dj5_5_": {
			"dj5_5_": { "x": -5.09, "y": 139.76, "width": 102, "height": 21 }
		},
		"dj5_6_": {
			"dj5_6_": { "x": 11.9, "y": 84.26, "width": 86, "height": 90 }
		},
		"dj5_7_": {
			"dj5_7_": { "x": 81.9, "y": 88.76, "width": 54, "height": 99 }
		},
		"dj5_8_": {
			"dj5_8_": { "x": 73.9, "y": 6.76, "width": 148, "height": 65 }
		},
		"dj5_9_": {
			"dj5_9_": { "x": 186.9, "y": -11.73, "width": 78, "height": 32 }
		},
		"dj6_1_": {
			"dj6_1_": { "x": -178.09, "y": 165.26, "width": 66, "height": 52 }
		},
		"dj6_2_": {
			"dj6_2_": { "x": -100.59, "y": 184.26, "width": 89, "height": 28 }
		},
		"dj6_3_": {
			"dj6_3_": { "x": -1.59, "y": 177.26, "width": 109, "height": 54 }
		},
		"dj6_4_": {
			"dj6_4_": { "x": 27.4, "y": 134.76, "width": 117, "height": 31 }
		},
		"dj6_5_": {
			"dj6_5_": { "x": 17.9, "y": 71.76, "width": 98, "height": 97 }
		},
		"dj6_6_": {
			"dj6_6_": { "x": -61.59, "y": 110.26, "width": 61, "height": 88 }
		},
		"dj6_7_": {
			"dj6_7_": { "x": 108.9, "y": 69.26, "width": 84, "height": 100 }
		},
		"dj6_8_": {
			"dj6_8_": { "x": 160.9, "y": -9.73, "width": 130, "height": 58 }
		},
		"dj7_10_": {
			"dj7_10_": { "x": 155.4, "y": 80.26, "width": 51, "height": 44 }
		},
		"dj7_11_": {
			"dj7_11_": { "x": 186.9, "y": 34.26, "width": 36, "height": 48 }
		},
		"dj7_1_": {
			"dj7_1_": { "x": -209.09, "y": 251.76, "width": 44, "height": 49 }
		},
		"dj7_2_": {
			"dj7_2_": { "x": -167.09, "y": 261.26, "width": 40, "height": 38 }
		},
		"dj7_3_": {
			"dj7_3_": { "x": -102.09, "y": 238.76, "width": 92, "height": 75 }
		},
		"dj7_4_": {
			"dj7_4_": { "x": -23.09, "y": 185.76, "width": 66, "height": 87 }
		},
		"dj7_5_": {
			"dj7_5_": { "x": -63.59, "y": 99.26, "width": 65, "height": 86 }
		},
		"dj7_6_": {
			"dj7_6_": { "x": 1.4, "y": 93.26, "width": 65, "height": 98 }
		},
		"dj7_7_": {
			"dj7_7_": { "x": 46.4, "y": 168.26, "width": 73, "height": 52 }
		},
		"dj7_8_": {
			"dj7_8_": { "x": 58.4, "y": 101.26, "width": 49, "height": 82 }
		},
		"dj7_9_": {
			"dj7_9_": { "x": 123.4, "y": 132.26, "width": 81, "height": 60 }
		},
		"dji0_2_": {
			"dji0_2_": { "x": -103.09, "y": 360.26, "width": 84, "height": 44 }
		},
		"dji0_4_": {
			"dji0_4_": { "x": -22.59, "y": 187.76, "width": 65, "height": 75 }
		},
		"gj0_10_": {
			"gj0_10_": { "x": 10.4, "y": 84.76, "width": 83, "height": 91 }
		},
		"gj0_11_": {
			"gj0_11_": { "x": 99.4, "y": 96.76, "width": 95, "height": 65 }
		},
		"gj0_12_": {
			"gj0_12_": { "x": 57.4, "y": 193.26, "width": 103, "height": 50 }
		},
		"gj0_13_": {
			"gj0_13_": { "x": 94.4, "y": 238.26, "width": 93, "height": 40 }
		},
		"gj0_14_": {
			"gj0_14_": { "x": 184.4, "y": 224.26, "width": 87, "height": 52 }
		},
		"gj0_1_": {
			"gj0_1_": { "x": -169.59, "y": 375.26, "width": 47, "height": 10 }
		},
		"gj0_2_": {
			"gj0_2_": { "x": -123.59, "y": 361.76, "width": 45, "height": 41 }
		},
		"gj0_3_": {
			"gj0_3_": { "x": -81.09, "y": 351.76, "width": 40, "height": 21 }
		},
		"gj0_4_": {
			"gj0_4_": { "x": -67.59, "y": 309.26, "width": 91, "height": 64 }
		},
		"gj0_5_": {
			"gj0_5_": { "x": -25.09, "y": 243.76, "width": 56, "height": 67 }
		},
		"gj0_6_": {
			"gj0_6_": { "x": -80.59, "y": 250.26, "width": 55, "height": 54 }
		},
		"gj0_7_": {
			"gj0_7_": { "x": -18.09, "y": 189.26, "width": 48, "height": 42 }
		},
		"gj0_8_": {
			"gj0_8_": { "x": 2.4, "y": 149.26, "width": 99, "height": 38 }
		},
		"gj0_9_": {
			"gj0_9_": { "x": -56.09, "y": 93.26, "width": 50, "height": 74 }
		},
		"gj1_10_": {
			"gj1_10_": { "x": 105.9, "y": 56.76, "width": 58, "height": 25 }
		},
		"gj1_11_": {
			"gj1_11_": { "x": 128.4, "y": 89.26, "width": 55, "height": 40 }
		},
		"gj1_12_": {
			"gj1_12_": { "x": 125.4, "y": 139.26, "width": 65, "height": 60 }
		},
		"gj1_13_": {
			"gj1_13_": { "x": 181.9, "y": 166.26, "width": 48, "height": 46 }
		},
		"gj1_14_": {
			"gj1_14_": { "x": 232.4, "y": 190.26, "width": 53, "height": 12 }
		},
		"gj1_1_": {
			"gj1_1_": { "x": -218.59, "y": 332.76, "width": 45, "height": 67 }
		},
		"gj1_2_": {
			"gj1_2_": { "x": -171.09, "y": 275.26, "width": 50, "height": 86 }
		},
		"gj1_3_": {
			"gj1_3_": { "x": -129.59, "y": 238.26, "width": 33, "height": 106 }
		},
		"gj1_4_": {
			"gj1_4_": { "x": -81.09, "y": 191.76, "width": 64, "height": 109 }
		},
		"gj1_5_": {
			"gj1_5_": { "x": 5.4, "y": 149.26, "width": 109, "height": 38 }
		},
		"gj1_6_": {
			"gj1_6_": { "x": -34.59, "y": 88.26, "width": 63, "height": 84 }
		},
		"gj1_7_": {
			"gj1_7_": { "x": 24.4, "y": 71.26, "width": 55, "height": 118 }
		},
		"gj1_8_": {
			"gj1_8_": { "x": 64.4, "y": 77.26, "width": 25, "height": 64 }
		},
		"gj1_9_": {
			"gj1_9_": { "x": 72.4, "y": 126.26, "width": 41, "height": 34 }
		},
		"gj2_10_": {
			"gj2_10_": { "x": 76.9, "y": 60.76, "width": 150, "height": 91 }
		},
		"gj2_11_": {
			"gj2_11_": { "x": 74.4, "y": -12.73, "width": 65, "height": 56 }
		},
		"gj2_12_": {
			"gj2_12_": { "x": 94.4, "y": -98.73, "width": 51, "height": 116 }
		},
		"gj2_1_": {
			"gj2_1_": { "x": -191.09, "y": -14.73, "width": 34, "height": 26 }
		},
		"gj2_2_": {
			"gj2_2_": { "x": -160.09, "y": 22.26, "width": 28, "height": 72 }
		},
		"gj2_3_": {
			"gj2_3_": { "x": -129.59, "y": 55.26, "width": 33, "height": 108 }
		},
		"gj2_4_": {
			"gj2_4_": { "x": -98.09, "y": 95.26, "width": 30, "height": 106 }
		},
		"gj2_5_": {
			"gj2_5_": { "x": -57.09, "y": 124.76, "width": 52, "height": 87 }
		},
		"gj2_6_": {
			"gj2_6_": { "x": -37.59, "y": 200.26, "width": 87, "height": 64 }
		},
		"gj2_7_": {
			"gj2_7_": { "x": 40.4, "y": 194.76, "width": 69, "height": 53 }
		},
		"gj2_8_": {
			"gj2_8_": { "x": 40.4, "y": 137.26, "width": 89, "height": 62 }
		},
		"gj2_9_": {
			"gj2_9_": { "x": -23.09, "y": 156.26, "width": 16, "height": 24 }
		},
		"gj3_10_": {
			"gj3_10_": { "x": 126.4, "y": 170.76, "width": 29, "height": 75 }
		},
		"gj3_11_": {
			"gj3_11_": { "x": 153.4, "y": 157.76, "width": 25, "height": 49 }
		},
		"gj3_12_": {
			"gj3_12_": { "x": 149.9, "y": 105.26, "width": 32, "height": 56 }
		},
		"gj3_13_": {
			"gj3_13_": { "x": 38.4, "y": 126.26, "width": 39, "height": 84 }
		},
		"gj3_14_": {
			"gj3_14_": { "x": 82.9, "y": 126.26, "width": 50, "height": 84 }
		},
		"gj3_15_": {
			"gj3_15_": { "x": 108.4, "y": 69.76, "width": 77, "height": 29 }
		},
		"gj3_16_": {
			"gj3_16_": { "x": 117.4, "y": 37.76, "width": 57, "height": 35 }
		},
		"gj3_1_": {
			"gj3_1_": { "x": -172.09, "y": 245.26, "width": 12, "height": 80 }
		},
		"gj3_2_": {
			"gj3_2_": { "x": -156.09, "y": 291.26, "width": 20, "height": 22 }
		},
		"gj3_3_": {
			"gj3_3_": { "x": -129.59, "y": 314.76, "width": 33, "height": 37 }
		},
		"gj3_4_": {
			"gj3_4_": { "x": -88.59, "y": 311.76, "width": 49, "height": 45 }
		},
		"gj3_5_": {
			"gj3_5_": { "x": -41.09, "y": 294.76, "width": 46, "height": 73 }
		},
		"gj3_6_": {
			"gj3_6_": { "x": 15.4, "y": 279.26, "width": 67, "height": 44 }
		},
		"gj3_7_": {
			"gj3_7_": { "x": 35.4, "y": 212.76, "width": 33, "height": 89 }
		},
		"gj3_8_": {
			"gj3_8_": { "x": -15.09, "y": 222.26, "width": 68, "height": 60 }
		},
		"gj3_9_": {
			"gj3_9_": { "x": 81.9, "y": 197.26, "width": 60, "height": 58 }
		},
		"gj4_10_": {
			"gj4_10_": { "x": 99.4, "y": 124.76, "width": 55, "height": 17 }
		},
		"gj4_11_": {
			"gj4_11_": { "x": 101.4, "y": 88.26, "width": 37, "height": 56 }
		},
		"gj4_12_": {
			"gj4_12_": { "x": 109.9, "y": 45.26, "width": 56, "height": 30 }
		},
		"gj4_13_": {
			"gj4_13_": { "x": 140.4, "y": 99.26, "width": 41, "height": 34 }
		},
		"gj4_14_": {
			"gj4_14_": { "x": 124.9, "y": 16.26, "width": 16, "height": 28 }
		},
		"gj4_15_": {
			"gj4_15_": { "x": 172.4, "y": 191.76, "width": 69, "height": 67 }
		},
		"gj4_16_": {
			"gj4_16_": { "x": 227.4, "y": 175.26, "width": 41, "height": 96 }
		},
		"gj4_17_": {
			"gj4_17_": { "x": 262.9, "y": 147.26, "width": 30, "height": 118 }
		},
		"gj4_1_": {
			"gj4_1_": { "x": -106.59, "y": 420.26, "width": 65, "height": 20 }
		},
		"gj4_2_": {
			"gj4_2_": { "x": -49.09, "y": 408.26, "width": 50, "height": 46 }
		},
		"gj4_3_": {
			"gj4_3_": { "x": 3.4, "y": 373.26, "width": 59, "height": 64 }
		},
		"gj4_4_": {
			"gj4_4_": { "x": 13.9, "y": 309.26, "width": 86, "height": 64 }
		},
		"gj4_5_": {
			"gj4_5_": { "x": 40.9, "y": 249.26, "width": 52, "height": 56 }
		},
		"gj4_6_": {
			"gj4_6_": { "x": 52.9, "y": 170.76, "width": 38, "height": 101 }
		},
		"gj4_7_": {
			"gj4_7_": { "x": -4.09, "y": 181.76, "width": 76, "height": 79 }
		},
		"gj4_8_": {
			"gj4_8_": { "x": 104.9, "y": 173.76, "width": 66, "height": 81 }
		},
		"gj4_9_": {
			"gj4_9_": { "x": 54.9, "y": 99.76, "width": 42, "height": 41 }
		},
		"gj5_10_": {
			"gj5_10_": { "x": 57.4, "y": 131.76, "width": 51, "height": 47 }
		},
		"gj5_11_": {
			"gj5_11_": { "x": 66.4, "y": 100.26, "width": 69, "height": 22 }
		},
		"gj5_12_": {
			"gj5_12_": { "x": 126.4, "y": 109.76, "width": 51, "height": 25 }
		},
		"gj5_13_": {
			"gj5_13_": { "x": 202.4, "y": 119.76, "width": 101, "height": 13 }
		},
		"gj5_1_": {
			"gj5_1_": { "x": -92.09, "y": 263.26, "width": 26, "height": 52 }
		},
		"gj5_2_": {
			"gj5_2_": { "x": -92.59, "y": 211.26, "width": 77, "height": 52 }
		},
		"gj5_3_": {
			"gj5_3_": { "x": -85.59, "y": 157.76, "width": 125, "height": 55 }
		},
		"gj5_4_": {
			"gj5_4_": { "x": -77.09, "y": 109.76, "width": 118, "height": 41 }
		},
		"gj5_5_": {
			"gj5_5_": { "x": -37.59, "y": 66.76, "width": 125, "height": 45 }
		},
		"gj5_6_": {
			"gj5_6_": { "x": -31.59, "y": 37.26, "width": 55, "height": 14 }
		},
		"gj5_7_": {
			"gj5_7_": { "x": -93.59, "y": 2.76, "width": 69, "height": 83 }
		},
		"gj5_8_": {
			"gj5_8_": { "x": 6.9, "y": 120.26, "width": 50, "height": 62 }
		},
		"gj5_9_": {
			"gj5_9_": { "x": 62.4, "y": 80.76, "width": 75, "height": 17 }
		},
		"sw0_1_": {
			"sw0_1_": { "x": -138.09, "y": 296.76, "width": 96, "height": 133 }
		},
		"sw0_2_": {
			"sw0_2_": { "x": -118.09, "y": 208.26, "width": 124, "height": 44 }
		},
		"sw0_3_": {
			"sw0_3_": { "x": 36.4, "y": 212.26, "width": 185, "height": 52 }
		},
		"sw0_4_": {
			"sw0_4_": { "x": -81.09, "y": 152.76, "width": 162, "height": 67 }
		},
		"sw0_5_": {
			"sw0_5_": { "x": 55.9, "y": 145.76, "width": 112, "height": 81 }
		},
		"sw0_6_": {
			"sw0_6_": { "x": -0.09, "y": 68.76, "width": 74, "height": 101 }
		},
		"sw0_7_": {
			"sw0_7_": { "x": 115.4, "y": 93.26, "width": 123, "height": 24 }
		},
		"sw0_8_": {
			"sw0_8_": { "x": 134.9, "y": 63.26, "width": 122, "height": 36 }
		},
		"sw1_10_": {
			"sw1_10_": { "x": 80.9, "y": 73.26, "width": 52, "height": 80 }
		},
		"sw1_11_": {
			"sw1_11_": { "x": 90.9, "y": 124.76, "width": 28, "height": 23 }
		},
		"sw1_12_": {
			"sw1_12_": { "x": 111.4, "y": 10.76, "width": 73, "height": 45 }
		},
		"sw1_13_": {
			"sw1_13_": { "x": 127.4, "y": 108.26, "width": 41, "height": 54 }
		},
		"sw1_14_": {
			"sw1_14_": { "x": 181.4, "y": 160.76, "width": 67, "height": 99 }
		},
		"sw1_1_": {
			"sw1_1_": { "x": -39.59, "y": 302.26, "width": 75, "height": 144 }
		},
		"sw1_2_": {
			"sw1_2_": { "x": -24.59, "y": 208.26, "width": 105, "height": 44 }
		},
		"sw1_3_": {
			"sw1_3_": { "x": -35.09, "y": 165.26, "width": 130, "height": 42 }
		},
		"sw1_4_": {
			"sw1_4_": { "x": -17.59, "y": 128.76, "width": 93, "height": 31 }
		},
		"sw1_5_": {
			"sw1_5_": { "x": -0.59, "y": 67.26, "width": 111, "height": 92 }
		},
		"sw1_6_": {
			"sw1_6_": { "x": 49.9, "y": 135.76, "width": 42, "height": 45 }
		},
		"sw1_7_": {
			"sw1_7_": { "x": 69.4, "y": 179.76, "width": 39, "height": 43 }
		},
		"sw1_8_": {
			"sw1_8_": { "x": 85.4, "y": 214.26, "width": 15, "height": 26 }
		},
		"sw1_9_": {
			"sw1_9_": { "x": 111.9, "y": 191.76, "width": 46, "height": 21 }
		},
		"sw2_1_": {
			"sw2_1_": { "x": 23.4, "y": 179.76, "width": 479, "height": 101 }
		},
		"sw2_2_": {
			"sw2_2_": { "x": -10.59, "y": 253.76, "width": 333, "height": 47 }
		},
		"sw2_3_": {
			"sw2_3_": { "x": 41.9, "y": 90.26, "width": 516, "height": 78 }
		},
		"sw2_4_": {
			"sw2_4_": { "x": 49.9, "y": -17.73, "width": 500, "height": 138 }
		},
		"sw2_5_": {
			"sw2_5_": { "x": 141.4, "y": -130.23, "width": 251, "height": 87 }
		},
		"sw3_1_": {
			"sw3_1_": { "x": -10.59, "y": 253.76, "width": 333, "height": 47 }
		},
		"sw3_2_": {
			"sw3_2_": { "x": 35.9, "y": 167.26, "width": 504, "height": 126 }
		},
		"sw3_3_": {
			"sw3_3_": { "x": 41.9, "y": 36.76, "width": 516, "height": 135 }
		},
		"sw3_4_": {
			"sw3_4_": { "x": 92.9, "y": -71.73, "width": 376, "height": 82 }
		},
		"sw3_5_": {
			"sw3_5_": { "x": 175.4, "y": -139.23, "width": 171, "height": 53 }
		},
		"sw4_1_": {
			"sw4_1_": { "x": -15.09, "y": 225.26, "width": 378, "height": 78 }
		},
		"sw4_2_": {
			"sw4_2_": { "x": 33.9, "y": 136.76, "width": 500, "height": 99 }
		},
		"sw4_3_": {
			"sw4_3_": { "x": 43.9, "y": 42.76, "width": 512, "height": 89 }
		},
		"sw4_4_": {
			"sw4_4_": { "x": 65.4, "y": -47.73, "width": 425, "height": 92 }
		},
		"sw4_5_": {
			"sw4_5_": { "x": 139.4, "y": -129.73, "width": 225, "height": 72 }
		}
	}
},
"animations": {
	"dj": {
		"slots": {
			"di2_9_": {
				"attachment": [
					{ "time": 0, "name": null },
					{ "time": 0.2, "name": "di2_9_" },
					{ "time": 0.3, "name": null },
					{ "time": 0.7, "name": null }
				]
			},
			"dj0_10_": {
				"attachment": [
					{ "time": 0, "name": "dj0_10_" },
					{ "time": 0.1, "name": null },
					{ "time": 0.7, "name": null }
				]
			},
			"dj0_11_": {
				"attachment": [
					{ "time": 0, "name": "dj0_11_" },
					{ "time": 0.1, "name": null },
					{ "time": 0.7, "name": null }
				]
			},
			"dj0_12_": {
				"attachment": [
					{ "time": 0, "name": "dj0_12_" },
					{ "time": 0.1, "name": null },
					{ "time": 0.7, "name": null }
				]
			},
			"dj0_13_": {
				"attachment": [
					{ "time": 0, "name": "dj0_13_" },
					{ "time": 0.1, "name": null },
					{ "time": 0.7, "name": null }
				]
			},
			"dj0_1_": {
				"attachment": [
					{ "time": 0, "name": "dj0_1_" },
					{ "time": 0.1, "name": null },
					{ "time": 0.7, "name": null }
				]
			},
			"dj0_3_": {
				"attachment": [
					{ "time": 0, "name": "dj0_3_" },
					{ "time": 0.1, "name": null },
					{ "time": 0.7, "name": null }
				]
			},
			"dj0_5_": {
				"attachment": [
					{ "time": 0, "name": "dj0_5_" },
					{ "time": 0.1, "name": null },
					{ "time": 0.7, "name": null }
				]
			},
			"dj0_6_": {
				"attachment": [
					{ "time": 0, "name": "dj0_6_" },
					{ "time": 0.1, "name": null },
					{ "time": 0.7, "name": null }
				]
			},
			"dj0_7_": {
				"attachment": [
					{ "time": 0, "name": "dj0_7_" },
					{ "time": 0.1, "name": null },
					{ "time": 0.7, "name": null }
				]
			},
			"dj0_8_": {
				"attachment": [
					{ "time": 0, "name": "dj0_8_" },
					{ "time": 0.1, "name": null },
					{ "time": 0.7, "name": null }
				]
			},
			"dj0_9_": {
				"attachment": [
					{ "time": 0, "name": "dj0_9_" },
					{ "time": 0.1, "name": null },
					{ "time": 0.7, "name": null }
				]
			},
			"dj1_10_": {
				"attachment": [
					{ "time": 0, "name": null },
					{ "time": 0.1, "name": "dj1_10_" },
					{ "time": 0.2, "name": null },
					{ "time": 0.7, "name": null }
				]
			},
			"dj1_11_": {
				"attachment": [
					{ "time": 0, "name": null },
					{ "time": 0.1, "name": "dj1_11_" },
					{ "time": 0.2, "name": null },
					{ "time": 0.7, "name": null }
				]
			},
			"dj1_12_": {
				"attachment": [
					{ "time": 0, "name": null },
					{ "time": 0.1, "name": "dj1_12_" },
					{ "time": 0.2, "name": null },
					{ "time": 0.7, "name": null }
				]
			},
			"dj1_13_": {
				"attachment": [
					{ "time": 0, "name": null },
					{ "time": 0.1, "name": "dj1_13_" },
					{ "time": 0.2, "name": null },
					{ "time": 0.7, "name": null }
				]
			},
			"dj1_14_": {
				"attachment": [
					{ "time": 0, "name": null },
					{ "time": 0.1, "name": "dj1_14_" },
					{ "time": 0.2, "name": null },
					{ "time": 0.7, "name": null }
				]
			},
			"dj1_15_": {
				"attachment": [
					{ "time": 0, "name": null },
					{ "time": 0.1, "name": "dj1_15_" },
					{ "time": 0.2, "name": null },
					{ "time": 0.7, "name": null }
				]
			},
			"dj1_1_": {
				"attachment": [
					{ "time": 0, "name": null },
					{ "time": 0.1, "name": "dj1_1_" },
					{ "time": 0.2, "name": null },
					{ "time": 0.7, "name": null }
				]
			},
			"dj1_2_": {
				"attachment": [
					{ "time": 0, "name": null },
					{ "time": 0.1, "name": "dj1_2_" },
					{ "time": 0.2, "name": null },
					{ "time": 0.7, "name": null }
				]
			},
			"dj1_3_": {
				"attachment": [
					{ "time": 0, "name": null },
					{ "time": 0.1, "name": "dj1_3_" },
					{ "time": 0.2, "name": null },
					{ "time": 0.7, "name": null }
				]
			},
			"dj1_4_": {
				"attachment": [
					{ "time": 0, "name": null },
					{ "time": 0.1, "name": "dj1_4_" },
					{ "time": 0.2, "name": null },
					{ "time": 0.7, "name": null }
				]
			},
			"dj1_5_": {
				"attachment": [
					{ "time": 0, "name": null },
					{ "time": 0.1, "name": "dj1_5_" },
					{ "time": 0.2, "name": null },
					{ "time": 0.7, "name": null }
				]
			},
			"dj1_6_": {
				"attachment": [
					{ "time": 0, "name": null },
					{ "time": 0.1, "name": "dj1_6_" },
					{ "time": 0.2, "name": null },
					{ "time": 0.7, "name": null }
				]
			},
			"dj1_7_": {
				"attachment": [
					{ "time": 0, "name": null },
					{ "time": 0.1, "name": "dj1_7_" },
					{ "time": 0.2, "name": null },
					{ "time": 0.7, "name": null }
				]
			},
			"dj1_8_": {
				"attachment": [
					{ "time": 0, "name": null },
					{ "time": 0.1, "name": "dj1_8_" },
					{ "time": 0.2, "name": null },
					{ "time": 0.7, "name": null }
				]
			},
			"dj1_9_": {
				"attachment": [
					{ "time": 0, "name": null },
					{ "time": 0.1, "name": "dj1_9_" },
					{ "time": 0.2, "name": null },
					{ "time": 0.7, "name": null }
				]
			},
			"dj2_10_": {
				"attachment": [
					{ "time": 0, "name": null },
					{ "time": 0.2, "name": "dj2_10_" },
					{ "time": 0.3, "name": null },
					{ "time": 0.7, "name": null }
				]
			},
			"dj2_11_": {
				"attachment": [
					{ "time": 0, "name": null },
					{ "time": 0.2, "name": "dj2_11_" },
					{ "time": 0.3, "name": null },
					{ "time": 0.7, "name": null }
				]
			},
			"dj2_12_": {
				"attachment": [
					{ "time": 0, "name": null },
					{ "time": 0.2, "name": "dj2_12_" },
					{ "time": 0.3, "name": null },
					{ "time": 0.7, "name": null }
				]
			},
			"dj2_13_": {
				"attachment": [
					{ "time": 0, "name": null },
					{ "time": 0.2, "name": "dj2_13_" },
					{ "time": 0.3, "name": null },
					{ "time": 0.7, "name": null }
				]
			},
			"dj2_14_": {
				"attachment": [
					{ "time": 0, "name": null },
					{ "time": 0.2, "name": "dj2_14_" },
					{ "time": 0.3, "name": null },
					{ "time": 0.7, "name": null }
				]
			},
			"dj2_1_": {
				"attachment": [
					{ "time": 0, "name": null },
					{ "time": 0.2, "name": "dj2_1_" },
					{ "time": 0.3, "name": null },
					{ "time": 0.7, "name": null }
				]
			},
			"dj2_2_": {
				"attachment": [
					{ "time": 0, "name": null },
					{ "time": 0.2, "name": "dj2_2_" },
					{ "time": 0.3, "name": null },
					{ "time": 0.7, "name": null }
				]
			},
			"dj2_3_": {
				"attachment": [
					{ "time": 0, "name": null },
					{ "time": 0.2, "name": "dj2_3_" },
					{ "time": 0.3, "name": null },
					{ "time": 0.7, "name": null }
				]
			},
			"dj2_4_": {
				"attachment": [
					{ "time": 0, "name": null },
					{ "time": 0.2, "name": "dj2_4_" },
					{ "time": 0.3, "name": null },
					{ "time": 0.7, "name": null }
				]
			},
			"dj2_5_": {
				"attachment": [
					{ "time": 0, "name": null },
					{ "time": 0.2, "name": "dj2_5_" },
					{ "time": 0.3, "name": null },
					{ "time": 0.7, "name": null }
				]
			},
			"dj2_6_": {
				"attachment": [
					{ "time": 0, "name": null },
					{ "time": 0.2, "name": "dj2_6_" },
					{ "time": 0.3, "name": null },
					{ "time": 0.7, "name": null }
				]
			},
			"dj2_7_": {
				"attachment": [
					{ "time": 0, "name": null },
					{ "time": 0.2, "name": "dj2_7_" },
					{ "time": 0.3, "name": null },
					{ "time": 0.7, "name": null }
				]
			},
			"dj2_8_": {
				"attachment": [
					{ "time": 0, "name": null },
					{ "time": 0.2, "name": "dj2_8_" },
					{ "time": 0.3, "name": null },
					{ "time": 0.7, "name": null }
				]
			},
			"dj3_1_": {
				"attachment": [
					{ "time": 0, "name": null },
					{ "time": 0.3, "name": "dj3_1_" },
					{ "time": 0.4, "name": null },
					{ "time": 0.7, "name": null }
				]
			},
			"dj3_2_": {
				"attachment": [
					{ "time": 0, "name": null },
					{ "time": 0.3, "name": "dj3_2_" },
					{ "time": 0.4, "name": null },
					{ "time": 0.7, "name": null }
				]
			},
			"dj3_3_": {
				"attachment": [
					{ "time": 0, "name": null },
					{ "time": 0.3, "name": "dj3_3_" },
					{ "time": 0.4, "name": null },
					{ "time": 0.7, "name": null }
				]
			},
			"dj3_4_": {
				"attachment": [
					{ "time": 0, "name": null },
					{ "time": 0.3, "name": "dj3_4_" },
					{ "time": 0.4, "name": null },
					{ "time": 0.7, "name": null }
				]
			},
			"dj3_5_": {
				"attachment": [
					{ "time": 0, "name": null },
					{ "time": 0.3, "name": "dj3_5_" },
					{ "time": 0.4, "name": null },
					{ "time": 0.7, "name": null }
				]
			},
			"dj3_6_": {
				"attachment": [
					{ "time": 0, "name": null },
					{ "time": 0.3, "name": "dj3_6_" },
					{ "time": 0.4, "name": null },
					{ "time": 0.7, "name": null }
				]
			},
			"dj3_7_": {
				"attachment": [
					{ "time": 0, "name": null },
					{ "time": 0.3, "name": "dj3_7_" },
					{ "time": 0.4, "name": null },
					{ "time": 0.7, "name": null }
				]
			},
			"dj3_8_": {
				"attachment": [
					{ "time": 0, "name": null },
					{ "time": 0.3, "name": "dj3_8_" },
					{ "time": 0.4, "name": null },
					{ "time": 0.7, "name": null }
				]
			},
			"dj3_9_": {
				"attachment": [
					{ "time": 0, "name": null },
					{ "time": 0.3, "name": "dj3_9_" },
					{ "time": 0.4, "name": null },
					{ "time": 0.7, "name": null }
				]
			},
			"dj4_10_": {
				"attachment": [
					{ "time": 0, "name": null },
					{ "time": 0.3, "name": null },
					{ "time": 0.4, "name": "dj4_10_" },
					{ "time": 0.5, "name": null },
					{ "time": 0.7, "name": null }
				]
			},
			"dj4_11_": {
				"attachment": [
					{ "time": 0, "name": null },
					{ "time": 0.4, "name": "dj4_11_" },
					{ "time": 0.5, "name": null },
					{ "time": 0.7, "name": null }
				]
			},
			"dj4_1_": {
				"attachment": [
					{ "time": 0, "name": null },
					{ "time": 0.4, "name": "dj4_1_" },
					{ "time": 0.5, "name": null },
					{ "time": 0.7, "name": null }
				]
			},
			"dj4_2_": {
				"attachment": [
					{ "time": 0, "name": null },
					{ "time": 0.4, "name": "dj4_2_" },
					{ "time": 0.5, "name": null },
					{ "time": 0.7, "name": null }
				]
			},
			"dj4_3_": {
				"attachment": [
					{ "time": 0, "name": null },
					{ "time": 0.4, "name": "dj4_3_" },
					{ "time": 0.5, "name": null },
					{ "time": 0.7, "name": null }
				]
			},
			"dj4_4_": {
				"attachment": [
					{ "time": 0, "name": null },
					{ "time": 0.4, "name": "dj4_4_" },
					{ "time": 0.5, "name": null },
					{ "time": 0.7, "name": null }
				]
			},
			"dj4_5_": {
				"attachment": [
					{ "time": 0, "name": null },
					{ "time": 0.4, "name": "dj4_5_" },
					{ "time": 0.5, "name": null },
					{ "time": 0.7, "name": null }
				]
			},
			"dj4_6_": {
				"attachment": [
					{ "time": 0, "name": null },
					{ "time": 0.4, "name": "dj4_6_" },
					{ "time": 0.5, "name": null },
					{ "time": 0.7, "name": null }
				]
			},
			"dj4_7_": {
				"attachment": [
					{ "time": 0, "name": null },
					{ "time": 0.4, "name": "dj4_7_" },
					{ "time": 0.5, "name": null },
					{ "time": 0.7, "name": null }
				]
			},
			"dj4_8_": {
				"attachment": [
					{ "time": 0, "name": null },
					{ "time": 0.4, "name": "dj4_8_" },
					{ "time": 0.5, "name": null },
					{ "time": 0.7, "name": null }
				]
			},
			"dj4_9_": {
				"attachment": [
					{ "time": 0, "name": null },
					{ "time": 0.4, "name": "dj4_9_" },
					{ "time": 0.5, "name": null },
					{ "time": 0.7, "name": null }
				]
			},
			"dj5_1_": {
				"attachment": [
					{ "time": 0, "name": null },
					{ "time": 0.5, "name": "dj5_1_" },
					{ "time": 0.6, "name": null },
					{ "time": 0.7, "name": null }
				]
			},
			"dj5_2_": {
				"attachment": [
					{ "time": 0, "name": null },
					{ "time": 0.5, "name": "dj5_2_" },
					{ "time": 0.6, "name": null },
					{ "time": 0.7, "name": null }
				]
			},
			"dj5_3_": {
				"attachment": [
					{ "time": 0, "name": null },
					{ "time": 0.5, "name": "dj5_3_" },
					{ "time": 0.6, "name": null },
					{ "time": 0.7, "name": null }
				]
			},
			"dj5_4_": {
				"attachment": [
					{ "time": 0, "name": null },
					{ "time": 0.5, "name": "dj5_4_" },
					{ "time": 0.6, "name": null },
					{ "time": 0.7, "name": null }
				]
			},
			"dj5_5_": {
				"attachment": [
					{ "time": 0, "name": null },
					{ "time": 0.5, "name": "dj5_5_" },
					{ "time": 0.6, "name": null },
					{ "time": 0.7, "name": null }
				]
			},
			"dj5_6_": {
				"attachment": [
					{ "time": 0, "name": null },
					{ "time": 0.5, "name": "dj5_6_" },
					{ "time": 0.6, "name": null },
					{ "time": 0.7, "name": null }
				]
			},
			"dj5_7_": {
				"attachment": [
					{ "time": 0, "name": null },
					{ "time": 0.5, "name": "dj5_7_" },
					{ "time": 0.6, "name": null },
					{ "time": 0.7, "name": null }
				]
			},
			"dj5_8_": {
				"attachment": [
					{ "time": 0, "name": null },
					{ "time": 0.5, "name": "dj5_8_" },
					{ "time": 0.6, "name": null },
					{ "time": 0.7, "name": null }
				]
			},
			"dj5_9_": {
				"attachment": [
					{ "time": 0, "name": null },
					{ "time": 0.5, "name": "dj5_9_" },
					{ "time": 0.6, "name": null },
					{ "time": 0.7, "name": null }
				]
			},
			"dj6_1_": {
				"attachment": [
					{ "time": 0, "name": null },
					{ "time": 0.6, "name": "dj6_1_" },
					{ "time": 0.7, "name": null }
				]
			},
			"dj6_2_": {
				"attachment": [
					{ "time": 0, "name": null },
					{ "time": 0.6, "name": "dj6_2_" },
					{ "time": 0.7, "name": null }
				]
			},
			"dj6_3_": {
				"attachment": [
					{ "time": 0, "name": null },
					{ "time": 0.6, "name": "dj6_3_" },
					{ "time": 0.7, "name": null }
				]
			},
			"dj6_4_": {
				"attachment": [
					{ "time": 0, "name": null },
					{ "time": 0.6, "name": "dj6_4_" },
					{ "time": 0.7, "name": null }
				]
			},
			"dj6_5_": {
				"attachment": [
					{ "time": 0, "name": null },
					{ "time": 0.6, "name": "dj6_5_" },
					{ "time": 0.7, "name": null }
				]
			},
			"dj6_6_": {
				"attachment": [
					{ "time": 0, "name": null },
					{ "time": 0.6, "name": "dj6_6_" },
					{ "time": 0.7, "name": null }
				]
			},
			"dj6_7_": {
				"attachment": [
					{ "time": 0, "name": null },
					{ "time": 0.6, "name": "dj6_7_" },
					{ "time": 0.7, "name": null }
				]
			},
			"dj6_8_": {
				"attachment": [
					{ "time": 0, "name": null },
					{ "time": 0.6, "name": "dj6_8_" },
					{ "time": 0.7, "name": null }
				]
			},
			"dj7_10_": {
				"attachment": [
					{ "time": 0, "name": null },
					{ "time": 0.7, "name": "dj7_10_" }
				]
			},
			"dj7_11_": {
				"attachment": [
					{ "time": 0, "name": null },
					{ "time": 0.7, "name": "dj7_11_" }
				]
			},
			"dj7_1_": {
				"attachment": [
					{ "time": 0, "name": null },
					{ "time": 0.7, "name": "dj7_1_" }
				]
			},
			"dj7_2_": {
				"attachment": [
					{ "time": 0, "name": null },
					{ "time": 0.7, "name": "dj7_2_" }
				]
			},
			"dj7_3_": {
				"attachment": [
					{ "time": 0, "name": null },
					{ "time": 0.7, "name": "dj7_3_" }
				]
			},
			"dj7_4_": {
				"attachment": [
					{ "time": 0, "name": null },
					{ "time": 0.7, "name": "dj7_4_" }
				]
			},
			"dj7_5_": {
				"attachment": [
					{ "time": 0, "name": null },
					{ "time": 0.7, "name": "dj7_5_" }
				]
			},
			"dj7_6_": {
				"attachment": [
					{ "time": 0, "name": null },
					{ "time": 0.7, "name": "dj7_6_" }
				]
			},
			"dj7_7_": {
				"attachment": [
					{ "time": 0, "name": null },
					{ "time": 0.7, "name": "dj7_7_" }
				]
			},
			"dj7_8_": {
				"attachment": [
					{ "time": 0, "name": null },
					{ "time": 0.7, "name": "dj7_8_" }
				]
			},
			"dj7_9_": {
				"attachment": [
					{ "time": 0, "name": null },
					{ "time": 0.7, "name": "dj7_9_" }
				]
			},
			"dji0_2_": {
				"attachment": [
					{ "time": 0, "name": "dji0_2_" },
					{ "time": 0.1, "name": null }
				]
			},
			"dji0_4_": {
				"attachment": [
					{ "time": 0, "name": "dji0_4_" },
					{ "time": 0.1, "name": null }
				]
			}
		}
	},
	"gj": {
		"slots": {
			"gj0_10_": {
				"attachment": [
					{ "time": 0, "name": "gj0_10_" },
					{ "time": 0.1333, "name": null },
					{ "time": 0.6666, "name": null }
				]
			},
			"gj0_11_": {
				"attachment": [
					{ "time": 0, "name": "gj0_11_" },
					{ "time": 0.1333, "name": null },
					{ "time": 0.6666, "name": null }
				]
			},
			"gj0_12_": {
				"attachment": [
					{ "time": 0, "name": "gj0_12_" },
					{ "time": 0.1333, "name": null },
					{ "time": 0.6666, "name": null }
				]
			},
			"gj0_13_": {
				"attachment": [
					{ "time": 0, "name": "gj0_13_" },
					{ "time": 0.1333, "name": null },
					{ "time": 0.6666, "name": null }
				]
			},
			"gj0_14_": {
				"attachment": [
					{ "time": 0, "name": "gj0_14_" },
					{ "time": 0.1333, "name": null },
					{ "time": 0.6666, "name": null }
				]
			},
			"gj0_1_": {
				"attachment": [
					{ "time": 0, "name": "gj0_1_" },
					{ "time": 0.1333, "name": null },
					{ "time": 0.6666, "name": null }
				]
			},
			"gj0_2_": {
				"attachment": [
					{ "time": 0, "name": "gj0_2_" },
					{ "time": 0.1333, "name": null },
					{ "time": 0.6666, "name": null }
				]
			},
			"gj0_3_": {
				"attachment": [
					{ "time": 0, "name": "gj0_3_" },
					{ "time": 0.1333, "name": null },
					{ "time": 0.6666, "name": null }
				]
			},
			"gj0_4_": {
				"attachment": [
					{ "time": 0, "name": "gj0_4_" },
					{ "time": 0.1333, "name": null },
					{ "time": 0.6666, "name": null }
				]
			},
			"gj0_5_": {
				"attachment": [
					{ "time": 0, "name": "gj0_5_" },
					{ "time": 0.1333, "name": null },
					{ "time": 0.6666, "name": null }
				]
			},
			"gj0_6_": {
				"attachment": [
					{ "time": 0, "name": "gj0_6_" },
					{ "time": 0.1333, "name": null },
					{ "time": 0.6666, "name": null }
				]
			},
			"gj0_7_": {
				"attachment": [
					{ "time": 0, "name": "gj0_7_" },
					{ "time": 0.1333, "name": null },
					{ "time": 0.6666, "name": null }
				]
			},
			"gj0_8_": {
				"attachment": [
					{ "time": 0, "name": "gj0_8_" },
					{ "time": 0.1333, "name": null },
					{ "time": 0.6666, "name": null }
				]
			},
			"gj0_9_": {
				"attachment": [
					{ "time": 0, "name": "gj0_9_" },
					{ "time": 0.1333, "name": null },
					{ "time": 0.6666, "name": null }
				]
			},
			"gj1_10_": {
				"attachment": [
					{ "time": 0, "name": null },
					{ "time": 0.1333, "name": "gj1_10_" },
					{ "time": 0.2666, "name": null },
					{ "time": 0.6666, "name": null }
				]
			},
			"gj1_11_": {
				"attachment": [
					{ "time": 0, "name": null },
					{ "time": 0.1333, "name": "gj1_11_" },
					{ "time": 0.2666, "name": null },
					{ "time": 0.6666, "name": null }
				]
			},
			"gj1_12_": {
				"attachment": [
					{ "time": 0, "name": null },
					{ "time": 0.1333, "name": "gj1_12_" },
					{ "time": 0.2666, "name": null },
					{ "time": 0.6666, "name": null }
				]
			},
			"gj1_13_": {
				"attachment": [
					{ "time": 0, "name": null },
					{ "time": 0.1333, "name": "gj1_13_" },
					{ "time": 0.2666, "name": null },
					{ "time": 0.6666, "name": null }
				]
			},
			"gj1_14_": {
				"attachment": [
					{ "time": 0, "name": null },
					{ "time": 0.1333, "name": "gj1_14_" },
					{ "time": 0.2666, "name": null },
					{ "time": 0.6666, "name": null }
				]
			},
			"gj1_1_": {
				"attachment": [
					{ "time": 0, "name": null },
					{ "time": 0.1333, "name": "gj1_1_" },
					{ "time": 0.2666, "name": null },
					{ "time": 0.6666, "name": null }
				]
			},
			"gj1_2_": {
				"attachment": [
					{ "time": 0, "name": null },
					{ "time": 0.1333, "name": "gj1_2_" },
					{ "time": 0.2666, "name": null },
					{ "time": 0.6666, "name": null }
				]
			},
			"gj1_3_": {
				"attachment": [
					{ "time": 0, "name": null },
					{ "time": 0.1333, "name": "gj1_3_" },
					{ "time": 0.2666, "name": null },
					{ "time": 0.6666, "name": null }
				]
			},
			"gj1_4_": {
				"attachment": [
					{ "time": 0, "name": null },
					{ "time": 0.1333, "name": "gj1_4_" },
					{ "time": 0.2666, "name": null },
					{ "time": 0.6666, "name": null }
				]
			},
			"gj1_5_": {
				"attachment": [
					{ "time": 0, "name": null },
					{ "time": 0.1333, "name": "gj1_5_" },
					{ "time": 0.2666, "name": null },
					{ "time": 0.6666, "name": null }
				]
			},
			"gj1_6_": {
				"attachment": [
					{ "time": 0, "name": null },
					{ "time": 0.1333, "name": "gj1_6_" },
					{ "time": 0.2666, "name": null },
					{ "time": 0.6666, "name": null }
				]
			},
			"gj1_7_": {
				"attachment": [
					{ "time": 0, "name": null },
					{ "time": 0.1333, "name": "gj1_7_" },
					{ "time": 0.2666, "name": null },
					{ "time": 0.6666, "name": null }
				]
			},
			"gj1_8_": {
				"attachment": [
					{ "time": 0, "name": null },
					{ "time": 0.1333, "name": "gj1_8_" },
					{ "time": 0.2666, "name": null },
					{ "time": 0.6666, "name": null }
				]
			},
			"gj1_9_": {
				"attachment": [
					{ "time": 0, "name": null },
					{ "time": 0.1333, "name": "gj1_9_" },
					{ "time": 0.2666, "name": null },
					{ "time": 0.6666, "name": null }
				]
			},
			"gj2_10_": {
				"attachment": [
					{ "time": 0, "name": null },
					{ "time": 0.2666, "name": "gj2_10_" },
					{ "time": 0.4, "name": null },
					{ "time": 0.6666, "name": null }
				]
			},
			"gj2_11_": {
				"attachment": [
					{ "time": 0, "name": null },
					{ "time": 0.2666, "name": "gj2_11_" },
					{ "time": 0.4, "name": null },
					{ "time": 0.6666, "name": null }
				]
			},
			"gj2_12_": {
				"attachment": [
					{ "time": 0, "name": null },
					{ "time": 0.2666, "name": "gj2_12_" },
					{ "time": 0.4, "name": null },
					{ "time": 0.6666, "name": null }
				]
			},
			"gj2_1_": {
				"attachment": [
					{ "time": 0, "name": null },
					{ "time": 0.2666, "name": "gj2_1_" },
					{ "time": 0.4, "name": null },
					{ "time": 0.6666, "name": null }
				]
			},
			"gj2_2_": {
				"attachment": [
					{ "time": 0, "name": null },
					{ "time": 0.2666, "name": "gj2_2_" },
					{ "time": 0.4, "name": null },
					{ "time": 0.6666, "name": null }
				]
			},
			"gj2_3_": {
				"attachment": [
					{ "time": 0, "name": null },
					{ "time": 0.2666, "name": "gj2_3_" },
					{ "time": 0.4, "name": null },
					{ "time": 0.6666, "name": null }
				]
			},
			"gj2_4_": {
				"attachment": [
					{ "time": 0, "name": null },
					{ "time": 0.2666, "name": "gj2_4_" },
					{ "time": 0.4, "name": null },
					{ "time": 0.6666, "name": null }
				]
			},
			"gj2_5_": {
				"attachment": [
					{ "time": 0, "name": null },
					{ "time": 0.2666, "name": "gj2_5_" },
					{ "time": 0.4, "name": null },
					{ "time": 0.6666, "name": null }
				]
			},
			"gj2_6_": {
				"attachment": [
					{ "time": 0, "name": null },
					{ "time": 0.2666, "name": "gj2_6_" },
					{ "time": 0.4, "name": null },
					{ "time": 0.6666, "name": null }
				]
			},
			"gj2_7_": {
				"attachment": [
					{ "time": 0, "name": null },
					{ "time": 0.2666, "name": "gj2_7_" },
					{ "time": 0.4, "name": null },
					{ "time": 0.6666, "name": null }
				]
			},
			"gj2_8_": {
				"attachment": [
					{ "time": 0, "name": null },
					{ "time": 0.2666, "name": "gj2_8_" },
					{ "time": 0.4, "name": null },
					{ "time": 0.6666, "name": null }
				]
			},
			"gj2_9_": {
				"attachment": [
					{ "time": 0, "name": null },
					{ "time": 0.2666, "name": "gj2_9_" },
					{ "time": 0.4, "name": null },
					{ "time": 0.6666, "name": null }
				]
			},
			"gj3_10_": {
				"attachment": [
					{ "time": 0, "name": null },
					{ "time": 0.4, "name": "gj3_10_" },
					{ "time": 0.5333, "name": null },
					{ "time": 0.6666, "name": null }
				]
			},
			"gj3_11_": {
				"attachment": [
					{ "time": 0, "name": null },
					{ "time": 0.4, "name": "gj3_11_" },
					{ "time": 0.5333, "name": null },
					{ "time": 0.6666, "name": null }
				]
			},
			"gj3_12_": {
				"attachment": [
					{ "time": 0, "name": null },
					{ "time": 0.4, "name": "gj3_12_" },
					{ "time": 0.5333, "name": null },
					{ "time": 0.6666, "name": null }
				]
			},
			"gj3_13_": {
				"attachment": [
					{ "time": 0, "name": null },
					{ "time": 0.4, "name": "gj3_13_" },
					{ "time": 0.5333, "name": null },
					{ "time": 0.6666, "name": null }
				]
			},
			"gj3_14_": {
				"attachment": [
					{ "time": 0, "name": null },
					{ "time": 0.4, "name": "gj3_14_" },
					{ "time": 0.5333, "name": null },
					{ "time": 0.6666, "name": null }
				]
			},
			"gj3_15_": {
				"attachment": [
					{ "time": 0, "name": null },
					{ "time": 0.4, "name": "gj3_15_" },
					{ "time": 0.5333, "name": null },
					{ "time": 0.6666, "name": null }
				]
			},
			"gj3_16_": {
				"attachment": [
					{ "time": 0, "name": null },
					{ "time": 0.4, "name": "gj3_16_" },
					{ "time": 0.5333, "name": null },
					{ "time": 0.6666, "name": null }
				]
			},
			"gj3_1_": {
				"attachment": [
					{ "time": 0, "name": null },
					{ "time": 0.4, "name": "gj3_1_" },
					{ "time": 0.5333, "name": null },
					{ "time": 0.6666, "name": null }
				]
			},
			"gj3_2_": {
				"attachment": [
					{ "time": 0, "name": null },
					{ "time": 0.4, "name": "gj3_2_" },
					{ "time": 0.5333, "name": null },
					{ "time": 0.6666, "name": null }
				]
			},
			"gj3_3_": {
				"attachment": [
					{ "time": 0, "name": null },
					{ "time": 0.4, "name": "gj3_3_" },
					{ "time": 0.5333, "name": null },
					{ "time": 0.6666, "name": null }
				]
			},
			"gj3_4_": {
				"attachment": [
					{ "time": 0, "name": null },
					{ "time": 0.4, "name": "gj3_4_" },
					{ "time": 0.5333, "name": null },
					{ "time": 0.6666, "name": null }
				]
			},
			"gj3_5_": {
				"attachment": [
					{ "time": 0, "name": null },
					{ "time": 0.4, "name": "gj3_5_" },
					{ "time": 0.5333, "name": null },
					{ "time": 0.6666, "name": null }
				]
			},
			"gj3_6_": {
				"attachment": [
					{ "time": 0, "name": null },
					{ "time": 0.4, "name": "gj3_6_" },
					{ "time": 0.5333, "name": null },
					{ "time": 0.6666, "name": null }
				]
			},
			"gj3_7_": {
				"attachment": [
					{ "time": 0, "name": null },
					{ "time": 0.4, "name": "gj3_7_" },
					{ "time": 0.5333, "name": null },
					{ "time": 0.6666, "name": null }
				]
			},
			"gj3_8_": {
				"attachment": [
					{ "time": 0, "name": null },
					{ "time": 0.4, "name": "gj3_8_" },
					{ "time": 0.5333, "name": null },
					{ "time": 0.6666, "name": null }
				]
			},
			"gj3_9_": {
				"attachment": [
					{ "time": 0, "name": null },
					{ "time": 0.4, "name": "gj3_9_" },
					{ "time": 0.5333, "name": null },
					{ "time": 0.6666, "name": null }
				]
			},
			"gj4_10_": {
				"attachment": [
					{ "time": 0, "name": null },
					{ "time": 0.5333, "name": "gj4_10_" },
					{ "time": 0.6666, "name": null }
				]
			},
			"gj4_11_": {
				"attachment": [
					{ "time": 0, "name": null },
					{ "time": 0.5333, "name": "gj4_11_" },
					{ "time": 0.6666, "name": null }
				]
			},
			"gj4_12_": {
				"attachment": [
					{ "time": 0, "name": null },
					{ "time": 0.5333, "name": "gj4_12_" },
					{ "time": 0.6666, "name": null }
				]
			},
			"gj4_13_": {
				"attachment": [
					{ "time": 0, "name": null },
					{ "time": 0.5333, "name": "gj4_13_" },
					{ "time": 0.6666, "name": null }
				]
			},
			"gj4_14_": {
				"attachment": [
					{ "time": 0, "name": null },
					{ "time": 0.5333, "name": "gj4_14_" },
					{ "time": 0.6666, "name": null }
				]
			},
			"gj4_15_": {
				"attachment": [
					{ "time": 0, "name": null },
					{ "time": 0.5333, "name": "gj4_15_" },
					{ "time": 0.6666, "name": null }
				]
			},
			"gj4_16_": {
				"attachment": [
					{ "time": 0, "name": null },
					{ "time": 0.5333, "name": "gj4_16_" },
					{ "time": 0.6666, "name": null }
				]
			},
			"gj4_17_": {
				"attachment": [
					{ "time": 0, "name": null },
					{ "time": 0.5333, "name": "gj4_17_" },
					{ "time": 0.6666, "name": null }
				]
			},
			"gj4_1_": {
				"attachment": [
					{ "time": 0, "name": null },
					{ "time": 0.5333, "name": "gj4_1_" },
					{ "time": 0.6666, "name": null }
				]
			},
			"gj4_2_": {
				"attachment": [
					{ "time": 0, "name": null },
					{ "time": 0.5333, "name": "gj4_2_" },
					{ "time": 0.6666, "name": null }
				]
			},
			"gj4_3_": {
				"attachment": [
					{ "time": 0, "name": null },
					{ "time": 0.5333, "name": "gj4_3_" },
					{ "time": 0.6666, "name": null }
				]
			},
			"gj4_4_": {
				"attachment": [
					{ "time": 0, "name": null },
					{ "time": 0.5333, "name": "gj4_4_" },
					{ "time": 0.6666, "name": null }
				]
			},
			"gj4_5_": {
				"attachment": [
					{ "time": 0, "name": null },
					{ "time": 0.5333, "name": "gj4_5_" },
					{ "time": 0.6666, "name": null }
				]
			},
			"gj4_6_": {
				"attachment": [
					{ "time": 0, "name": null },
					{ "time": 0.5333, "name": "gj4_6_" },
					{ "time": 0.6666, "name": null }
				]
			},
			"gj4_7_": {
				"attachment": [
					{ "time": 0, "name": null },
					{ "time": 0.5333, "name": "gj4_7_" },
					{ "time": 0.6666, "name": null }
				]
			},
			"gj4_8_": {
				"attachment": [
					{ "time": 0, "name": null },
					{ "time": 0.5333, "name": "gj4_8_" },
					{ "time": 0.6666, "name": null }
				]
			},
			"gj4_9_": {
				"attachment": [
					{ "time": 0, "name": null },
					{ "time": 0.5333, "name": "gj4_9_" },
					{ "time": 0.6666, "name": null }
				]
			},
			"gj5_10_": {
				"attachment": [
					{ "time": 0, "name": null },
					{ "time": 0.6666, "name": "gj5_10_" }
				]
			},
			"gj5_11_": {
				"attachment": [
					{ "time": 0, "name": null },
					{ "time": 0.6666, "name": "gj5_11_" }
				]
			},
			"gj5_12_": {
				"attachment": [
					{ "time": 0, "name": null },
					{ "time": 0.6666, "name": "gj5_12_" }
				]
			},
			"gj5_13_": {
				"attachment": [
					{ "time": 0, "name": null },
					{ "time": 0.6666, "name": "gj5_13_" }
				]
			},
			"gj5_1_": {
				"attachment": [
					{ "time": 0, "name": null },
					{ "time": 0.6666, "name": "gj5_1_" }
				]
			},
			"gj5_2_": {
				"attachment": [
					{ "time": 0, "name": null },
					{ "time": 0.6666, "name": "gj5_2_" }
				]
			},
			"gj5_3_": {
				"attachment": [
					{ "time": 0, "name": null },
					{ "time": 0.6666, "name": "gj5_3_" }
				]
			},
			"gj5_4_": {
				"attachment": [
					{ "time": 0, "name": null },
					{ "time": 0.6666, "name": "gj5_4_" }
				]
			},
			"gj5_5_": {
				"attachment": [
					{ "time": 0, "name": null },
					{ "time": 0.6666, "name": "gj5_5_" }
				]
			},
			"gj5_6_": {
				"attachment": [
					{ "time": 0, "name": null },
					{ "time": 0.6666, "name": "gj5_6_" }
				]
			},
			"gj5_7_": {
				"attachment": [
					{ "time": 0, "name": null },
					{ "time": 0.6666, "name": "gj5_7_" }
				]
			},
			"gj5_8_": {
				"attachment": [
					{ "time": 0, "name": null },
					{ "time": 0.6666, "name": "gj5_8_" }
				]
			},
			"gj5_9_": {
				"attachment": [
					{ "time": 0.6666, "name": "gj5_9_" }
				]
			}
		}
	},
	"sw": {
		"slots": {
			"sw0_1_": {
				"attachment": [
					{ "time": 0, "name": "sw0_1_" },
					{ "time": 0.1333, "name": null },
					{ "time": 0.5333, "name": null }
				]
			},
			"sw0_2_": {
				"attachment": [
					{ "time": 0, "name": "sw0_2_" },
					{ "time": 0.1333, "name": null },
					{ "time": 0.5333, "name": null }
				]
			},
			"sw0_3_": {
				"attachment": [
					{ "time": 0, "name": "sw0_3_" },
					{ "time": 0.1333, "name": null },
					{ "time": 0.5333, "name": null }
				]
			},
			"sw0_4_": {
				"attachment": [
					{ "time": 0, "name": "sw0_4_" },
					{ "time": 0.1333, "name": null },
					{ "time": 0.5333, "name": null }
				]
			},
			"sw0_5_": {
				"attachment": [
					{ "time": 0, "name": "sw0_5_" },
					{ "time": 0.1333, "name": null },
					{ "time": 0.5333, "name": null }
				]
			},
			"sw0_6_": {
				"attachment": [
					{ "time": 0, "name": "sw0_6_" },
					{ "time": 0.1333, "name": null },
					{ "time": 0.5333, "name": null }
				]
			},
			"sw0_7_": {
				"attachment": [
					{ "time": 0, "name": "sw0_7_" },
					{ "time": 0.1333, "name": null },
					{ "time": 0.5333, "name": null }
				]
			},
			"sw0_8_": {
				"attachment": [
					{ "time": 0, "name": "sw0_8_" },
					{ "time": 0.1333, "name": null },
					{ "time": 0.5333, "name": null }
				]
			},
			"sw1_10_": {
				"attachment": [
					{ "time": 0, "name": null },
					{ "time": 0.1333, "name": "sw1_10_" },
					{ "time": 0.2666, "name": null },
					{ "time": 0.5333, "name": null }
				]
			},
			"sw1_11_": {
				"attachment": [
					{ "time": 0, "name": null },
					{ "time": 0.1333, "name": "sw1_11_" },
					{ "time": 0.2666, "name": null },
					{ "time": 0.5333, "name": null }
				]
			},
			"sw1_12_": {
				"attachment": [
					{ "time": 0, "name": null },
					{ "time": 0.1333, "name": "sw1_12_" },
					{ "time": 0.2666, "name": null },
					{ "time": 0.5333, "name": null }
				]
			},
			"sw1_13_": {
				"attachment": [
					{ "time": 0, "name": null },
					{ "time": 0.1333, "name": "sw1_13_" },
					{ "time": 0.2666, "name": null },
					{ "time": 0.5333, "name": null }
				]
			},
			"sw1_14_": {
				"attachment": [
					{ "time": 0, "name": null },
					{ "time": 0.1333, "name": "sw1_14_" },
					{ "time": 0.2666, "name": null },
					{ "time": 0.5333, "name": null }
				]
			},
			"sw1_1_": {
				"attachment": [
					{ "time": 0, "name": null },
					{ "time": 0.1333, "name": "sw1_1_" },
					{ "time": 0.2666, "name": null },
					{ "time": 0.5333, "name": null }
				]
			},
			"sw1_2_": {
				"attachment": [
					{ "time": 0, "name": null },
					{ "time": 0.1333, "name": "sw1_2_" },
					{ "time": 0.2666, "name": null },
					{ "time": 0.5333, "name": null }
				]
			},
			"sw1_3_": {
				"attachment": [
					{ "time": 0, "name": null },
					{ "time": 0.1333, "name": "sw1_3_" },
					{ "time": 0.2666, "name": null },
					{ "time": 0.5333, "name": null }
				]
			},
			"sw1_4_": {
				"attachment": [
					{ "time": 0, "name": null },
					{ "time": 0.1333, "name": "sw1_4_" },
					{ "time": 0.2666, "name": null },
					{ "time": 0.5333, "name": null }
				]
			},
			"sw1_5_": {
				"attachment": [
					{ "time": 0, "name": null },
					{ "time": 0.1333, "name": "sw1_5_" },
					{ "time": 0.2666, "name": null },
					{ "time": 0.5333, "name": null }
				]
			},
			"sw1_6_": {
				"attachment": [
					{ "time": 0, "name": null },
					{ "time": 0.1333, "name": "sw1_6_" },
					{ "time": 0.2666, "name": null },
					{ "time": 0.5333, "name": null }
				]
			},
			"sw1_7_": {
				"attachment": [
					{ "time": 0, "name": null },
					{ "time": 0.1333, "name": "sw1_7_" },
					{ "time": 0.2666, "name": null },
					{ "time": 0.5333, "name": null }
				]
			},
			"sw1_8_": {
				"attachment": [
					{ "time": 0, "name": null },
					{ "time": 0.1333, "name": "sw1_8_" },
					{ "time": 0.2666, "name": null },
					{ "time": 0.5333, "name": null }
				]
			},
			"sw1_9_": {
				"attachment": [
					{ "time": 0, "name": null },
					{ "time": 0.1333, "name": "sw1_9_" },
					{ "time": 0.2666, "name": null },
					{ "time": 0.5333, "name": null }
				]
			},
			"sw2_1_": {
				"attachment": [
					{ "time": 0, "name": null },
					{ "time": 0.2666, "name": "sw2_1_" },
					{ "time": 0.4, "name": null },
					{ "time": 0.5333, "name": null }
				]
			},
			"sw2_2_": {
				"attachment": [
					{ "time": 0, "name": null },
					{ "time": 0.2666, "name": "sw2_2_" },
					{ "time": 0.4, "name": null },
					{ "time": 0.5333, "name": null }
				]
			},
			"sw2_3_": {
				"attachment": [
					{ "time": 0, "name": null },
					{ "time": 0.2666, "name": "sw2_3_" },
					{ "time": 0.4, "name": null },
					{ "time": 0.5333, "name": null }
				]
			},
			"sw2_4_": {
				"attachment": [
					{ "time": 0, "name": null },
					{ "time": 0.2666, "name": "sw2_4_" },
					{ "time": 0.4, "name": null },
					{ "time": 0.5333, "name": null }
				]
			},
			"sw2_5_": {
				"attachment": [
					{ "time": 0, "name": null },
					{ "time": 0.2666, "name": "sw2_5_" },
					{ "time": 0.4, "name": null },
					{ "time": 0.5333, "name": null }
				]
			},
			"sw3_1_": {
				"attachment": [
					{ "time": 0, "name": null },
					{ "time": 0.4, "name": "sw3_1_" },
					{ "time": 0.5333, "name": null }
				]
			},
			"sw3_2_": {
				"attachment": [
					{ "time": 0, "name": null },
					{ "time": 0.4, "name": "sw3_2_" },
					{ "time": 0.5333, "name": null }
				]
			},
			"sw3_3_": {
				"attachment": [
					{ "time": 0, "name": null },
					{ "time": 0.4, "name": "sw3_3_" },
					{ "time": 0.5333, "name": null }
				]
			},
			"sw3_4_": {
				"attachment": [
					{ "time": 0, "name": null },
					{ "time": 0.4, "name": "sw3_4_" },
					{ "time": 0.5333, "name": null }
				]
			},
			"sw3_5_": {
				"attachment": [
					{ "time": 0, "name": null },
					{ "time": 0.4, "name": "sw3_5_" },
					{ "time": 0.5333, "name": null }
				]
			},
			"sw4_1_": {
				"attachment": [
					{ "time": 0, "name": null },
					{ "time": 0.4, "name": null },
					{ "time": 0.5333, "name": "sw4_1_" }
				]
			},
			"sw4_2_": {
				"attachment": [
					{ "time": 0, "name": null },
					{ "time": 0.5333, "name": "sw4_2_" }
				]
			},
			"sw4_3_": {
				"attachment": [
					{ "time": 0, "name": null },
					{ "time": 0.5333, "name": "sw4_3_" }
				]
			},
			"sw4_4_": {
				"attachment": [
					{ "time": 0, "name": null },
					{ "time": 0.5333, "name": "sw4_4_" }
				]
			},
			"sw4_5_": {
				"attachment": [
					{ "time": 0, "name": null },
					{ "time": 0.5333, "name": "sw4_5_" }
				]
			}
		}
	}
}
}